ID,Food,Delivery fee,Tip,Commission,Inflation,Tax,Discount,Refund,Card cost
1,7393,500,551,680,1097,736,0,0,286
2,725,500,115,0,111,73,500,0,56
3,1827,500,199,264,209,183,0,0,104
4,4682,500,565,0,949,499,0,0,189
5,4249,500,498,719,215,390,0,0,179
6,2668,500,269,502,0,233,500,0,101
7,2080,500,146,342,0,183,500,0,81
8,4500,500,208,0,898,479,0,0,182
9,4864,500,550,843,288,463,0,0,194
10,16672,900,2038,1612,2429,1656,0,0,620
11,8063,500,946,0,1117,800,0,3354,229
12,4070,500,624,0,0,367,0,0,158
13,1322,500,199,0,157,131,0,0,88
14,6681,500,965,1325,0,601,0,0,218
15,3948,500,602,0,604,405,0,0,184
16,2623,500,247,0,231,254,0,0,116
17,2021,500,0,157,212,201,500,0,78
18,4240,500,549,827,0,371,0,0,145
19,2297,500,320,0,389,234,0,0,120
20,8982,500,912,1809,0,808,500,0,282
21,2762,500,313,539,0,241,500,0,104
22,3610,500,200,472,340,357,0,0,143
23,1585,500,156,0,259,172,0,0,92
24,3463,500,195,0,502,365,500,1181,105
25,2137,0,344,246,201,210,0,0,87
26,10646,900,1290,1953,903,1004,0,0,404
27,7050,500,443,1042,0,617,0,0,246
28,2082,500,148,0,390,216,0,0,110
29,3623,500,304,0,688,388,0,0,151
30,3161,500,278,0,399,319,0,0,130
31,2089,500,443,362,113,193,0,0,109
32,3737,500,250,382,412,364,0,0,154
33,2399,500,226,0,341,245,0,0,115
34,3730,500,519,513,0,326,0,0,142
35,1942,500,144,193,225,197,0,0,102
36,8146,500,1471,0,1539,836,0,0,322
37,1001,500,92,139,0,87,0,0,77
38,2328,500,152,470,0,204,500,0,94
39,2252,500,0,240,63,205,0,0,94
40,1138,500,104,233,0,99,0,0,80
41,4374,500,412,0,633,442,0,0,175
42,3188,500,337,0,0,279,0,0,140
43,4471,500,557,482,490,435,0,0,178
44,6159,500,1123,0,1035,626,0,0,261
45,2471,500,294,236,375,247,0,0,130
46,1645,500,141,0,277,166,0,0,98
47,1430,500,110,133,113,137,0,0,86
48,1104,500,189,0,185,113,0,0,85
49,5019,500,339,0,678,499,500,0,187
50,4799,500,511,391,777,493,0,0,186
51,6113,500,656,907,0,535,0,0,214
52,2393,500,224,122,325,239,0,0,119
53,2207,500,253,0,181,216,584,0,83
54,5695,500,685,1384,0,498,0,0,223
55,1521,500,243,142,87,144,0,0,86
56,2938,500,350,356,269,279,0,0,146
57,2221,500,177,289,0,194,443,0,82
58,4165,500,264,812,0,365,0,0,165
59,3932,500,443,745,0,344,0,0,158
60,1490,500,298,206,58,142,0,0,83
61,2882,500,181,361,116,265,0,0,117
62,2302,500,91,0,224,227,0,0,107
63,12197,900,742,2056,652,1122,0,0,434
64,2530,500,403,505,0,222,500,0,94
65,2253,500,404,286,375,227,0,0,125
66,14697,900,1322,0,2518,1488,0,0,559
67,4359,500,428,659,273,407,500,0,149
68,2949,500,0,0,504,301,0,0,146
69,3861,500,360,358,339,373,0,0,148
70,4428,500,298,0,620,441,0,900,167
71,2440,500,178,359,114,231,0,0,113
72,7113,500,874,0,1287,749,0,0,292
73,4522,500,447,0,626,453,0,0,181
74,2800,500,297,0,397,281,4275,0,42
75,1151,500,90,142,23,104,0,0,74
76,2756,500,270,502,0,241,0,0,123
77,4830,500,510,0,715,492,0,0,188
78,15191,900,2650,2888,1277,1433,500,0,550
79,6338,500,445,580,793,620,0,8695,40
80,7278,500,465,771,692,698,0,0,257
81,2892,500,311,563,0,253,0,0,124
82,3905,500,400,794,0,352,0,0,157
83,4240,500,427,0,694,438,0,0,174
84,2648,500,330,327,337,266,0,0,134
85,2573,500,324,0,530,267,0,0,139
86,8223,500,549,1636,0,720,0,0,272
87,8548,500,554,1371,429,786,500,0,269
88,1302,500,0,0,178,133,500,0,69
89,11067,900,1210,1908,653,1025,14856,0,60
90,3076,500,190,409,317,303,4387,0,40
91,2024,500,553,254,166,192,0,0,105
92,2568,500,324,0,421,258,0,0,137
93,8069,500,857,1232,0,706,0,0,281
94,3456,500,337,0,550,361,0,0,142
95,2585,500,452,323,215,251,500,0,117
96,3037,500,162,0,397,311,0,0,126
97,3266,500,0,222,334,321,0,0,133
98,12442,900,1533,0,2486,1299,0,0,483
99,2945,500,299,0,525,307,0,0,137
100,3188,500,412,0,566,334,0,0,140
101,2315,500,98,0,231,230,0,0,104
102,2523,500,152,0,290,255,0,0,111
103,9064,900,1108,0,1550,922,0,0,366
104,9186,500,1357,0,0,827,0,0,306
105,7059,500,717,0,1280,727,500,0,264
106,3069,500,416,0,273,299,0,0,125
107,3811,500,383,569,161,349,0,0,154
108,3073,500,0,0,355,303,0,0,131
109,3881,500,360,0,333,375,500,0,132
110,9457,500,1581,884,1069,921,0,0,348
111,2193,500,170,303,0,192,500,0,76
112,1809,500,81,0,341,195,0,0,98
113,1970,500,66,0,181,205,0,0,89
114,4137,500,380,748,0,361,0,0,151
115,7010,500,746,1183,335,643,0,0,252
116,7352,500,754,1498,0,662,0,0,254
117,5406,500,0,0,625,526,0,0,208
118,1928,500,229,0,292,200,0,0,103
119,2842,500,541,0,374,279,0,0,146
120,3794,500,194,0,508,392,500,0,149
121,8299,500,947,1498,426,761,0,0,304
122,5041,500,559,869,376,473,0,658,185
123,3216,500,197,289,402,315,0,0,149
124,4916,500,309,876,0,430,0,0,169
125,1923,500,369,236,232,188,0,0,108
126,1252,500,109,82,150,128,0,0,80
127,31643,900,3394,5728,1985,2931,0,0,1062
128,5385,500,1080,655,608,524,0,0,220
129,2173,500,221,243,221,210,0,0,113
130,3396,500,350,410,302,326,500,0,126
131,2809,500,165,0,293,279,0,0,117
132,1236,500,143,225,198,124,0,0,90
133,3616,500,605,422,438,354,500,0,134
134,5550,500,578,462,704,551,0,0,205
135,996,500,54,0,110,96,0,0,81
136,5426,500,642,630,579,524,500,0,202
137,6356,500,748,0,988,641,0,0,252
138,4993,500,559,429,562,488,0,0,201
139,2598,500,227,168,341,262,0,0,117
140,3132,500,196,498,0,274,0,0,116
141,2446,500,270,0,298,239,0,0,132
142,4377,500,431,379,516,429,0,0,180
143,3636,500,215,0,339,354,0,0,149
144,6632,500,890,0,790,652,0,0,237
145,4547,500,497,0,498,441,500,0,158
146,1382,500,111,238,0,124,0,0,83
147,5432,500,575,953,873,547,0,0,244
148,1305,500,95,196,0,118,0,0,79
149,3069,500,298,0,287,297,0,0,132
150,1868,500,95,229,112,174,0,0,97
151,2460,500,480,250,215,245,0,0,120
152,6035,500,1005,0,878,625,0,0,240
153,1171,500,123,0,139,118,0,0,84
154,1674,500,88,261,122,157,0,0,95
155,3207,500,275,426,135,296,0,0,121
156,5112,500,1138,340,693,503,0,0,203
157,2362,500,230,454,0,206,0,0,111
158,10831,1000,0,0,0,0,0,0,0
159,998,500,93,0,189,103,0,0,81
160,4233,500,391,650,0,370,0,0,169
161,1429,500,105,150,136,139,0,0,86
162,4626,500,515,0,562,455,0,0,175
163,4921,500,538,0,1259,532,0,0,230
164,2492,500,126,112,225,241,500,0,104
165,6559,500,667,1325,0,573,0,0,222
166,4179,500,620,0,565,435,0,0,173
167,2508,500,150,226,226,243,0,0,113
168,1415,500,222,261,0,124,0,0,84
169,5169,500,367,735,614,504,553,1625,161
170,6453,500,698,1089,437,602,0,0,239
171,6899,500,1599,1338,504,646,0,0,259
172,4132,500,412,513,224,385,0,0,157
173,1261,500,146,228,55,114,0,0,86
174,5019,500,333,661,316,468,0,0,190
175,2302,500,177,443,0,201,0,0,110
176,4407,500,295,0,679,450,561,0,163
177,2774,500,0,446,192,258,0,0,138
178,6318,500,1007,700,817,645,0,0,230
179,2501,500,134,0,231,247,0,0,105
180,2488,500,298,0,348,247,0,0,136
181,6951,500,870,659,966,689,0,0,470
182,3468,500,517,207,487,345,0,0,156
183,2415,500,222,364,105,221,0,0,109
184,3768,500,379,627,276,353,0,0,168
185,5720,500,966,518,623,557,0,0,215
186,2495,500,294,0,443,255,500,0,121
187,4741,500,750,0,685,480,0,0,187
188,2011,500,257,242,214,194,0,0,107
189,1934,500,551,255,165,184,0,0,107
190,23468,900,3732,5191,0,2053,500,18569,328
191,5560,500,367,460,724,552,0,0,218
192,6268,500,749,1267,0,548,0,0,222
193,3148,500,0,398,0,276,0,0,131
194,3053,500,299,0,304,298,0,0,130
195,13371,900,1355,2688,0,1170,0,0,432
196,27338,900,3458,0,5301,2824,0,0,1008
197,2494,500,191,0,458,259,0,0,127
198,5573,500,311,574,538,536,0,0,205
199,2941,500,318,303,273,283,0,0,128
200,1816,500,165,0,222,183,0,0,96
201,1639,500,399,0,228,164,0,0,98
202,1418,500,332,93,210,142,0,0,96
203,2086,500,306,335,100,192,500,0,99
204,1549,500,0,275,0,135,0,0,89
205,2938,500,268,244,223,283,0,0,119
206,8184,500,500,1184,0,716,0,0,274
207,4393,500,255,647,0,384,0,0,156
208,1629,500,73,136,113,154,500,0,70
209,7635,500,974,0,825,740,900,0,240
210,2517,500,163,0,215,250,0,0,112
211,1123,500,196,0,161,112,0,0,85
212,3729,500,0,232,615,379,0,0,160
213,1100,500,293,273,0,96,0,0,84
214,5462,500,341,951,405,510,0,0,222
215,4814,500,899,874,386,454,1102,1798,171
216,2343,500,217,264,292,238,500,0,93
217,3885,500,692,583,607,390,0,0,188
218,6872,500,1128,0,1349,721,0,0,270
219,5118,500,1140,0,815,514,0,474,223
220,2370,500,406,311,0,208,500,0,84
221,3811,500,257,0,564,394,500,0,142
222,67075,6700,1456,0,0,5785,0,0,0
223,2677,500,254,0,0,234,0,0,120
224,2435,500,147,367,285,235,0,0,124
225,5652,500,1178,765,564,548,0,0,208
226,1052,500,111,223,0,92,500,0,62
227,5577,500,569,0,0,488,0,0,202
228,15865,900,1917,0,2391,1585,0,0,586
229,3425,500,777,0,605,351,0,0,170
230,1545,500,308,0,224,159,0,0,92
231,2994,500,536,0,336,290,0,0,149
232,5506,500,533,1053,0,481,500,0,166
233,1647,500,105,0,135,171,0,0,83
234,1728,500,110,258,0,152,0,0,86
235,3408,500,391,0,524,350,0,0,172
236,5807,500,299,754,507,551,500,1617,187
237,2362,500,0,288,0,207,0,0,93
238,1630,500,115,0,172,162,0,0,93
239,1769,500,306,0,438,190,0,0,115
240,5444,500,917,584,764,549,0,0,212
241,19034,900,2301,1614,2430,1862,0,0,692
242,2919,500,195,0,351,290,0,0,127
243,2324,500,108,0,400,245,0,0,117
244,1546,500,172,197,184,152,0,0,94
245,6104,500,349,966,292,560,500,0,200
246,3887,500,286,452,445,377,0,0,170
247,2486,500,107,303,171,237,0,0,113
248,1888,500,235,266,115,177,0,0,94
249,3817,500,229,0,593,395,0,0,156
250,5035,500,327,0,916,515,0,0,232
251,2876,500,189,274,286,279,0,0,125
252,3708,500,736,695,0,334,0,0,134
253,3499,500,239,731,0,306,0,0,148
254,11296,900,758,0,695,1045,0,0,428
255,5249,500,534,766,380,492,0,0,217
256,2497,500,298,440,365,249,552,0,220
257,3925,500,554,0,556,393,0,0,167
258,1957,500,239,0,268,208,0,0,94
259,3264,500,0,0,345,321,0,0,128
260,2339,500,126,253,254,227,0,0,127
261,4002,500,746,635,376,393,0,0,171
262,7793,500,475,870,809,749,0,0,294
263,2586,500,416,645,0,226,0,0,123
264,2372,500,256,0,336,239,500,0,103
265,2068,500,336,220,224,202,0,0,105
266,2233,500,167,322,0,196,0,0,91
267,1069,500,95,188,108,102,0,0,81
268,8500,500,1279,1767,0,760,0,0,291
269,5070,500,517,937,0,444,0,0,177
270,3360,500,380,706,0,294,0,0,145
271,3432,500,372,486,0,301,0,0,139
272,1892,500,216,122,204,191,500,0,77
273,1896,500,180,204,136,181,500,0,79
274,2212,500,112,307,171,208,500,0,96
275,2418,500,261,314,168,228,0,0,113
276,7776,500,842,1279,726,742,0,0,278
277,1847,500,149,212,131,179,0,0,89
278,5699,500,1254,1067,449,537,500,0,204
279,5741,500,351,621,602,554,500,0,216
280,6255,500,1566,851,736,607,0,0,262
281,3243,500,451,539,375,317,500,0,131
282,2382,500,550,526,0,214,0,0,118
283,2702,500,257,266,258,261,0,0,122
284,2342,500,354,0,423,245,0,0,122
285,2650,500,334,0,293,264,0,0,119
286,3380,500,774,0,481,336,500,0,143
287,1108,500,0,67,80,107,500,0,59
288,4145,500,682,344,768,429,0,0,194
289,3733,500,322,351,396,378,500,0,129
290,2505,500,145,283,0,219,0,0,103
291,1628,500,197,261,185,162,0,0,101
292,7748,500,937,0,1329,810,0,0,325
293,3808,500,369,553,332,366,0,0,149
294,2335,0,477,0,270,231,0,0,98
295,1717,500,162,238,0,151,500,0,75
296,3915,500,492,480,0,342,0,0,145
297,1347,500,326,0,167,132,0,0,89
298,3892,500,488,847,0,341,0,0,161
299,2581,500,182,250,224,247,0,0,116
300,4253,500,453,754,274,394,0,0,184
301,1894,500,164,287,0,166,0,0,90
302,7542,500,903,0,1393,777,0,0,301
303,8733,500,1132,1474,430,801,0,0,289
304,2444,500,146,252,114,228,0,0,102
305,1738,500,129,0,222,172,500,0,97
306,2166,500,165,0,232,220,0,0,96
307,5334,500,491,0,747,538,0,0,210
308,5950,500,333,817,732,585,0,0,231
309,2413,500,290,428,303,237,0,0,122
310,3709,500,650,852,0,325,0,0,153
311,2930,500,688,228,367,297,0,0,120
312,5455,500,570,879,395,513,0,0,204
313,5268,500,630,0,698,517,0,0,219
314,2309,500,485,0,516,251,500,0,108
315,1931,500,115,0,182,192,0,0,95
316,2311,500,0,0,293,239,0,0,102
317,3936,500,781,374,517,390,0,0,174
318,3110,500,317,526,0,272,500,0,103
319,2327,500,115,172,242,228,0,0,111
320,4751,500,521,0,573,468,0,0,190
321,4860,500,299,723,345,457,0,0,181
322,5189,500,365,0,870,528,0,0,218
323,5059,500,0,0,1211,541,0,0,229
324,5255,0,853,0,895,555,0,0,194
325,5591,500,532,583,444,530,0,0,205
326,17578,900,1045,2621,1860,1689,0,0,609
327,4549,500,670,380,482,444,0,0,165
328,2800,500,322,392,0,245,0,0,118
329,3433,500,0,364,0,300,0,0,123
330,8296,500,569,0,1464,853,0,0,307
331,2576,500,514,421,228,247,0,0,124
332,7339,500,848,654,1146,743,0,0,289
333,6452,500,1105,1166,0,581,0,0,232
334,7790,500,868,1335,683,740,0,0,285
335,2205,500,250,451,0,193,0,0,108
336,5372,500,783,778,0,470,0,0,197
337,6469,500,698,568,794,636,0,0,245
338,2604,500,574,533,0,227,0,0,113
339,3358,500,492,0,446,343,0,0,154
340,4815,500,590,0,897,495,0,0,207
341,2243,500,91,228,0,196,0,0,97
342,2400,500,238,359,223,232,0,0,114
343,1948,500,156,0,233,203,0,0,95
344,3025,500,208,222,350,296,0,0,142
345,3677,500,223,415,0,322,500,0,115
346,1229,500,70,200,0,108,500,0,70
347,4970,500,288,683,375,468,0,0,189
348,1510,500,125,189,91,142,0,0,83
349,4730,500,842,0,539,466,0,0,184
350,1313,500,64,0,219,135,0,0,88
351,6510,500,1077,1082,382,605,500,0,212
352,1857,500,168,0,287,190,0,0,105
353,3256,500,331,0,0,284,0,0,119
354,2879,500,286,0,303,282,0,0,130
355,7758,500,447,0,875,751,0,0,297
356,6766,500,744,1101,828,666,500,0,236
357,3935,500,333,653,0,344,0,0,142
358,4027,500,245,486,351,398,0,0,151
359,2005,500,464,449,0,176,500,0,88
360,3180,500,0,581,0,278,500,0,118
361,7291,500,452,1174,333,667,0,0,251
362,3344,500,596,0,0,301,0,0,122
363,1141,500,107,169,0,100,0,0,84
364,2544,500,1117,277,318,252,0,0,125
365,2313,500,320,0,384,236,500,0,110
366,2739,500,276,0,383,273,0,0,130
367,2639,500,116,0,357,281,0,3893,40
368,3622,500,442,0,687,374,0,0,176
369,4776,500,747,602,499,466,0,0,180
370,5540,500,363,0,908,568,0,0,231
371,23103,900,2898,1418,3886,2332,0,0,854
372,5549,500,679,0,736,544,0,0,233
373,2948,500,328,320,339,289,500,0,128
374,2751,500,387,0,289,283,500,0,98
375,4722,500,787,536,444,453,0,0,185
376,4182,500,339,0,613,437,0,0,173
377,4354,500,291,429,441,423,0,0,175
378,9523,500,550,0,0,833,0,0,298
379,2141,500,124,223,222,207,0,0,114
380,5552,500,620,0,1000,571,0,0,231
381,4106,500,694,629,443,398,0,0,173
382,23162,900,2651,3294,1876,2181,0,0,787
383,2663,500,250,435,0,233,0,0,108
384,7365,500,487,1079,0,644,0,1067,235
385,1580,500,164,146,171,152,0,0,94
386,3528,500,311,507,184,327,0,0,139
387,2003,500,142,303,113,186,0,0,104
388,3190,500,438,597,0,279,0,0,130
389,3859,500,405,0,561,392,0,0,159
390,32282,900,3771,5793,3129,3081,0,0,1092
391,9215,500,1485,2071,0,830,0,0,322
392,3149,500,298,526,0,283,500,0,106
393,1747,500,174,130,176,171,500,0,77
394,1105,500,236,0,192,115,0,0,83
395,4806,500,530,0,700,486,0,3765,111
396,5549,500,221,0,728,547,0,0,227
397,2412,500,229,0,337,249,0,0,122
398,3404,500,343,0,455,354,500,0,124
399,1561,500,116,168,59,144,0,0,86
400,4467,500,495,0,730,455,0,0,192
401,3536,500,700,394,391,346,0,0,156
402,2661,500,407,367,161,248,0,0,122
403,10009,900,1057,1654,613,928,0,1319,307
404,2713,500,306,485,275,260,0,0,134
405,3515,500,318,348,325,339,0,0,149
406,5956,500,906,0,844,599,0,0,227
407,1706,500,293,0,350,190,0,0,101
408,2689,500,273,543,0,235,0,0,126
409,8741,500,509,977,858,836,500,0,308
410,2621,500,216,0,143,245,500,0,91
411,2865,500,0,246,402,284,0,0,147
412,9038,500,1042,0,1319,905,0,0,333
413,3724,500,476,538,0,325,0,0,133
414,7699,500,873,1378,479,713,500,0,270
415,3327,500,602,0,341,327,0,0,131
416,3349,500,343,482,418,335,0,0,140
417,3628,500,338,0,402,359,0,0,143
418,13375,900,3177,1764,1646,1306,0,0,533
419,3934,500,389,0,605,404,0,0,162
420,5674,500,389,0,659,554,0,0,222
421,6830,500,482,0,965,677,0,0,265
422,2513,500,321,317,206,239,0,0,115
423,4607,500,492,734,183,432,0,0,174
424,4446,500,0,694,236,409,0,0,180
425,3191,500,314,0,345,314,0,0,135
426,2719,500,128,226,228,263,0,0,115
427,2945,500,346,632,0,257,500,0,115
428,1803,500,328,284,0,158,0,0,96
429,11997,900,677,1299,1125,1144,0,15442,40
430,8020,500,834,1312,409,739,0,0,276
431,1550,500,124,224,0,135,0,0,88
432,6299,500,682,721,601,602,500,0,219
433,4784,500,600,463,672,473,500,0,198
434,3872,500,216,531,229,362,0,0,143
435,2462,500,413,169,214,241,500,0,95
436,3716,500,420,0,668,380,500,0,170
437,4348,500,901,750,524,429,0,0,181
438,5999,500,369,766,0,525,0,0,216
439,4597,500,545,0,822,468,0,0,207
440,1564,500,114,174,114,149,0,0,83
441,14454,900,1679,2063,1389,1379,0,0,522
442,1144,500,228,87,102,111,0,0,80
443,1805,500,117,138,145,176,0,0,89
444,1433,500,117,186,123,137,0,0,87
445,3378,500,466,0,345,332,0,0,139
446,3184,500,465,0,492,327,0,0,137
447,4889,500,894,0,697,499,0,0,216
448,2700,500,149,228,395,271,0,0,129
449,1462,500,97,0,116,142,500,0,68
450,1676,500,161,0,223,167,0,0,103
451,5632,500,1138,644,698,557,0,0,213
452,2793,500,231,251,221,268,500,0,105
453,1467,500,450,240,73,137,500,435,66
454,3203,500,187,536,0,280,500,0,108
455,2507,500,195,0,377,251,0,0,127
456,3244,500,460,480,162,300,0,0,130
457,1823,500,119,171,61,168,0,0,82
458,13851,900,552,0,1672,1369,0,3675,398
459,1643,500,173,264,303,171,0,0,99
460,2055,500,193,168,229,201,0,0,107
461,7169,500,777,805,729,690,500,0,251
462,2194,500,452,0,358,230,0,0,115
463,3646,500,213,0,508,379,1599,0,113
464,2865,500,444,357,375,289,0,0,145
465,11157,900,679,1555,0,976,0,0,360
466,8400,500,930,1207,0,734,0,0,276
467,24033,900,2948,0,3225,2362,0,0,868
468,1387,500,112,0,169,137,0,0,84
469,1028,500,53,205,0,90,0,0,74
470,2056,500,89,183,221,203,0,0,105
471,2157,500,123,397,0,188,0,0,107
472,6088,500,580,0,714,598,0,0,229
473,7467,500,447,0,1675,816,0,0,297
474,1529,500,77,262,0,133,0,0,93
475,3262,500,323,0,0,286,500,0,138
476,6629,500,707,1409,0,580,0,0,241
477,5671,500,364,0,859,577,0,0,212
478,2010,500,409,0,280,205,0,0,80
479,2861,500,295,0,0,257,0,0,121
480,1934,500,307,0,278,193,0,0,114
481,10294,900,1231,0,1792,1049,0,0,425
482,1538,500,129,210,170,152,0,0,90
483,7053,0,838,0,1183,720,9794,0,52
484,4047,500,490,0,723,412,0,0,190
485,5028,500,479,0,719,505,500,0,179
486,8685,500,599,0,1140,854,0,0,322
487,3199,500,354,0,444,319,0,0,148
488,3024,500,211,0,333,295,0,0,136
489,4321,500,272,328,517,428,500,0,153
490,3612,500,193,0,600,372,0,0,149
491,6150,500,362,543,851,609,500,0,222
492,4017,500,543,617,279,379,0,0,152
493,6658,500,778,0,1006,667,0,0,259
494,12532,900,685,2038,840,1169,0,0,421
495,2619,500,408,0,268,255,0,0,126
496,1294,500,123,245,0,113,0,0,81
497,2145,500,442,427,0,187,0,0,102
498,5687,500,1045,586,781,560,0,0,246
499,7938,500,0,0,1434,819,0,0,284
500,2579,500,111,400,0,232,0,0,112
501,4570,500,553,433,853,470,0,0,204
502,1894,500,220,314,111,176,0,0,105
503,2008,500,239,0,369,209,0,0,111
504,5866,500,303,0,1510,641,0,0,273
505,9931,500,0,1866,0,869,0,0,320
506,2312,500,229,315,0,203,0,0,93
507,8067,500,1528,945,809,778,0,0,302
508,2023,500,157,402,0,177,0,0,108
509,2072,500,0,73,240,211,0,0,95
510,4096,500,408,583,443,397,0,0,182
511,1143,500,91,0,178,119,0,0,82
512,2314,500,173,0,295,237,0,0,104
513,3191,500,452,649,0,280,0,0,140
514,5718,500,632,0,477,541,0,0,220
515,5189,500,910,467,647,513,0,0,207
516,5139,500,538,773,0,449,500,0,179
517,3118,500,285,0,395,323,0,0,139
518,1425,500,254,181,165,138,0,0,93
519,1899,500,89,312,0,166,0,0,97
520,2790,500,427,428,220,263,0,0,139
521,4362,500,382,0,0,381,0,0,149
522,2945,500,369,331,304,293,0,0,119
523,10030,900,1222,1217,1087,966,0,0,388
524,3153,500,212,0,391,314,0,0,136
525,4047,500,815,0,669,417,500,0,152
526,2333,500,178,234,112,224,0,0,100
527,2623,500,152,451,212,247,0,0,127
528,1658,500,167,255,253,169,0,0,102
529,3306,500,467,507,262,312,0,0,151
530,2250,500,0,130,179,219,0,0,95
531,1597,500,346,274,230,161,0,0,95
532,2738,500,164,0,170,259,500,0,102
533,6652,500,713,562,1007,675,0,0,250
534,7587,500,1155,888,930,744,0,0,273
535,4041,500,239,522,0,353,0,0,148
536,7864,500,954,1631,0,688,0,0,295
537,2484,500,157,0,347,257,1734,0,72
538,1743,500,193,294,113,163,0,0,99
539,1876,500,117,0,175,186,0,0,92
540,3985,500,646,0,571,401,0,0,172
541,3386,500,330,545,277,321,0,0,153
542,7355,500,599,0,1102,733,0,0,285
543,1893,500,115,0,182,188,0,0,95
544,2619,500,225,0,225,253,0,0,115
545,6451,500,738,1152,449,601,0,465,237
546,3398,500,446,0,0,297,0,0,132
547,4355,500,280,580,0,381,500,0,143
548,3649,500,237,601,0,319,0,0,146
549,2920,500,0,262,286,283,0,0,131
550,2922,500,413,227,277,284,0,0,117
551,5397,500,572,0,734,541,0,0,212
552,2902,500,161,0,395,297,0,0,125
553,5152,500,309,1059,0,451,0,0,199
554,1854,500,339,0,173,182,0,0,92
555,27991,900,2954,5879,0,2519,0,0,871
556,6151,500,689,0,989,646,0,0,236
557,4208,500,615,334,400,409,0,0,159
558,2761,500,409,367,168,259,4096,0,42
559,4649,500,264,0,602,461,0,0,199
560,2497,500,322,0,324,249,500,0,106
561,3568,500,799,452,375,344,0,0,155
562,5790,500,745,788,620,561,0,0,218
563,2101,500,680,302,156,206,0,0,97
564,6524,500,703,0,1115,661,0,0,279
565,2517,500,453,159,453,257,0,0,134
566,1396,500,221,0,282,145,0,0,102
567,3298,500,485,0,188,314,0,0,145
568,2376,500,438,163,315,246,0,0,106
569,4435,500,293,0,615,460,500,0,169
570,5145,500,1131,519,831,521,0,0,223
571,3922,500,330,729,0,343,0,0,154
572,7647,500,795,0,1039,757,0,0,304
573,8035,500,478,1487,0,703,500,0,248
574,1241,500,105,0,117,120,0,0,84
575,3558,500,110,0,518,353,500,0,153
576,9324,900,1160,1697,928,890,0,0,375
577,5971,500,754,1093,0,524,0,0,217
578,4094,500,440,785,0,358,0,0,155
579,2348,500,270,0,543,249,0,0,132
580,5779,500,828,1246,0,506,500,0,198
581,9443,500,1557,0,1395,972,500,4784,216
582,2832,500,183,0,345,285,0,0,125
583,4040,500,655,848,0,354,0,0,163
584,1692,500,99,163,23,152,500,0,63
585,11271,900,660,1004,1361,1099,0,0,409
586,1529,500,93,206,0,134,0,0,79
587,1917,500,151,163,228,188,0,2984,40
588,11600,900,1323,2356,0,1015,0,0,383
589,1404,500,86,0,267,146,0,0,100
590,3059,500,184,254,303,302,0,0,117
591,2868,500,223,0,508,296,0,0,144
592,3543,500,380,759,0,310,0,0,147
593,3006,500,221,452,0,263,0,0,125
594,8122,500,496,747,1128,802,0,0,307
595,3401,500,433,325,385,337,0,0,135
596,8948,900,2207,0,1523,906,0,0,394
597,3943,500,408,0,620,397,0,0,172
598,3944,500,374,386,325,377,0,0,158
599,20337,900,1198,3039,1896,1930,0,0,689
600,3748,500,658,0,539,372,0,0,183
601,5117,500,574,0,571,498,0,0,197
602,8207,500,436,847,815,791,500,0,285
603,4756,500,0,917,0,416,500,0,160
604,2772,500,227,0,221,266,500,0,95
605,3899,500,285,634,0,341,500,5025,40
606,7416,500,858,1147,0,649,500,0,240
607,3353,500,361,351,334,325,0,0,140
608,4549,500,673,0,664,461,0,0,183
609,4583,500,1682,0,622,460,0,0,177
610,3524,500,519,0,611,361,0,0,167
611,3797,500,0,512,286,356,0,0,159
612,1584,500,243,0,174,155,0,0,92
613,5524,500,352,0,985,565,0,0,235
614,1871,500,302,400,0,164,0,0,102
615,9126,500,964,0,1356,917,0,1872,295
616,3249,500,221,572,0,293,4979,0,0
617,3100,500,427,0,336,303,0,0,135
618,4952,500,947,0,647,501,0,0,212
619,4604,500,334,0,577,449,0,0,193
620,5839,500,574,0,720,577,0,0,226
621,84617,900,10880,18592,0,7404,0,0,2601
622,1697,500,336,0,229,173,0,0,97
623,3805,500,522,413,542,383,0,0,162
624,3634,500,202,551,852,396,0,0,167
625,25107,900,1895,4426,2162,2367,0,0,870
626,1920,500,174,262,135,183,0,0,95
627,3663,500,531,334,405,356,0,0,158
628,1610,500,152,332,0,141,0,0,93
629,2355,500,155,0,291,238,0,0,105
630,1536,500,255,0,160,148,0,0,94
631,1255,500,189,156,79,118,0,0,81
632,6657,500,867,661,951,659,0,0,264
633,6884,500,860,1313,0,602,500,0,209
634,1552,500,0,248,0,136,0,0,85
635,2019,500,164,232,159,194,0,0,97
636,2732,500,456,359,105,251,0,0,107
637,2779,500,149,223,229,270,500,0,101
638,5360,500,825,0,905,546,0,8136,40
639,6198,500,676,0,641,602,0,0,226
640,3335,500,346,688,0,292,0,0,142
641,2013,500,352,330,192,192,0,0,110
642,4755,500,633,860,0,417,500,0,158
643,3119,500,490,379,353,302,0,0,143
644,3006,500,490,0,0,271,500,0,115
645,3246,500,0,540,0,285,0,0,129
646,2206,500,186,161,278,222,0,0,108
647,2799,500,285,232,328,284,0,0,130
648,1972,500,105,0,280,204,0,0,109
649,72372,7185,0,0,0,6514,0,0,0
650,3947,500,492,563,0,346,500,0,128
651,1887,500,74,180,116,179,500,0,72
652,2303,500,313,0,335,236,500,0,96
653,1178,500,0,105,0,104,500,0,50
654,8357,500,1406,766,1090,829,0,0,280
655,3613,500,557,0,673,373,0,0,165
656,3090,500,459,379,324,297,0,0,146
657,6285,500,552,0,1043,635,0,0,255
658,2870,500,0,246,402,284,0,0,151
659,1732,500,227,0,204,176,0,0,90
660,3665,500,461,519,180,339,0,0,137
661,6848,500,355,1344,0,599,0,0,235
662,2741,500,182,0,344,276,0,0,124
663,2073,500,228,0,223,202,0,0,107
664,2539,500,416,413,0,222,0,0,103
665,4841,500,565,0,797,498,0,0,191
666,5773,500,828,1246,0,506,0,0,213
667,1909,500,202,320,95,175,0,0,103
668,8757,500,546,939,806,836,500,0,285
669,2674,500,370,273,281,261,0,0,128
670,3633,500,440,343,474,357,0,0,165
671,5028,500,309,885,0,440,0,0,170
672,2145,500,118,237,59,195,0,0,91
673,1976,500,249,133,178,193,0,0,95
674,1278,500,265,253,0,112,0,0,81
675,2200,500,1096,530,159,206,0,0,118
676,4263,500,503,0,637,427,0,0,185
677,1294,500,194,97,131,127,0,0,84
678,3095,500,485,304,335,298,0,0,144
679,2202,500,519,281,297,217,0,0,124
680,1734,500,104,91,167,174,500,0,72
681,1848,500,132,213,174,183,0,0,91
682,1494,500,106,139,114,150,0,0,81
683,2985,500,412,367,163,278,0,0,124
684,6158,500,399,0,717,603,0,0,226
685,3137,500,292,576,0,275,0,0,128
686,3666,500,461,519,180,339,0,0,133
687,2833,500,134,378,112,259,0,0,118
688,24636,900,2752,4455,806,2221,0,0,814
689,9851,900,554,0,1689,1003,500,0,361
690,3945,500,226,362,478,384,0,0,167
691,2127,500,220,0,343,215,0,0,120
692,3166,500,251,190,472,330,0,0,129
693,2859,500,397,396,0,250,0,0,119
694,2368,500,480,0,385,246,0,0,119
695,20443,900,2340,3652,1568,1918,0,0,702
696,1910,500,428,0,282,195,0,0,109
697,2177,500,221,122,277,214,0,0,117
698,2009,500,167,239,202,199,0,0,96
699,7379,500,927,0,1000,733,0,0,259
700,1760,500,263,0,330,191,0,0,100
701,5001,500,541,779,0,438,0,0,40
702,5014,500,718,1076,0,439,500,0,186
703,4147,500,502,0,643,416,0,0,185
704,1984,500,123,222,220,192,0,0,113
705,4027,500,258,569,173,370,0,0,151
706,4439,500,460,0,631,450,0,0,169
707,3306,500,431,651,0,290,0,0,127
708,2142,500,155,232,58,194,500,0,75
709,3366,500,334,322,351,340,500,0,120
710,1458,500,109,214,61,133,0,0,86
711,5883,500,627,938,0,515,0,0,215
712,1889,500,153,0,222,190,0,0,99
713,2912,500,217,411,0,255,0,0,128
714,1807,500,187,333,0,159,0,0,93
715,3680,500,325,354,337,356,500,0,128
716,1388,500,300,224,57,128,0,0,83
717,4047,500,403,576,270,378,0,0,161
718,2647,500,346,0,237,260,0,0,110
719,5219,500,627,0,893,532,500,0,204
720,4393,500,327,906,0,384,500,0,171
721,3992,500,200,544,185,367,0,0,148
722,2113,500,124,267,216,204,0,0,113
723,2901,500,227,0,421,288,0,0,142
724,2352,500,405,0,332,234,0,0,124
725,3214,500,224,0,512,322,500,0,139
726,5146,500,742,0,737,521,0,0,198
727,4166,500,648,350,511,414,0,0,163
728,3889,500,470,0,337,375,0,0,142
729,4880,500,980,454,539,475,0,0,187
730,7450,500,889,0,947,730,0,0,291
731,1938,500,338,347,121,180,0,0,110
732,2498,500,178,427,0,219,500,0,94
733,7481,500,853,679,913,733,0,0,281
734,3399,500,326,0,509,351,0,0,144
735,4513,500,433,0,761,467,0,0,197
736,5626,500,987,704,594,541,0,0,235
737,3230,500,365,647,0,283,0,0,136
738,3028,500,455,572,0,265,500,0,112
739,1726,500,337,0,229,175,0,0,93
740,3289,500,190,396,0,288,500,0,111
741,2716,500,128,0,280,269,0,0,116
742,9194,500,989,1974,0,805,0,0,318
743,2497,500,269,253,139,237,0,0,102
744,4462,500,476,950,0,391,0,0,178
745,3090,500,463,0,554,324,0,0,162
746,1849,500,117,0,175,183,0,0,92
747,2921,500,187,0,355,302,0,0,122
748,8178,500,448,874,806,785,0,0,286
749,3042,500,224,265,343,295,0,0,142
750,1058,500,244,0,172,110,0,0,80
751,7443,500,453,1242,450,689,0,0,254
752,6267,500,437,0,1101,644,0,0,244
753,4608,500,418,364,487,450,0,0,171
754,4241,500,492,0,726,432,0,0,191
755,1717,500,258,180,162,166,0,0,95
756,4080,500,681,246,733,419,0,0,183
757,7537,500,448,0,1345,767,0,0,326
758,3591,500,384,0,471,358,0,0,160
759,17653,900,2072,1656,2189,1727,0,0,629
760,2158,500,331,360,189,207,0,0,109
761,1783,500,195,0,263,180,0,0,106
762,2808,500,149,339,194,263,0,0,124
763,1960,500,122,0,324,198,0,0,112
764,7391,500,550,1375,0,646,0,0,235
765,2362,500,223,355,167,223,0,0,111
766,2986,500,211,0,377,294,0,0,138
767,2433,500,163,0,333,247,0,0,116
768,3216,500,278,337,313,316,0,0,136
769,5381,500,520,960,0,470,0,0,180
770,1774,500,156,0,197,178,0,0,90
771,2613,500,217,256,201,252,0,0,108
772,2745,500,538,230,287,269,0,0,128
773,2670,500,272,540,0,234,0,0,121
774,1546,500,152,0,283,163,0,0,95
775,1694,500,160,263,111,158,500,0,80
776,1304,500,112,203,145,127,0,0,83
777,4085,500,391,0,665,424,0,0,164
778,4573,500,326,0,677,458,0,0,206
779,4819,500,725,0,807,486,0,0,210
780,1324,500,71,175,105,125,0,0,89
781,5098,500,521,805,339,477,0,0,191
782,1156,500,137,0,163,115,0,0,85
783,3096,500,1149,0,454,321,500,0,121
784,543,500,66,0,112,57,500,1277,40
785,10193,900,1141,0,1545,1019,500,0,387
786,4752,500,263,609,272,441,0,0,172
787,3526,500,191,0,0,308,0,0,127
788,8059,500,426,1619,0,706,0,0,270
789,1079,500,88,198,0,95,0,1762,50
790,3807,500,191,640,0,333,0,0,141
791,1673,500,184,0,257,174,0,0,104
792,5179,500,314,548,672,512,0,0,208
793,2773,500,0,0,443,283,0,0,130
794,5163,500,567,0,562,502,0,0,210
795,2522,500,183,0,342,253,0,1856,80
796,1323,500,62,118,107,131,0,0,88
797,2506,500,294,236,392,252,500,0,108
798,5472,500,359,639,608,527,548,0,207
799,4560,500,324,0,559,448,0,0,192
800,2485,500,366,408,177,233,0,0,118
801,2041,500,112,189,280,201,0,353,111
802,5618,500,957,0,0,506,0,0,185
803,1241,500,123,187,89,117,500,0,67
804,1640,500,82,87,177,174,0,0,80
805,1499,500,333,0,283,159,0,0,94
806,1884,500,406,350,107,174,0,0,193
807,2416,500,184,339,326,246,900,0,90
808,4705,500,325,594,449,452,0,0,186
809,5018,500,655,459,564,488,0,0,197
810,2128,500,176,358,112,201,0,0,109
811,2760,500,164,271,211,265,0,0,113
812,7497,500,440,662,988,739,0,0,278
813,9226,500,1071,1683,658,860,0,0,340
814,2990,500,161,0,280,293,500,0,111
815,3198,500,462,379,381,312,0,0,146
816,3436,500,463,506,355,336,0,0,136
817,2149,500,146,399,0,188,0,0,104
818,1235,500,44,169,0,108,0,0,74
819,3096,500,230,524,258,293,0,0,141
820,2776,500,293,379,0,243,0,0,118
821,7802,500,1507,1196,0,683,0,0,258
822,2117,500,232,0,0,190,0,0,99
823,4115,500,523,534,274,387,500,0,140
824,6763,500,1048,1126,490,655,556,0,235
825,2988,500,0,263,287,290,0,0,128
826,4333,500,489,515,589,427,0,0,191
827,8494,500,843,0,937,826,0,0,295
828,4693,500,265,0,716,476,0,0,185
829,3839,500,255,0,675,391,0,0,184
830,3290,500,472,0,474,330,500,0,140
831,827,500,111,0,194,88,500,0,62
832,8283,500,654,1236,0,724,0,0,282
833,2042,500,160,0,283,209,0,0,112
834,4807,500,702,0,578,467,0,0,206
835,2140,500,475,0,392,223,0,0,114
836,3570,500,503,0,695,388,0,0,150
837,5527,500,387,0,929,564,0,0,219
838,10230,900,564,1674,709,957,0,0,358
839,2012,500,352,330,186,191,500,0,99
840,6723,500,762,0,825,660,0,0,265
841,5070,500,326,688,845,513,0,0,218
842,2577,500,152,0,405,267,0,0,120
843,7249,500,995,686,1000,719,0,0,284
844,3203,500,0,261,421,316,0,0,148
845,4711,500,507,394,587,467,0,0,186
846,2869,500,215,390,325,278,0,0,137
847,17585,900,2209,0,2795,1762,0,0,666
848,6587,500,1332,819,756,640,0,0,267
849,8254,500,1244,0,1318,836,0,0,335
850,4386,500,113,0,684,451,0,0,185
851,4606,500,899,469,589,451,0,0,197
852,3999,500,1639,1049,0,350,0,0,156
853,2048,500,308,0,274,205,0,0,114
854,2547,500,157,162,266,255,0,0,110
855,2441,500,215,260,147,229,500,0,91
856,2062,500,125,0,389,214,0,0,113
857,3722,500,366,723,0,326,0,0,147
858,3321,500,367,500,214,309,0,0,148
859,6222,500,682,0,1007,637,0,0,231
860,3090,500,226,0,501,315,500,0,131
861,26516,900,2804,0,0,2320,0,1654,790
862,1352,500,202,203,112,129,0,0,88
863,5523,500,757,0,438,518,0,0,218
864,1571,500,46,174,0,138,0,0,74
865,4067,500,403,576,271,380,0,0,166
866,4272,500,853,813,0,374,0,0,151
867,2413,500,562,324,107,223,0,0,104
868,9460,500,539,0,598,878,0,0,346
869,2062,500,90,313,0,180,0,0,92
870,3716,500,557,341,545,373,0,0,165
871,9096,500,959,1907,0,796,0,0,309
872,4698,500,429,844,0,411,500,0,150
873,1408,500,240,167,172,138,0,0,93
874,2686,500,109,0,349,277,0,0,116
875,4816,500,524,0,669,483,0,0,192
876,1289,500,238,142,85,122,0,0,83
877,5656,500,669,0,909,586,500,0,234
878,5911,500,370,0,829,587,0,0,247
879,5267,500,568,0,563,513,0,0,211
880,4234,500,130,0,648,426,554,0,173
881,4083,500,666,0,875,432,0,0,188
882,1656,500,90,134,83,157,500,0,64
883,2753,500,457,0,445,280,0,0,133
884,3313,500,382,0,556,346,0,0,162
885,13740,900,1581,2383,1567,1334,0,3537,414
886,3739,500,608,361,345,363,0,0,143
887,2596,500,453,0,326,254,0,0,134
888,2745,500,117,407,0,247,0,0,108
889,2884,500,189,0,400,292,0,0,129
890,15858,900,1770,2855,1513,1510,0,0,567
891,5438,500,312,0,868,552,0,0,215
892,2554,500,458,472,110,232,0,0,121
893,2414,500,582,327,330,237,0,0,126
894,8135,500,835,0,489,754,500,1189,300
895,4411,500,256,0,740,450,0,0,189
896,1454,500,227,0,214,149,0,0,93
897,2522,500,179,360,114,239,0,0,113
898,2222,500,327,493,0,194,0,0,112
899,1579,500,251,136,202,157,0,0,94
900,5718,500,355,881,384,535,0,0,204
901,2160,500,179,131,180,212,0,0,93
902,4840,500,900,699,414,459,0,0,193
903,2154,500,520,519,0,189,0,0,109
904,5490,500,998,0,606,550,0,0,220
905,1948,500,232,308,0,170,0,0,103
906,3609,500,653,0,481,357,0,0,164
907,10308,900,665,0,1430,1026,0,0,376
908,10458,900,1207,1228,1095,1006,0,0,393
909,20173,900,1657,0,3613,2059,0,0,734
910,1163,500,90,147,59,108,0,0,74
911,2597,500,1106,610,0,227,0,0,118
912,2874,500,430,0,333,281,0,0,135
913,6059,500,1030,719,658,587,0,0,218
914,10628,900,765,961,1647,1066,0,0,402
915,1856,500,130,96,291,189,0,0,107
916,2122,500,158,329,107,195,0,0,105
917,4219,500,615,334,400,410,0,0,159
918,2477,500,266,342,0,216,0,0,172
919,1324,500,102,226,0,116,0,0,80
920,1604,500,163,324,0,141,0,0,94
921,5030,500,569,1065,0,440,0,0,178
922,2958,500,347,275,454,297,0,0,146
923,4408,500,504,630,0,386,0,0,167
924,3492,500,532,0,677,362,0,174,172
925,4906,500,335,0,624,485,0,0,193
926,2717,500,226,331,63,245,0,0,106
927,2325,500,91,0,282,236,0,0,105
928,5599,500,697,0,815,557,0,0,227
929,2339,500,249,498,0,205,500,0,100
930,7333,500,1306,0,1342,758,0,5548,160
931,2086,500,75,0,171,205,0,0,93
932,4955,500,267,0,783,508,0,0,194
933,931,500,99,199,0,81,0,0,74
934,3888,500,424,604,323,371,0,0,153
935,1862,500,155,184,132,179,0,0,90
936,1103,500,132,0,166,111,0,0,81
937,6472,500,1100,1159,413,602,0,0,233
938,2035,500,222,0,394,211,0,0,120
939,2443,500,341,329,125,228,0,1543,69
940,2246,500,225,372,110,206,0,0,110
941,5655,500,786,1135,0,495,0,0,193
942,2166,500,98,0,281,221,0,0,100
943,3357,500,302,296,290,324,0,0,132
944,6427,500,1005,0,761,651,0,0,244
945,2349,500,350,0,362,238,0,0,120
946,2415,500,457,380,160,228,0,0,110
947,2918,500,205,0,0,255,0,0,135
948,9922,900,1380,0,1305,979,0,0,405
949,3288,500,387,0,459,337,0,0,137
950,2599,500,187,0,339,258,0,0,127
951,4666,500,662,550,519,452,0,0,196
952,6225,500,666,958,0,560,0,655,217
953,2378,500,517,468,104,217,0,0,120
954,2816,500,404,0,377,279,0,0,135
955,4673,500,317,727,385,444,0,0,188
956,9470,500,1109,1704,476,868,500,0,313
957,5542,500,331,0,844,554,0,0,217
958,3169,500,199,225,392,318,0,0,130
959,2151,500,148,0,306,225,0,0,104
960,3010,500,1117,622,0,263,0,0,119
961,5175,500,0,803,241,473,500,0,192
962,11024,900,767,0,1619,1104,0,0,403
963,1939,500,123,0,264,191,0,0,114
964,5490,500,648,0,1066,566,0,0,232
965,21603,900,2441,3824,1497,2014,0,0,729
966,7962,500,1708,0,1597,825,0,0,328
967,1846,500,233,317,0,161,0,0,87
968,3421,500,316,460,364,339,0,0,135
969,2491,500,99,0,292,254,0,0,105
970,3946,500,403,356,436,383,0,5668,40
971,2659,500,338,0,258,260,0,0,119
972,5327,500,326,946,0,466,0,0,183
973,4091,500,350,493,0,358,0,0,146
974,8684,500,602,0,1344,872,0,951,301
975,4867,500,341,438,668,481,0,0,212
976,10522,900,1251,1663,1097,1008,0,0,405
977,1219,500,153,0,216,124,0,0,89
978,813,500,73,0,113,83,0,0,72
979,13591,900,1593,0,2104,1357,0,0,987
980,4767,500,639,580,437,460,0,0,177
981,762,500,83,109,79,76,0,0,71
982,3970,500,604,399,551,415,0,0,156
983,2132,500,234,187,340,217,0,0,115
984,2617,500,337,0,388,273,0,0,127
985,1262,500,368,144,247,134,0,0,97
986,28400,900,3252,5116,1938,2641,0,0,951
987,3050,500,221,471,164,282,0,0,129
988,1696,500,156,0,202,172,2725,0,39
989,1797,500,116,176,116,172,0,0,88
990,3790,500,218,323,426,369,0,0,159
991,2919,500,166,361,174,275,500,0,100
992,4256,500,502,486,497,415,0,1317,150
993,2370,500,561,374,107,219,0,0,107
994,3104,500,0,389,264,294,0,0,141
995,3080,500,478,0,303,299,0,0,132
996,2424,500,215,255,199,234,0,0,108
997,9755,500,1121,1683,533,898,0,0,325
998,2703,500,266,243,278,266,0,0,117
999,6062,500,330,1120,0,531,0,0,203
1000,4002,500,663,0,601,417,0,0,180
1001,5110,500,656,0,589,504,500,0,183
1002,1833,500,361,389,0,160,0,0,99
1003,5926,500,677,935,465,555,0,0,236
1004,1813,500,0,277,0,159,500,0,79
1005,2182,500,221,0,395,225,0,0,118
1006,2456,500,108,0,287,254,575,0,98
1007,2529,500,545,0,571,280,0,0,130
1008,3981,500,1106,834,0,348,500,0,132
1009,6822,500,407,1133,312,623,548,0,238
1010,1698,500,159,0,224,173,0,0,93
1011,3930,500,0,595,0,354,0,0,142
1012,1040,500,63,137,83,98,0,0,79
1013,2693,500,456,0,433,273,0,0,133
1014,869,500,0,125,0,76,500,0,57
1015,2406,500,170,0,359,250,0,0,126
1016,1848,500,137,374,0,161,500,0,84
1017,4531,500,637,0,503,444,0,0,178
1018,2670,500,234,383,160,250,0,0,116
1019,2708,500,126,337,0,244,0,0,109
1020,2597,500,150,0,316,252,0,0,134
1021,4350,500,222,753,0,391,0,0,157
1022,32535,900,1925,3719,3401,3210,0,0,1072
1023,11599,900,783,1663,1213,1118,0,0,411
1024,6212,500,678,0,1025,626,0,0,274
1025,3745,500,539,0,579,375,0,0,174
1026,4562,500,462,763,337,429,0,0,183
1027,1555,500,126,0,327,162,500,0,88
1028,866,500,84,123,104,85,0,0,76
1029,2347,500,265,357,0,205,500,0,78
1030,2188,500,214,0,312,229,0,0,110
1031,6242,500,292,918,305,575,0,0,208
1032,2698,500,160,0,334,270,0,0,120
1033,1614,500,112,134,114,155,0,0,86
1034,5445,500,329,0,901,556,0,0,221
1035,4905,500,327,398,631,488,0,0,199
1036,3412,500,284,0,514,352,0,0,142
1037,5123,500,360,0,0,459,0,0,193
1038,1414,500,0,0,119,140,0,0,78
1039,2857,500,204,0,440,291,0,0,133
1040,5744,500,1048,0,943,579,0,0,265
1041,2364,500,169,0,289,232,0,0,119
1042,1534,500,94,0,327,161,0,0,105
1043,4547,500,336,953,0,398,0,0,194
1044,2622,500,205,0,487,271,0,0,131
1045,3191,500,190,285,469,318,0,0,152
1046,1766,500,235,176,258,176,500,0,95
1047,5267,500,560,0,905,546,0,0,208
1048,1942,500,118,0,237,201,0,0,93
1049,3504,500,331,545,278,332,0,0,150
1050,4463,500,260,697,0,391,0,0,164
1051,5008,500,503,0,549,491,0,0,189
1052,28881,900,3670,0,5458,2965,0,0,1065
1053,4803,500,489,515,538,469,0,0,192
1054,1738,500,149,0,194,174,0,0,93
1055,2049,500,114,190,116,194,500,0,76
1056,3416,500,226,0,411,336,0,0,151
1057,1193,500,266,214,152,118,0,0,89
1058,6397,500,392,0,1332,674,0,0,254
1059,3660,500,505,536,229,344,0,0,140
1060,1149,500,90,147,59,107,0,0,75
1061,3689,500,561,305,381,360,0,0,149
1062,7551,500,899,913,835,729,0,0,293
1063,16601,900,1899,3005,1022,1535,0,0,582
1064,5808,500,590,1170,0,508,0,0,209
1065,8211,500,557,0,1412,836,0,0,322
1066,7366,500,862,1304,422,680,0,0,272
1067,4167,500,502,0,686,422,0,1425,159
1068,3547,500,194,0,334,345,0,0,138
1069,1746,500,121,0,182,185,0,0,84
1070,3878,500,497,374,338,375,0,0,148
1071,3979,500,0,463,349,380,500,0,138
1072,875,500,88,78,111,86,0,0,75
1073,11835,900,764,0,1241,1141,0,0,431
1074,2339,500,99,0,284,239,0,0,101
1075,4059,500,482,638,437,402,0,0,179
1076,10706,900,1158,2189,0,937,0,0,677
1077,10371,900,1145,1799,655,962,0,1433,343
1078,4790,500,334,0,657,490,0,0,193
1079,4612,500,263,703,166,431,0,0,169
1080,3955,500,696,0,627,410,500,0,159
1081,3791,500,652,659,210,350,0,0,151
1082,6194,500,438,0,1132,633,0,0,265
1083,10256,900,1223,0,1546,1059,0,0,416
1084,2060,500,253,0,331,208,0,0,117
1085,4014,500,694,0,717,410,0,0,180
1086,2987,500,351,0,324,288,0,0,144
1087,9430,500,1017,2031,0,827,0,0,325
1088,2117,500,328,389,162,199,0,0,115
1089,2514,500,179,374,0,220,0,0,119
1090,1463,500,285,222,235,149,500,0,78
1091,2526,500,314,268,171,240,0,0,107
1092,4233,500,287,763,0,370,500,0,139
1093,9492,500,1061,1664,630,883,0,0,337
1094,4646,500,1044,913,279,430,0,0,197
1095,1470,500,60,0,227,155,0,0,90
1096,1776,500,47,150,62,171,0,0,81
1097,1572,500,137,230,238,157,0,0,97
1098,6848,500,804,0,1444,751,0,0,270
1099,2903,500,208,570,0,254,0,0,128
1100,3547,500,616,615,0,310,0,0,134
1101,1832,500,156,0,287,192,500,0,93
1102,14290,0,2868,0,2306,1439,0,0,539
1103,2734,500,255,196,290,271,0,0,118
1104,3967,500,630,0,647,401,500,0,167
1105,4334,500,416,513,268,405,0,0,162
1106,5710,500,584,1160,0,500,0,0,207
1107,4108,500,297,0,728,418,0,0,196
1108,12280,900,1484,0,1864,1229,0,0,468
1109,3438,500,280,455,124,313,0,0,128
1110,1959,500,260,268,56,178,0,0,94
1111,6148,500,354,880,0,538,0,0,215
1112,2236,500,188,0,342,224,0,0,123
1113,4269,500,663,579,0,374,0,0,157
1114,3207,500,279,0,176,309,0,0,131
1115,4215,500,224,0,712,434,0,0,178
1116,7728,500,782,1293,1573,812,0,0,316
1117,8380,500,551,1324,602,785,0,0,291
1118,6243,500,224,0,901,629,0,0,235
1119,3023,500,469,260,301,293,0,0,137
1120,8906,900,1154,0,1455,897,0,0,357
1121,5102,500,545,0,619,503,0,0,198
1122,999,500,230,214,0,88,500,0,58
1123,3545,500,228,267,348,344,0,898,120
1124,2502,500,448,482,0,225,0,0,125
1125,11950,900,1421,0,1896,1207,0,0,451
1126,1717,500,91,0,120,168,0,0,84
1127,16565,900,1748,0,2721,1675,0,0,595
1128,4753,500,325,687,429,452,0,0,189
1129,34808,3420,0,0,0,0,0,0,0
1130,4998,500,522,770,0,438,0,0,174
1131,3399,0,228,0,449,340,0,0,135
1132,1538,500,178,0,240,156,0,0,97
1133,3541,500,463,489,166,326,500,0,132
1134,4116,500,409,585,0,360,0,0,159
1135,5836,500,404,0,899,588,0,2737,171
1136,2538,500,132,248,0,222,500,0,88
1137,895,500,92,109,110,87,0,0,77
1138,4663,500,420,824,0,408,0,0,163
1139,2473,500,583,326,269,238,0,0,128
1140,1728,500,329,298,0,152,0,0,89
1141,4299,500,664,0,489,420,500,0,156
1142,2789,500,578,530,0,244,0,0,118
1143,1910,500,230,301,236,191,0,0,111
1144,9173,500,549,1811,0,802,500,0,282
1145,809,500,0,148,0,71,0,0,73
1146,7059,500,706,1398,0,618,500,0,226
1147,5683,500,645,0,692,557,0,0,225
1148,2031,500,97,0,279,207,0,0,104
1149,1266,500,266,86,99,122,0,0,78
1150,3617,500,436,0,603,376,0,0,174
1151,6433,500,343,0,709,626,0,0,251
1152,6389,500,400,640,697,624,0,0,216
1153,1916,500,554,0,333,196,0,0,112
1154,15703,900,1823,1453,1960,1539,0,0,561
1155,6232,500,764,901,915,620,0,0,256
1156,5232,500,532,0,844,531,500,0,208
1157,8285,500,558,0,1411,850,11604,0,77
1158,1897,500,118,0,237,202,500,0,82
1159,2205,500,159,330,108,203,0,0,110
1160,2844,500,254,360,0,249,0,0,118
1161,2864,500,202,427,113,262,0,0,122
1162,2305,500,407,0,533,245,0,0,127
1163,6102,500,832,1245,0,534,0,0,213
1164,2395,500,558,0,474,251,0,0,133
1165,1075,500,121,187,88,101,0,0,80
1166,5622,500,807,1232,0,492,0,0,207
1167,9812,900,1205,0,1768,1007,0,0,392
1168,1652,500,205,136,156,164,500,0,75
1169,1778,500,194,0,442,193,0,0,116
1170,1358,500,170,129,171,133,500,0,76
1171,2010,500,345,0,223,209,0,0,95
1172,3865,500,361,0,390,379,0,0,149
1173,4714,500,768,0,882,513,0,1450,162
1174,1753,500,116,138,144,171,0,0,89
1175,2665,500,226,323,120,247,0,0,107
1176,2486,500,126,270,220,239,0,0,116
1177,2215,500,231,431,0,194,500,0,94
1178,1748,500,262,298,78,160,0,0,99
1179,4248,500,0,465,307,401,500,0,147
1180,1672,500,173,241,169,163,0,0,97
1181,2151,500,163,351,0,188,0,0,94
1182,2895,500,328,0,336,290,500,0,115
1183,4095,500,306,845,0,369,0,0,171
1184,17844,900,1997,2682,1407,1680,0,0,608
1185,4313,500,0,0,579,433,0,5825,40
1186,868,0,88,0,173,91,0,0,63
1187,9628,500,999,1433,0,842,0,0,320
1188,1613,500,164,0,282,169,500,0,81
1189,5744,500,700,0,946,581,0,0,231
1190,1419,500,192,181,80,133,0,0,80
1191,2271,500,136,0,280,238,0,0,108
1192,7475,500,1483,711,1000,742,0,0,288
1193,3928,500,563,0,624,413,0,0,173
1194,4337,500,657,784,0,380,0,0,156
1195,4107,500,902,614,0,370,0,0,154
1196,4126,500,833,0,511,407,0,0,179
1197,1935,500,136,90,162,192,0,0,89
1198,3331,500,600,362,335,323,500,0,133
1199,5484,500,365,729,0,480,0,0,186
1200,1972,0,246,180,127,196,500,0,52
1201,2932,500,172,0,518,309,500,0,124
1202,2596,500,295,0,266,257,500,0,112
1203,1961,500,211,70,227,204,500,0,74
1204,2414,500,135,273,117,226,0,0,105
1205,2280,500,201,0,271,230,0,0,106
1206,2660,500,337,417,0,239,0,492,106
1207,5807,500,999,1055,668,565,0,0,237
1208,4678,500,429,843,0,409,500,0,145
1209,2688,500,510,210,342,272,0,0,125
1210,4554,500,256,0,506,444,0,0,178
1211,3325,500,335,0,455,335,0,0,151
1212,4870,500,527,0,573,478,0,0,193
1213,1505,500,110,263,0,132,0,0,86
1214,3608,500,225,534,183,333,0,0,142
1215,8155,500,826,1184,0,713,0,0,274
1216,3515,500,459,734,0,316,0,477,137
1217,1271,500,0,0,122,130,0,0,76
1218,2770,500,522,469,0,242,0,0,108
1219,13432,900,2775,2511,0,1175,0,0,473
1220,4978,500,543,832,0,449,0,0,180
1221,5088,500,781,0,330,474,500,0,190
1222,2586,500,271,0,277,251,0,0,125
1223,1896,500,112,318,132,177,500,0,95
1224,1465,500,115,224,0,128,0,0,84
1225,1020,500,102,127,127,105,0,0,80
1226,2269,500,223,0,374,231,0,0,125
1227,2877,500,384,485,0,252,0,0,113
1228,7427,500,416,794,797,719,0,0,265
1229,2266,500,362,0,240,228,0,0,99
1230,3940,500,266,725,0,345,0,0,151
1231,1140,500,0,0,175,117,0,0,83
1232,2999,500,220,321,334,300,500,0,121
1233,4187,500,548,538,0,367,0,0,144
1234,3772,500,373,559,279,357,0,5281,40
1235,2436,500,185,259,0,214,0,1350,69
1236,12070,900,1226,2431,0,1056,0,0,397
1237,4034,500,442,682,0,353,0,0,150
1238,4237,500,287,763,0,371,500,0,144
1239,1883,500,181,239,0,164,0,0,87
1240,5326,500,369,0,677,525,0,0,204
1241,4095,500,350,493,0,359,0,0,144
1242,1601,500,106,0,177,164,0,0,85
1243,2704,500,239,304,245,271,0,0,116
1244,1678,500,95,0,279,171,0,0,101
1245,6082,500,353,498,605,586,0,0,228
1246,1813,500,204,98,137,177,0,0,89
1247,2793,500,117,0,253,274,0,0,112
1248,2188,500,106,0,225,214,0,889,87
1249,2459,500,221,377,0,215,0,0,108
1250,4070,500,866,514,620,409,6464,0,55
1251,14382,900,1494,2970,0,1295,0,0,472
1252,2161,500,181,0,288,225,0,0,100
1253,1445,500,93,0,65,140,0,2243,40
1254,3927,500,438,785,0,343,0,0,155
1255,2357,500,224,0,387,242,0,0,114
1256,1424,500,240,167,172,139,0,0,92
1257,5878,500,418,0,975,596,0,0,235
1258,2177,500,266,0,173,211,0,0,99
1259,3000,500,274,492,0,262,0,0,115
1260,3617,500,646,789,0,317,500,0,126
1261,5960,500,665,967,0,522,500,0,191
1262,3200,500,252,490,0,281,0,0,118
1263,5184,500,505,998,0,454,500,0,176
1264,7517,500,1324,732,1045,746,0,0,299
1265,3449,500,193,0,333,336,0,0,142
1266,1460,500,206,212,0,127,500,0,64
1267,1629,500,107,236,0,142,0,0,85
1268,4401,500,408,0,492,432,0,0,179
1269,2355,500,189,261,221,225,0,0,120
1270,4683,500,325,0,584,458,0,0,205
1271,4813,500,330,759,0,433,0,0,173
1272,8009,500,798,1579,0,701,0,0,265
1273,7382,500,421,547,1013,735,0,1201,241
1274,3473,500,333,0,549,358,0,0,145
1275,5633,500,314,595,492,536,0,0,227
1276,3407,500,219,0,536,354,0,0,139
1277,26529,900,3172,3871,2902,2550,0,0,929
1278,1826,500,96,0,275,186,0,0,105
1279,4525,500,460,0,513,447,0,0,161
1280,6092,500,757,597,936,608,0,0,254
1281,2044,500,331,0,361,210,500,0,107
1282,4853,500,1646,1154,0,425,500,0,164
1283,6105,500,610,0,1076,629,500,0,242
1284,1479,500,221,0,221,148,553,0,82
1285,2312,500,436,0,320,240,0,0,112
1286,2680,500,276,0,455,273,0,0,140
1287,2237,500,0,209,173,216,0,0,98
1288,1607,500,126,336,0,140,0,0,97
1289,7793,500,1157,0,910,762,500,0,278
1290,3268,500,315,564,0,286,0,0,120
1291,4378,500,265,0,0,384,0,0,160
1292,6319,500,725,1053,425,607,500,0,210
1293,2405,500,171,0,401,260,0,0,118
1294,2767,500,273,0,387,278,0,0,127
1295,5486,500,371,602,579,529,0,0,212
1296,3763,500,418,644,0,329,0,0,134
1297,3748,500,737,703,0,328,0,0,163
1298,3472,500,438,746,0,304,0,0,147
1299,3417,500,356,0,385,335,0,0,144
1300,5162,500,570,857,287,476,6995,0,51
1301,2695,500,485,0,275,267,0,0,113
1302,2668,500,361,314,0,234,0,0,107
1303,7812,500,447,1451,0,703,0,0,257
1304,6252,500,723,907,691,602,500,0,236
1305,5781,500,636,517,760,571,0,0,222
1306,2276,500,105,150,188,220,0,0,104
1307,2752,500,203,0,438,280,0,0,131
1308,2470,500,180,259,299,243,0,0,120
1309,12177,900,1335,2113,671,1154,0,0,428
1310,2740,500,128,227,228,265,0,0,113
1311,3861,500,416,751,0,338,500,0,132
1312,5112,500,1142,636,597,498,0,0,212
1313,1947,500,103,355,0,171,0,0,100
1314,3088,500,187,0,356,310,0,0,129
1315,1837,500,112,173,0,161,500,0,65
1316,2565,500,156,328,179,244,0,0,109
1317,6043,500,816,0,868,601,0,0,235
1318,6574,500,436,1301,0,576,500,0,211
1319,3023,500,331,0,454,315,500,0,127
1320,2830,500,189,0,309,277,500,0,109
1321,4005,500,659,662,440,391,0,0,161
1322,2252,500,158,0,354,241,0,0,110
1323,1856,500,163,239,0,163,0,0,90
1324,1162,500,86,0,113,113,0,0,78
1325,5588,500,325,1022,0,489,0,0,197
1326,2615,500,450,481,104,237,0,0,125
1327,2604,500,572,0,275,259,0,0,119
1328,2614,500,251,358,362,269,0,0,125
1329,17517,900,3029,3290,1497,1660,0,0,638
1330,7339,500,1287,942,861,711,0,0,284
1331,3154,500,420,0,459,325,0,0,133
1332,4436,500,427,609,0,388,0,0,164
1333,3285,500,300,289,359,326,0,0,129
1334,5893,500,371,0,1047,603,0,0,239
1335,3074,500,352,0,515,312,0,0,150
1336,2860,500,490,302,195,273,0,0,119
1337,1964,500,344,375,109,181,0,0,108
1338,5349,500,675,648,704,525,500,0,209
1339,3463,500,208,407,248,328,0,0,136
1340,3481,500,343,0,222,328,4874,0,56
1341,3017,500,448,539,223,291,0,0,137
1342,9798,900,714,0,1343,966,0,0,377
1343,3323,500,320,318,412,332,0,0,137
1344,1792,500,351,145,233,181,0,0,96
1345,1525,500,67,0,238,156,2486,0,51
1346,7480,500,507,0,1006,744,0,0,270
1347,4819,500,471,259,685,483,0,0,196
1348,1607,500,61,0,116,156,0,0,84
1349,2902,500,337,409,218,273,0,0,131
1350,1898,500,96,0,220,194,0,0,102
1351,6084,500,600,858,0,532,0,0,206
1352,1679,500,91,124,83,159,0,0,81
1353,4359,500,332,0,651,448,500,0,173
1354,5814,500,831,949,327,538,500,0,199
1355,3207,500,336,557,197,297,0,0,145
1356,5061,500,318,0,899,519,0,0,216
1357,2123,500,552,450,0,186,0,0,100
1358,2956,500,513,0,537,303,0,0,144
1359,4293,500,330,505,449,412,0,0,183
1360,2005,500,91,266,238,201,0,0,101
1361,2250,500,251,393,163,211,0,0,114
1362,4233,500,430,0,672,432,0,0,173
1363,3672,500,447,433,554,378,0,0,171
1364,6267,500,741,0,1131,647,0,0,252
1365,964,500,257,87,95,93,0,0,75
1366,2784,500,271,501,0,244,0,0,123
1367,2544,500,1107,594,0,223,0,0,131
1368,4311,500,632,580,427,415,0,0,175
1369,2126,500,91,213,240,213,0,0,103
1370,2367,500,150,0,344,240,0,0,118
1371,2336,500,350,236,163,225,0,0,97
1372,4789,500,302,811,0,419,0,0,173
1373,4847,500,472,674,421,461,0,0,184
1374,1591,500,217,230,115,151,0,0,90
1375,6676,500,450,1342,0,584,500,0,223
1376,2856,500,408,504,0,251,0,0,117
1377,12229,900,1242,2463,0,1070,500,0,386
1378,2760,500,313,539,0,241,500,0,115
1379,2020,500,154,202,106,190,0,0,92
1380,2111,500,149,231,53,191,0,0,92
1381,7587,500,431,1094,538,708,0,0,280
1382,6064,500,1094,0,782,596,0,0,248
1383,3649,500,615,0,477,360,0,0,158
1384,4597,500,554,904,0,402,0,0,170
1385,7489,500,932,0,1163,770,500,0,288
1386,1802,500,231,216,243,183,500,0,86
1387,3512,500,553,664,0,307,0,0,133
1388,2336,500,126,0,275,231,0,0,117
1389,3363,500,405,408,412,327,0,0,166
1390,16941,900,2121,0,3293,1755,0,0,643
1391,5063,500,337,0,955,531,0,0,213
1392,6152,500,704,0,890,617,0,0,239
1393,10560,900,1076,1778,1099,1018,0,0,370
1394,1806,500,183,303,0,158,0,0,96
1395,2384,500,183,480,0,208,500,0,99
1396,4965,500,574,853,218,453,0,0,193
1397,2587,500,478,0,459,272,0,0,125
1398,3505,500,413,752,0,307,0,0,158
1399,1141,500,107,169,0,100,0,0,80
1400,7795,500,0,0,977,760,0,0,285
1401,26855,900,547,4372,1434,2467,0,0,825
1402,3864,500,515,700,0,338,0,0,145
1403,10501,900,1236,866,1547,1049,15233,0,62
1404,2565,0,530,451,0,225,0,0,90
1405,2718,500,492,0,373,280,0,0,126
1406,2221,500,168,243,104,208,0,0,94
1407,3955,500,381,718,0,345,0,0,155
1408,8894,500,991,992,991,865,0,0,319
1409,1487,500,0,0,0,130,0,0,89
1410,2480,500,182,302,347,249,0,0,125
1411,2354,500,267,0,374,240,0,0,122
1412,10046,900,1118,1140,927,958,0,0,368
1413,3173,500,517,321,446,314,0,0,158
1414,2287,500,225,0,348,231,500,0,107
1415,4912,500,499,0,877,524,0,0,197
1416,2939,500,273,422,157,273,0,0,123
1417,2441,500,384,534,0,214,0,0,116
1418,1894,500,210,309,194,183,0,0,106
1419,1781,500,142,192,223,180,0,0,101
1420,2035,500,113,218,64,186,0,0,91
1421,8598,500,1477,1873,0,752,0,0,300
1422,1216,500,152,221,56,111,0,0,86
1423,1915,500,264,0,285,197,0,0,99
1424,4064,500,863,0,573,421,0,0,165
1425,3659,500,223,0,722,386,0,0,173
1426,6152,500,333,935,276,564,0,0,217
1427,2267,500,180,294,161,216,500,0,87
1428,2771,500,257,0,398,280,0,0,132
1429,4848,500,218,0,0,424,0,664,148
1430,3209,500,538,250,398,323,500,0,117
1431,1321,500,158,285,0,116,500,0,73
1432,2377,500,169,0,227,236,0,0,103
1433,16605,900,1990,0,2334,1646,0,0,607
1434,1450,500,155,123,150,141,0,0,90
1435,1563,500,90,0,119,158,0,0,82
1436,1581,500,115,137,142,154,0,0,88
1437,5570,500,1124,1144,0,487,0,0,187
1438,4500,500,449,0,578,449,0,6476,40
1439,1769,500,328,393,0,155,500,0,83
1440,2956,500,310,0,0,259,500,0,120
1441,7670,500,551,0,931,748,0,0,294
1442,3785,500,0,561,0,332,500,0,122
1443,1102,500,94,109,112,107,0,0,78
1444,8957,500,2184,0,1638,922,0,0,335
1445,2324,500,679,406,0,203,0,0,96
1446,3863,500,506,497,592,408,0,0,158
1447,2158,500,559,369,165,205,0,0,111
1448,6251,500,1521,1078,0,547,0,0,237
1449,1812,500,328,0,215,176,0,0,110
1450,5370,500,220,0,876,540,0,0,253
1451,1542,500,162,0,213,154,0,0,96
1452,5610,500,389,487,726,554,0,0,223
1453,5750,500,0,0,919,588,0,0,238
1454,2693,500,177,388,196,255,500,0,103
1455,2867,500,275,277,224,273,0,0,122
1456,5479,500,448,0,787,567,0,0,209
1457,2491,500,147,252,114,232,500,0,87
1458,7852,500,906,467,969,768,0,0,291
1459,1116,500,185,230,0,97,0,0,79
1460,4956,500,329,0,0,446,0,0,183
1461,9765,500,654,2032,0,879,0,0,325
1462,8335,500,947,0,1231,835,0,0,305
1463,1535,500,294,187,107,149,500,0,63
1464,4215,500,615,0,673,436,0,0,163
1465,1659,500,88,261,122,156,0,0,95
1466,1891,500,162,177,175,183,0,0,103
1467,4627,500,699,582,301,433,0,0,166
1468,9154,500,919,809,1047,892,500,0,312
1469,19436,1890,0,0,0,0,0,0,0
1470,3672,500,566,564,566,377,0,0,162
1471,4582,500,1005,536,565,466,0,0,194
1472,3114,500,510,538,110,282,0,0,132
1473,4313,500,669,451,335,410,500,0,149
1474,3156,500,402,0,645,339,0,0,146
1475,14619,900,1498,2973,0,1279,500,0,456
1476,4218,500,630,679,221,390,0,0,162
1477,4099,500,229,0,462,405,0,0,165
1478,3633,500,897,480,379,349,0,0,163
1479,11871,900,1758,0,2281,1225,0,0,477
1480,4742,500,506,0,723,498,0,0,188
1481,1405,500,220,210,141,138,2404,0,36
1482,2131,500,220,204,275,209,0,0,118
1483,1778,500,307,265,0,155,500,0,81
1484,4349,500,699,391,568,431,500,0,175
1485,2061,500,153,199,0,180,0,0,88
1486,1533,500,202,136,114,147,500,0,70
1487,3381,500,331,292,406,332,0,0,152
1488,2277,500,214,207,192,220,0,0,109
1489,2846,500,526,392,110,262,0,0,111
1490,5096,500,736,1012,0,446,0,0,187
1491,5385,500,863,0,672,544,0,0,210
1492,3226,500,199,0,572,339,500,0,139
1493,3573,500,0,474,0,312,500,0,129
1494,3468,500,467,0,536,353,0,0,154
1495,2637,500,212,316,176,252,0,0,108
1496,9510,500,556,0,1418,957,0,0,334
1497,2100,500,269,366,0,189,0,0,99
1498,5379,500,290,686,373,506,0,0,201
1499,2321,500,222,244,222,224,500,0,101
1500,2016,500,88,0,0,177,0,0,97
1501,5107,500,606,0,695,504,0,0,213
1502,6702,500,964,1323,0,603,0,0,231
1503,7727,500,835,0,917,750,0,0,301
1504,6731,500,1121,0,1010,681,500,0,246
1505,959,500,57,0,154,96,500,0,65
1506,1692,500,88,310,0,148,0,0,96
1507,2153,500,213,171,304,218,0,0,110
1508,7061,500,888,569,1136,715,0,0,284
1509,2607,500,470,481,0,234,0,0,116
1510,3994,500,260,0,575,406,0,0,165
1511,28301,900,3466,0,3713,2775,0,1318,979
1512,2216,500,386,207,177,219,500,0,91
1513,5112,500,568,555,557,511,500,0,195
1514,5254,500,649,1123,0,460,0,0,237
1515,4788,500,299,0,344,451,0,0,177
1516,3963,500,562,0,598,402,500,0,150
1517,3920,500,228,378,443,385,0,0,158
1518,4977,500,580,951,0,436,0,0,180
1519,2424,500,1112,279,317,240,0,0,122
1520,2953,500,271,503,0,258,0,0,112
1521,1690,500,204,177,110,161,0,0,85
1522,1006,500,273,95,117,99,0,0,79
1523,1489,500,159,0,215,148,0,0,106
1524,4778,500,342,0,774,483,0,0,209
1525,2964,500,117,194,344,298,0,0,121
1526,1954,500,197,132,260,197,0,0,105
1527,1921,500,177,194,113,179,0,0,102
1528,3688,500,259,616,167,336,4950,0,42
1529,9474,500,603,1617,361,858,0,0,323
1530,6079,500,991,910,375,566,0,0,222
1531,2184,500,273,289,163,210,0,0,100
1532,6487,500,1461,0,1081,666,0,0,265
1533,14841,900,1762,1792,1602,1469,500,0,530
1534,1346,500,108,213,61,123,0,0,85
1535,2320,500,368,521,0,209,0,0,118
1536,3165,500,464,0,453,322,0,487,126
1537,1684,500,0,0,0,147,0,0,92
1538,7500,500,1262,884,841,729,0,0,288
1539,5836,500,415,649,540,556,500,0,213
1540,5250,500,1136,877,373,491,0,0,210
1541,2074,500,169,0,292,217,0,0,100
1542,3649,500,410,614,522,365,0,0,172
1543,2899,500,363,425,474,292,0,0,147
1544,2185,500,253,168,181,213,0,0,98
1545,3585,500,527,560,262,339,0,0,144
1546,1531,500,147,184,192,159,0,0,90
1547,1735,500,47,148,61,161,0,0,79
1548,4454,500,227,0,0,390,0,0,167
1549,3437,500,425,551,484,349,0,0,164
1550,2507,500,198,250,0,219,0,0,97
1551,5477,500,355,1017,0,479,0,0,192
1552,3078,500,493,0,0,270,0,0,134
1553,2719,500,275,0,416,278,0,0,128
1554,2034,500,186,367,0,178,0,0,98
1555,2816,500,243,343,0,246,500,0,99
1556,1095,500,94,109,112,106,0,0,78
1557,3699,500,412,0,491,365,0,0,167
1558,1663,500,166,0,284,170,0,0,101
1559,6375,500,1054,728,671,618,0,0,236
1560,1736,500,161,230,111,163,0,0,96
1561,2123,500,115,268,193,202,500,0,96
1562,3873,500,240,0,455,379,0,0,169
1563,2236,500,259,314,166,211,500,0,96
1564,681,500,74,0,113,73,0,0,69
1565,6537,500,1464,0,1144,677,0,0,248
1566,2497,500,315,113,268,248,0,0,112
1567,3907,500,256,679,0,352,0,0,142
1568,2117,500,106,0,225,213,0,0,196
1569,2462,500,174,0,298,252,0,0,111
1570,4929,500,601,590,758,508,0,0,213
1571,3521,500,0,588,0,317,0,0,135
1572,3654,500,440,746,0,320,0,0,146
1573,3743,500,639,350,393,362,0,0,165
1574,5291,500,336,512,504,512,0,0,188
1575,4155,500,850,0,843,458,0,0,184
1576,3903,500,371,611,335,372,0,0,161
1577,3047,500,326,473,0,274,500,0,98
1578,6153,500,572,939,316,568,0,0,220
1579,8129,500,474,598,1424,837,0,0,297
1580,2647,500,135,0,394,269,500,0,122
1581,3077,500,315,486,221,290,0,0,132
1582,4740,500,639,0,494,463,0,0,174
1583,2214,500,218,312,0,194,0,0,108
1584,9022,900,2006,0,1423,905,0,0,358
1585,7536,500,875,823,754,726,0,0,252
1586,2045,500,229,431,0,179,500,0,86
1587,1082,500,0,69,109,107,0,0,75
1588,1965,500,330,294,0,171,0,0,92
1589,2248,500,231,0,340,231,0,0,112
1590,3972,500,488,0,815,416,500,0,168
1591,2943,500,327,0,279,287,0,0,121
1592,1963,500,112,217,0,172,0,0,89
1593,4183,500,662,892,0,366,500,0,138
1594,1468,500,191,215,0,129,0,0,81
1595,1119,500,83,0,113,114,0,0,74
1596,4285,500,624,425,388,414,0,0,169
1597,3883,500,399,792,0,339,0,0,153
1598,5420,500,527,753,0,474,0,0,191
1599,3750,500,519,709,0,338,0,0,146
1600,5059,500,752,0,682,505,0,0,198
1601,1499,500,91,0,238,162,500,0,74
1602,1538,500,247,0,201,160,0,0,88
1603,2198,500,180,0,281,216,0,0,117
1604,1220,500,152,221,56,111,0,0,84
1605,2320,500,106,300,107,214,0,0,104
1606,2554,500,151,227,283,253,0,0,118
1607,2281,500,0,319,298,231,0,0,124
1608,3128,500,531,292,416,310,0,0,149
1609,2542,500,224,404,0,223,500,0,90
1610,6130,500,389,984,376,569,0,0,220
1611,1923,500,249,167,178,188,0,0,96
1612,46793,900,5384,7284,3589,4387,0,0,1533
1613,5060,500,572,0,675,501,0,0,207
1614,5700,500,336,0,889,580,500,0,198
1615,6371,500,387,0,1071,656,0,0,236
1616,4105,500,257,679,0,359,500,0,130
1617,5731,500,548,600,500,548,0,0,214
1618,4462,500,316,657,0,391,500,0,161
1619,4298,500,476,850,0,376,0,0,163
1620,13121,900,825,2674,0,1148,0,0,430
1621,2838,500,182,448,0,248,0,0,111
1622,10764,900,1303,0,1789,1092,0,0,419
1623,2567,500,141,0,418,264,0,0,123
1624,5216,500,594,0,830,525,0,0,231
1625,1582,500,91,0,179,164,0,0,82
1626,2361,500,277,416,0,207,0,0,121
1627,3883,500,407,451,418,374,0,0,113
1628,5688,500,702,0,879,586,0,0,232
1629,2529,500,407,227,272,246,0,0,126
1630,3255,500,547,603,151,297,0,0,150
1631,5274,500,622,455,691,525,0,2413,151
1632,1798,500,142,0,222,178,0,0,106
1633,4067,500,236,837,0,356,500,0,131
1634,11467,900,1228,2721,0,1004,0,0,397
1635,6908,500,441,938,0,605,0,0,225
1636,2418,500,319,0,560,271,0,0,120
1637,5951,500,376,805,477,560,500,0,229
1638,5949,500,0,719,344,553,0,0,216
1639,1764,500,130,243,109,165,0,0,93
1640,1679,500,101,0,186,178,500,0,70
1641,4084,500,551,787,0,358,500,0,141
1642,2201,500,183,234,170,219,0,0,105
1643,4300,500,291,0,492,423,0,0,172
1644,1738,500,118,170,60,160,0,0,81
1645,3275,500,501,466,216,315,500,0,126
1646,1138,500,130,207,70,106,500,0,68
1647,1932,500,168,147,174,186,0,0,99
1648,2598,500,106,334,104,238,0,0,110
1649,4021,500,261,0,563,406,500,0,149
1650,3549,500,645,789,0,311,0,0,157
1651,2881,500,127,404,0,252,500,0,92
1652,1776,500,155,0,312,190,0,0,97
1653,3460,500,381,697,0,311,0,0,152
1654,2536,500,381,0,285,254,0,0,113
1655,4929,500,629,0,993,512,0,0,219
1656,2541,500,216,278,206,245,0,0,112
1657,2665,500,226,206,390,272,0,0,122
1658,2030,500,266,171,143,194,0,0,95
1659,10386,900,1233,988,1305,1015,14839,0,61
1660,2094,500,106,246,0,184,0,0,85
1661,2394,500,317,471,0,210,500,0,103
1662,1383,500,152,141,135,138,0,0,86
1663,8260,500,555,1137,937,806,0,0,297
1664,2213,500,434,166,194,216,0,0,103
1665,2584,500,181,201,337,259,0,0,121
1666,2564,500,571,0,274,255,0,0,119
1667,6505,500,768,777,731,629,500,0,242
1668,2609,500,192,0,398,266,0,0,133
1669,2315,500,552,346,0,202,500,0,89
1670,3056,500,455,404,0,268,0,0,115
1671,2813,500,285,365,303,283,0,0,127
1672,1953,500,81,0,226,197,0,0,101
1673,8929,500,1238,1451,953,882,0,0,346
1674,14143,900,1774,0,2465,1437,500,0,532
1675,5025,500,623,1039,0,440,500,0,175
1676,2847,500,189,137,348,283,0,0,128
1677,1994,500,119,69,231,205,0,0,93
1678,4239,500,0,827,0,371,0,0,188
1679,3511,500,567,332,255,335,0,0,131
1680,1300,500,170,0,226,132,0,0,95
1681,4631,500,464,584,0,405,0,0,169
1682,7855,500,1524,745,932,770,0,0,302
1683,5787,500,679,563,847,575,0,0,243
1684,2889,500,400,477,0,253,0,0,122
1685,4833,500,563,0,676,488,0,0,192
1686,3000,500,449,449,0,262,0,0,133
1687,1714,500,165,146,172,165,0,0,98
1688,2017,500,89,227,0,176,0,0,94
1689,2704,500,0,351,0,243,0,0,101
1690,5281,500,248,782,283,489,0,0,192
1691,4166,500,556,0,673,419,500,0,174
1692,20625,900,2458,0,2447,2007,0,0,735
1693,1621,500,186,188,0,141,0,0,79
1694,5717,500,674,0,1203,603,0,0,234
1695,5479,500,1155,0,827,555,0,0,215
1696,1881,500,169,255,199,185,0,0,97
1697,3183,500,277,423,173,297,0,0,122
1698,1725,500,160,315,0,151,500,0,76
1699,3834,500,286,426,330,363,0,0,161
1700,3252,500,281,305,333,319,0,0,134
1701,7399,500,722,1584,0,648,0,0,245
1702,1415,500,113,204,146,138,0,0,86
1703,1840,500,101,114,120,179,500,0,68
1704,2211,500,125,268,217,213,0,0,112
1705,2017,500,220,329,116,187,0,0,104
1706,2113,500,282,404,0,190,0,0,104
1707,1318,500,160,0,209,132,0,0,91
1708,2629,500,317,0,270,261,0,0,113
1709,2092,500,155,291,264,204,0,0,117
1710,2385,500,172,186,179,230,0,0,106
1711,7311,500,1305,0,1291,751,0,0,296
1712,3444,500,649,577,412,334,0,0,157
1713,10973,900,1138,1634,0,960,0,0,373
1714,4584,500,638,485,442,456,500,0,151
1715,3463,500,254,0,551,348,500,0,159
1716,2950,500,306,0,0,258,0,0,127
1717,3890,500,334,0,568,398,0,0,160
1718,2455,500,238,181,318,248,0,0,114
1719,2396,500,224,0,399,247,0,0,120
1720,6831,500,1337,817,759,664,0,0,268
1721,3019,500,414,283,221,288,0,0,116
1722,3905,500,338,479,0,342,500,0,126
1723,4053,500,392,738,0,354,500,0,131
1724,5079,500,499,0,794,534,0,2271,149
1725,2197,500,227,203,108,213,0,0,94
1726,2082,500,195,339,0,183,0,0,95
1727,4039,500,297,793,0,353,0,0,155
1728,5014,500,749,711,0,438,0,186,174
1729,2111,500,125,0,385,218,0,0,117
1730,7879,500,577,0,0,710,0,0,255
1731,8736,500,1064,1382,679,819,0,0,325
1732,16622,900,1934,3038,1214,1550,0,0,590
1733,9628,900,1215,0,1806,988,14537,0,61
1734,6677,500,435,0,1137,684,0,0,256
1735,5424,500,751,0,763,547,0,0,201
1736,5679,500,679,518,770,563,0,0,220
1737,1801,500,95,0,224,179,0,0,116
1738,5630,500,360,0,629,551,0,0,226
1739,2925,500,379,378,292,285,0,0,130
1740,16735,900,1964,2382,1876,1618,0,0,600
1741,2048,500,242,294,342,207,0,0,114
1742,1555,500,155,221,57,141,0,0,86
1743,987,500,62,170,82,93,0,0,79
1744,1050,500,97,88,156,106,0,0,79
1745,2578,500,325,0,451,269,0,0,124
1746,3910,500,657,482,440,379,0,0,168
1747,2139,500,179,0,198,218,500,0,82
1748,7006,500,1057,1462,0,614,9177,0,57
1749,3179,500,275,357,0,278,0,0,116
1750,2019,500,160,224,59,184,0,0,91
1751,3068,500,280,0,450,312,0,0,140
1752,3221,500,401,0,456,330,0,0,132
1753,6022,500,657,0,827,603,0,0,228
1754,6691,500,430,707,651,643,500,0,225
1755,8484,500,1438,1515,0,742,0,0,293
1756,6612,500,900,941,785,650,500,0,228
1757,4607,500,468,860,0,415,0,0,175
1758,1716,500,96,82,121,168,0,0,81
1759,3702,500,0,0,691,392,0,0,156
1760,4348,500,468,684,604,436,0,0,182
1761,4707,500,333,0,761,477,500,0,179
1762,1938,500,117,235,58,176,0,0,93
1763,2718,500,318,0,479,280,0,0,156
1764,1604,500,100,0,178,168,500,0,69
1765,2637,500,225,0,338,264,0,0,128
1766,6555,500,796,1187,372,604,0,0,250
1767,16665,900,965,2841,1407,1572,0,0,568
1768,5006,500,319,660,0,438,0,0,187
1769,3267,500,294,576,0,286,4347,0,43
1770,5032,500,0,618,0,440,0,0,166
1771,5687,500,825,944,0,498,0,0,198
1772,5424,500,315,0,970,556,0,0,228
1773,2690,500,409,283,218,257,500,0,104
1774,3391,500,227,266,347,329,0,0,140
1775,9884,900,1110,0,1174,967,0,0,367
1776,1278,500,59,0,170,129,0,0,83
1777,1531,500,170,206,0,134,500,0,73
1778,5312,500,817,574,552,516,0,0,204
1779,3119,500,223,365,229,295,0,0,132
1780,1951,500,144,0,327,198,0,0,110
1781,6160,500,774,0,973,616,0,0,260
1782,3404,500,355,285,447,339,0,0,145
1783,6979,500,355,1062,377,645,0,0,234
1784,2295,500,112,424,0,207,500,0,94
1785,2771,500,135,253,225,265,0,0,120
1786,2572,500,109,0,406,271,0,0,115
1787,8839,500,1150,0,1120,863,0,0,343
1788,2905,0,211,0,438,292,0,0,126
1789,927,500,43,166,0,81,0,0,72
1790,4138,500,412,590,229,386,0,0,149
1791,2735,500,150,538,0,239,500,0,109
1792,2266,500,355,0,408,248,0,0,107
1793,6948,500,456,755,941,688,0,0,267
1794,2185,500,144,0,252,215,0,0,111
1795,2019,500,182,343,0,176,0,0,96
1796,6263,500,767,1025,344,595,0,0,227
1797,1049,500,89,146,58,97,0,0,75
1798,2691,500,165,359,172,253,0,0,113
1799,3582,500,271,0,364,344,0,0,159
1800,1797,500,68,142,184,178,0,0,92
1801,2700,500,386,0,358,278,0,0,114
1802,2263,500,0,0,0,198,500,0,98
1803,3230,500,213,0,442,324,500,0,125
1804,4255,500,524,0,759,435,500,0,176
1805,7097,500,1151,0,1245,731,0,0,293
1806,933,500,101,0,195,101,0,0,77
1807,1803,500,95,0,224,179,500,0,85
1808,2856,500,277,549,0,250,500,0,114
1809,3191,500,301,0,351,315,0,0,130
1810,2871,500,155,474,0,251,500,0,101
1811,2090,500,265,0,224,209,0,0,109
1812,1983,500,297,441,0,173,0,0,106
1813,5421,500,385,0,753,538,0,0,231
1814,3762,500,218,829,0,329,0,0,154
1815,3777,500,406,704,0,330,0,0,148
1816,4275,500,850,665,266,401,0,0,157
1817,3204,500,298,440,186,300,0,0,127
1818,2873,500,326,267,493,293,0,0,143
1819,2756,500,574,0,224,268,0,0,113
1820,5355,500,594,487,697,528,0,0,217
1821,1974,500,259,341,0,173,0,0,94
1822,6309,500,1112,0,1428,670,0,0,269
1823,4221,500,493,0,788,435,0,0,185
1824,7921,500,475,1118,0,694,500,0,246
1825,2066,500,116,0,184,206,0,0,135
1826,2894,500,190,0,464,299,0,0,135
1827,5229,500,364,0,598,510,0,0,203
1828,2721,500,0,532,0,239,0,0,135
1829,8780,500,570,754,1069,861,0,0,505
1830,847,500,86,150,68,80,500,0,59
1831,2865,500,258,226,383,288,0,0,129
1832,9890,900,1181,1768,1286,971,0,0,386
1833,1555,500,87,183,0,137,500,0,61
1834,1934,500,153,0,177,188,0,0,103
1835,1541,500,251,140,262,158,0,0,106
1836,4819,500,263,703,217,442,0,0,171
1837,2478,500,134,155,243,246,0,0,106
1838,2245,500,117,182,404,234,0,0,123
1839,12047,900,2020,2171,1085,1146,0,0,446
1840,8620,500,914,1819,0,754,0,0,296
1841,2203,500,375,0,286,220,0,0,113
1842,2716,500,150,404,0,237,500,0,91
1843,2055,500,151,235,248,206,500,0,102
1844,6015,500,989,1050,325,555,0,0,212
1845,2487,500,232,383,170,234,0,0,119
1846,8631,500,1030,1512,596,806,0,0,300
1847,2155,500,222,0,321,216,0,0,115
1848,2936,500,404,321,278,282,500,0,118
1849,8036,500,876,0,1096,800,0,0,304
1850,1693,500,162,238,0,148,0,0,87
1851,2571,500,146,307,116,239,0,0,104
1852,2301,500,166,179,179,223,0,0,100
1853,6813,500,738,1371,0,597,0,0,229
1854,4652,500,737,894,0,407,0,0,161
1855,5289,500,369,0,857,537,0,0,211
1856,6075,500,428,0,765,594,0,0,238
1857,2861,500,316,0,480,301,0,0,133
1858,11069,900,582,1593,0,968,0,0,381
1859,3723,500,386,0,550,377,0,0,163
1860,1492,500,96,196,0,130,0,0,77
1861,3841,500,496,485,292,366,0,0,144
1862,3103,500,338,442,0,271,0,0,128
1863,2544,500,226,0,384,261,500,0,104
1864,1292,500,199,136,158,132,0,0,88
1865,3949,500,384,570,162,362,0,0,147
1866,11684,900,1194,0,0,1021,0,0,388
1867,1482,500,135,193,120,143,0,0,84
1868,2566,500,202,0,435,261,0,0,129
1869,1982,500,219,373,0,174,0,0,101
1870,3461,500,351,632,0,302,0,0,135
1871,2414,500,104,373,0,212,0,0,100
1872,2430,500,338,282,0,213,0,0,100
1873,11962,900,702,2070,1004,1127,0,0,430
1874,6023,500,352,806,376,560,0,0,232
1875,2614,500,300,235,366,260,0,0,231
1876,1394,500,221,0,281,144,0,0,97
1877,6872,500,554,735,737,666,0,0,248
1878,2539,500,269,355,0,222,500,0,100
1879,2576,500,175,463,0,232,0,0,116
1880,11848,900,2731,0,1520,1199,0,9513,250
1881,1790,500,215,228,202,181,0,0,92
1882,10649,900,1132,1789,539,978,0,0,372
1883,1552,500,195,156,81,146,0,0,81
1884,2363,500,249,304,244,228,0,0,118
1885,1942,500,307,0,328,199,0,0,116
1886,2688,500,150,0,493,286,0,0,139
1887,5157,500,345,0,942,533,0,0,214
1888,5269,500,671,549,553,513,0,0,197
1889,15336,900,1757,2150,1496,1465,0,0,542
1890,1770,500,343,0,395,194,0,0,103
1891,5496,500,881,0,330,510,7717,0,53
1892,7027,500,482,551,899,691,0,0,265
1893,2358,500,407,0,383,245,500,0,117
1894,4739,500,270,367,560,468,0,0,183
1895,4347,500,295,607,454,420,0,0,176
1896,1982,500,154,232,115,188,0,0,92
1897,2403,500,466,482,0,210,0,0,115
1898,4558,500,204,855,0,398,0,0,169
1899,4987,500,266,473,561,491,0,0,186
1900,8913,500,0,929,992,863,0,0,305
1901,9085,500,1584,1495,761,856,0,0,348
1902,9250,500,538,1565,591,858,0,0,323
1903,1153,500,108,66,171,115,0,0,87
1904,2751,500,237,313,297,265,551,0,126
1905,3283,500,303,0,532,343,500,0,116
1906,5689,500,314,596,537,545,0,0,217
1907,2551,500,225,0,288,259,500,0,97
1908,4481,500,265,0,328,425,500,0,146
1909,3239,500,211,387,239,305,0,0,135
1910,1601,500,79,0,278,168,0,0,95
1911,13054,900,1546,2056,1938,1299,0,0,502
1912,2483,500,279,430,163,231,0,0,121
1913,9443,500,590,1560,450,864,0,0,317
1914,6071,500,290,1096,0,532,0,0,199
1915,3081,500,489,567,0,270,0,0,134
1916,1247,500,218,212,196,127,0,0,86
1917,5013,500,534,591,661,493,0,0,212
1918,19106,900,2283,0,2665,1892,0,0,686
1919,2597,500,585,0,491,273,0,0,136
1920,2397,500,387,0,302,235,0,0,130
1921,1947,500,406,0,233,195,0,0,99
1922,2297,500,172,0,290,239,0,0,103
1923,3822,500,201,600,219,354,0,0,158
1924,4856,500,563,968,0,425,500,0,175
1925,4320,500,224,339,623,437,500,0,165
1926,7294,500,862,1304,421,673,0,0,272
1927,1579,500,165,0,283,162,0,0,101
1928,3261,500,274,560,0,285,0,0,124
1929,7090,500,558,0,982,710,0,0,261
1930,5871,500,1412,0,717,574,0,0,242
1931,2859,500,0,329,0,250,0,0,123
1932,1241,500,197,136,111,119,0,0,84
1933,5426,500,585,0,893,568,500,0,202
1934,5956,500,666,877,741,598,0,0,234
1935,8000,500,922,931,915,777,0,0,301
1936,1100,500,83,0,113,112,0,0,74
1937,10013,900,661,1624,786,943,0,0,336
1938,1403,500,54,82,110,136,0,0,80
1939,2010,500,147,0,175,200,0,0,90
1940,2155,500,340,289,0,189,0,0,88
1941,2722,500,270,0,0,239,0,0,123
1942,3777,500,334,365,336,363,0,0,149
1943,1962,500,58,123,119,189,0,0,92
1944,4239,500,520,732,0,370,0,0,143
1945,5359,500,829,639,536,529,0,0,208
1946,4924,500,454,745,222,451,0,0,183
1947,3990,500,382,0,462,395,0,0,158
1948,7717,500,1287,1421,466,714,500,0,276
1949,4962,500,1129,0,902,522,0,0,231
1950,2417,500,374,0,455,249,500,0,108
1951,2723,500,687,554,167,251,0,0,130
1952,4889,500,549,0,922,506,0,0,211
1953,4929,500,493,725,165,447,0,0,169
1954,2527,500,185,403,143,234,0,0,120
1955,3801,500,649,787,0,333,0,0,149
1956,2106,500,165,232,114,198,0,0,101
1957,2799,500,482,408,399,287,0,0,123
1958,2042,500,220,285,111,189,0,0,105
1959,5338,500,955,0,669,542,500,0,202
1960,2709,500,588,0,277,262,0,0,134
1961,2478,500,175,310,244,239,0,0,118
1962,2119,500,227,329,0,185,0,0,108
1963,2457,500,157,0,405,261,0,0,119
1964,1302,500,75,110,251,136,0,0,90
1965,3083,500,223,590,0,270,0,0,131
1966,2112,500,177,0,259,214,500,0,82
1967,3079,500,144,0,330,305,0,0,125
1968,1610,500,329,291,0,141,0,0,87
1969,2607,500,311,151,444,266,0,0,134
1970,2348,500,154,0,349,241,500,0,108
1971,3338,500,283,0,466,341,0,0,140
1972,3676,500,817,464,397,355,0,0,159
1973,3680,500,361,502,409,365,0,0,148
1974,1432,500,56,0,224,150,500,0,75
1975,2261,500,180,293,115,211,0,0,106
1976,1694,500,117,226,0,148,500,0,67
1977,3988,500,253,0,606,420,0,0,154
1978,5919,500,679,899,423,553,0,0,228
1979,4325,500,300,627,394,424,0,0,178
1980,3809,500,673,712,0,333,0,0,148
1981,2924,500,274,422,171,272,0,0,123
1982,3773,500,381,680,0,330,0,0,142
1983,1570,500,172,0,190,155,2587,0,37
1984,2346,500,266,503,0,211,0,0,122
1985,2243,500,124,287,0,196,0,0,110
1986,2040,500,264,145,206,201,0,0,101
1987,3656,500,198,646,0,320,0,0,149
1988,4156,500,390,391,349,399,0,0,156
1989,7947,500,768,1549,0,696,0,0,261
1990,1934,500,131,251,0,170,500,0,70
1991,1236,500,95,110,113,120,0,0,83
1992,7315,500,1550,1525,0,640,0,0,239
1993,2734,500,257,507,0,239,0,0,118
1994,3941,500,383,603,170,361,0,0,153
1995,2671,500,592,0,559,283,0,0,144
1996,2031,500,168,302,0,178,0,0,96
1997,5945,500,631,1257,0,520,0,0,214
1998,2984,500,511,362,325,289,0,0,143
1999,2089,500,129,245,0,183,0,0,99
2000,2324,500,222,316,234,225,500,0,102
2001,3626,500,226,594,0,317,0,0,130
2002,3382,500,300,528,0,304,0,4486,40
2003,9342,900,555,0,1481,970,0,0,373
2004,4749,500,498,0,746,485,0,0,201
2005,1651,500,56,83,113,160,500,0,63
2006,2724,500,474,0,467,279,0,0,134
2007,2843,500,183,0,0,256,0,0,111
2008,2003,500,89,313,0,175,0,0,96
2009,3766,500,853,0,1095,432,0,0,184
2010,2290,500,183,0,372,232,0,0,120
2011,8474,500,449,874,697,802,0,0,283
2012,2749,500,330,572,0,240,0,0,128
2013,7187,500,771,855,935,705,0,0,294
2014,1692,500,143,0,171,168,500,0,70
2015,6564,500,419,910,474,616,0,0,241
2016,1201,500,322,166,104,113,219,0,80
2017,12643,900,826,2134,663,1161,0,0,446
2018,1862,500,0,202,293,198,0,0,95
2019,4173,500,547,858,0,365,500,0,158
2020,8844,900,1409,0,2038,964,500,0,373
2021,4408,500,298,716,248,407,0,0,173
2022,2497,500,184,480,0,218,0,3399,38
2023,2654,500,226,0,277,260,500,0,99
2024,2155,500,82,173,129,206,0,0,93
2025,1686,500,158,138,196,166,0,0,101
2026,1446,500,115,167,59,134,0,0,79
2027,4459,500,526,540,488,430,0,0,188
2028,2542,500,132,248,0,222,0,0,98
2029,2008,500,148,194,283,209,500,0,90
2030,4641,500,264,0,490,451,0,0,186
2031,1639,500,141,0,220,162,0,0,105
2032,6687,500,680,1286,0,585,0,0,228
2033,10731,900,763,0,2514,1143,0,0,415
2034,5317,500,675,519,799,530,0,0,227
2035,4048,500,261,0,520,417,500,0,152
2036,4668,500,517,401,585,461,0,0,194
2037,2659,500,292,0,435,267,0,0,139
2038,4180,500,398,0,499,414,0,0,166
2039,1857,500,334,177,323,190,0,0,108
2040,3184,500,302,0,397,322,0,0,137
2041,2709,500,106,335,115,250,500,0,97
2042,2906,500,112,317,0,254,0,0,110
2043,3430,500,343,0,500,352,0,0,143
2044,6838,500,788,1481,0,598,0,0,248
2045,1888,500,128,228,111,179,0,0,91
2046,1830,500,65,0,172,183,0,0,88
2047,1557,500,255,93,180,157,0,0,85
2048,1254,500,55,174,61,116,0,0,80
2049,1562,500,168,0,59,144,0,0,79
2050,3556,500,411,0,557,371,0,0,170
2051,1686,500,88,310,0,147,0,2421,40
2052,4493,500,623,710,228,414,0,0,158
2053,3185,500,326,646,0,279,0,0,137
2054,15064,900,1688,2619,1198,1417,0,0,524
2055,2539,500,226,321,0,222,0,0,110
2056,1287,500,97,0,259,140,0,0,88
2057,1396,500,0,0,110,135,0,0,91
2058,2648,500,222,327,0,231,0,0,112
2059,5355,500,558,433,582,524,0,0,194
2060,1715,500,67,141,177,170,0,0,96
2061,2641,500,332,0,0,231,0,0,113
2062,46648,900,2681,8066,2768,4304,0,0,1465
2063,2452,500,157,0,409,259,0,0,114
2064,970,500,93,87,111,94,500,0,64
2065,2088,500,0,308,0,182,0,0,94
2066,3456,500,573,511,442,352,0,0,157
2067,5814,500,1149,672,533,557,0,0,231
2068,23557,900,3033,0,4527,2423,0,0,892
2069,3793,500,532,417,333,363,500,0,138
2070,1776,500,666,354,164,170,0,0,103
2071,1554,500,56,211,0,136,0,0,91
2072,3260,500,542,0,474,328,0,0,147
2073,2329,0,372,416,0,204,0,0,87
2074,2406,500,182,0,346,242,1897,0,80
2075,2127,500,221,329,117,197,0,0,108
2076,1779,500,207,308,82,163,0,0,100
2077,2291,500,232,357,164,215,0,0,112
2078,1907,500,340,131,168,188,0,0,91
2079,1749,500,0,252,0,153,0,0,94
2080,4870,500,350,0,832,497,0,0,202
2081,3525,500,895,481,378,338,0,0,162
2082,2671,500,364,204,306,266,0,0,116
2083,4367,500,453,0,511,432,0,0,174
2084,3002,500,130,0,319,305,500,0,113
2085,2595,500,0,349,0,227,0,0,97
2086,3503,500,222,633,0,306,0,0,138
2087,4902,500,525,434,649,486,0,543,182
2088,1996,500,444,336,0,175,0,0,108
2089,61881,0,0,0,0,0,0,0,0
2090,2931,500,509,361,269,278,0,0,139
2091,1946,500,75,0,175,193,0,0,91
2092,6258,500,374,0,1149,648,0,0,268
2093,3075,500,323,0,618,329,0,0,142
2094,3207,500,285,0,424,331,0,0,141
2095,3837,500,396,0,619,391,0,0,163
2096,785,500,66,97,0,68,0,0,63
2097,4916,500,552,0,349,475,0,0,193
2098,2725,500,272,417,189,257,0,0,120
2099,10085,900,1050,2089,0,882,0,0,334
2100,3866,500,1118,0,520,387,0,0,171
2101,3698,500,810,596,0,324,0,0,150
2102,1848,500,107,203,0,166,0,0,82
2103,8370,500,1700,1247,599,784,0,0,300
2104,1136,500,94,110,112,110,0,0,81
2105,7081,500,1558,0,999,710,0,0,280
2106,1596,500,220,348,0,140,220,0,85
2107,3045,0,182,324,0,266,0,0,92
2108,6405,500,748,1163,542,604,1095,0,227
2109,5111,500,559,869,388,481,0,0,200
2110,2139,500,223,0,336,218,0,0,118
2111,2141,500,268,172,144,204,0,0,96
2112,4558,500,405,793,0,398,0,0,163
2113,6987,500,1557,859,702,672,0,0,259
2114,6369,500,371,854,537,605,0,0,232
2115,1029,0,85,0,112,104,1331,0,37
2116,3051,500,300,0,527,319,500,0,121
2117,1057,500,335,0,151,106,0,0,80
2118,4005,500,217,620,276,375,0,0,159
2119,1248,500,187,0,112,125,500,0,62
2120,2341,500,332,0,454,242,500,0,111
2121,2849,500,225,496,156,262,0,0,138
2122,2105,500,161,238,274,207,552,0,113
2123,5916,500,597,932,328,548,500,0,182
2124,3127,500,708,447,328,304,0,0,137
2125,7419,500,508,842,803,715,500,0,269
2126,3154,500,486,304,375,307,0,0,148
2127,4389,500,290,429,380,421,0,0,169
2128,9966,500,544,1485,0,872,0,0,331
2129,5938,500,355,753,575,570,0,0,210
2130,5630,500,581,855,271,519,0,0,202
2131,1828,500,328,393,0,160,500,0,83
2132,6372,500,695,849,508,602,0,0,236
2133,6684,500,467,1109,362,615,0,0,246
2134,5331,500,279,881,329,493,0,0,216
2135,1972,500,123,252,58,179,0,0,92
2136,1192,500,108,137,169,127,900,691,40
2137,3258,500,474,252,408,327,500,0,124
2138,2390,500,472,273,274,241,0,0,116
2139,4353,500,493,751,214,399,500,0,167
2140,2553,500,478,250,291,262,0,0,115
2141,2868,500,272,492,0,250,0,0,122
2142,5187,500,292,688,360,486,0,0,188
2143,3641,500,528,560,268,345,0,0,144
2144,3175,500,341,0,392,319,0,0,152
2145,8011,500,1297,938,813,771,0,0,282
2146,3994,500,260,305,461,394,0,0,169
2147,1972,500,160,224,59,179,0,0,89
2148,5600,500,549,603,607,560,0,1092,176
2149,1759,500,136,369,0,154,0,0,103
2150,1490,500,257,0,334,159,0,0,100
2151,4801,500,556,0,548,468,0,0,206
2152,2157,500,143,0,0,188,0,0,101
2153,2520,500,458,0,257,256,0,0,118
2154,1579,500,174,0,276,165,225,0,91
2155,3957,500,285,761,0,346,500,0,140
2156,2393,500,480,251,277,244,0,0,119
2157,4798,500,574,0,705,481,0,0,199
2158,9060,500,965,1922,0,794,0,0,311
2159,1407,500,170,129,172,138,0,0,94
2160,1650,500,105,229,0,145,0,0,82
2161,3694,500,567,787,0,323,500,0,140
2162,3437,500,0,482,0,301,0,0,128
2163,2673,500,378,0,398,278,0,0,133
2164,2143,500,154,432,0,190,0,0,108
2165,3617,500,465,183,524,367,0,0,149
2166,23205,900,2498,4981,0,2030,500,0,729
2167,3660,500,647,788,0,321,500,0,134
2168,1699,500,89,0,285,174,0,0,102
2169,7558,500,854,1514,0,661,0,0,254
2170,3712,500,582,0,653,388,0,543,168
2171,4305,500,277,0,435,417,500,0,152
2172,5640,500,565,1121,0,494,0,0,202
2173,2176,500,315,145,291,233,0,0,107
2174,3281,500,150,561,0,288,500,0,106
2175,1876,500,333,0,222,183,0,0,104
2176,6031,500,685,0,753,597,500,0,211
2177,1736,500,172,286,0,151,0,0,88
2178,26037,900,2203,0,3454,2560,0,0,894
2179,3220,500,462,257,281,310,0,0,130
2180,3838,500,348,493,0,336,0,0,139
2181,2298,500,234,0,0,206,0,0,101
2182,6023,500,1460,784,678,583,0,0,255
2183,4177,500,129,449,430,402,0,0,174
2184,8683,500,956,1004,981,842,500,2639,234
2185,2394,500,156,0,281,241,0,0,109
2186,5716,500,369,0,926,576,0,0,242
2187,26103,900,1095,3836,2124,2455,0,0,849
2188,7896,500,1573,1415,630,746,500,0,255
2189,4189,500,750,0,522,413,0,0,171
2190,5500,500,293,0,769,555,0,0,219
2191,3560,500,409,0,500,355,500,0,144
2192,2362,500,110,333,113,218,0,0,109
2193,33885,900,3671,7325,0,2965,0,0,1065
2194,5918,500,317,0,866,596,0,0,221
2195,4130,500,863,612,386,394,0,0,184
2196,15808,900,3008,0,2813,1609,0,0,634
2197,2428,500,203,0,279,242,500,0,92
2198,3630,500,0,330,324,349,0,0,144
2199,2606,500,226,0,307,264,0,0,112
2200,5844,500,312,575,490,557,500,0,202
2201,1952,500,228,0,240,197,0,0,98
2202,4745,500,638,578,437,458,500,0,161
2203,3985,500,673,376,566,398,0,0,179
2204,4938,500,767,1064,0,432,0,0,197
2205,907,500,52,79,105,88,0,0,76
2206,1477,500,173,150,40,136,0,0,79
2207,3370,500,438,264,350,330,0,0,131
2208,2427,500,174,0,233,248,500,0,89
2209,3756,500,801,0,559,376,0,0,165
2210,4151,500,404,577,0,363,0,0,154
2211,13070,900,1533,0,0,1177,0,0,430
2212,4259,500,278,0,664,430,0,0,187
2213,2768,500,159,0,539,285,0,0,146
2214,3840,500,374,0,581,395,0,0,151
2215,6208,500,356,0,835,637,0,0,242
2216,4417,500,906,843,0,386,0,0,154
2217,2204,500,417,0,402,239,0,0,106
2218,3453,500,301,0,568,360,0,0,147
2219,2470,500,224,123,343,249,0,0,117
2220,2343,500,160,338,117,216,0,0,109
2221,4767,500,461,912,0,429,0,0,174
2222,4715,500,265,472,441,467,0,0,192
2223,1939,500,223,263,195,188,0,0,107
2224,5940,500,570,812,0,519,500,0,183
2225,3136,500,596,385,219,297,0,0,126
2226,6471,500,442,0,1087,674,0,0,275
2227,2094,500,225,0,387,215,500,0,108
2228,2270,500,267,181,168,219,0,0,104
2229,4725,500,490,665,265,438,0,0,188
2230,6603,500,667,0,790,649,0,0,254
2231,2327,500,561,0,168,221,500,0,93
2232,4448,500,266,0,554,444,0,0,177
2233,3100,500,352,356,393,305,0,0,146
2234,9799,500,1064,1664,632,911,0,0,338
2235,2575,500,231,164,208,251,500,0,91
2236,1995,500,263,234,165,192,0,0,97
2237,1841,500,341,145,210,183,0,0,97
2238,1831,500,204,312,158,174,0,0,101
2239,3922,500,405,581,280,367,500,0,151
2240,2922,500,227,367,113,269,0,0,112
2241,8704,500,908,1304,0,762,0,0,296
2242,2324,500,229,315,0,204,0,0,93
2243,5530,500,776,1063,0,484,0,0,192
2244,2118,500,143,282,0,185,0,0,108
2245,850,500,0,124,0,75,0,0,71
2246,3554,500,492,303,346,344,0,0,148
2247,3312,500,605,639,164,303,0,0,151
2248,4175,500,249,755,0,366,0,0,152
2249,1870,500,145,285,61,169,0,0,97
2250,4033,500,369,525,0,353,500,0,134
2251,4062,500,217,367,534,400,500,0,172
2252,3869,500,397,0,671,399,0,0,179
2253,9550,500,1058,1620,855,909,0,0,336
2254,2947,500,433,460,228,279,0,0,127
2255,3742,500,810,0,603,391,0,313,156
2256,1839,500,217,388,0,160,0,0,98
2257,1946,500,168,302,0,170,0,0,94
2258,6751,500,221,898,475,633,0,0,232
2259,3028,500,468,617,0,265,0,0,126
2260,8403,500,1229,987,967,818,11917,0,61
2261,1597,500,116,0,215,165,500,0,79
2262,3951,500,378,0,572,404,0,1049,131
2263,3497,500,738,313,403,344,0,0,144
2264,2715,500,371,273,275,265,0,0,121
2265,3251,500,217,0,542,338,0,799,125
2266,5650,500,1181,511,682,558,0,0,218
2267,2654,500,278,0,330,262,0,0,127
2268,3219,500,233,0,640,336,0,0,153
2269,1852,500,175,209,113,174,0,0,92
2270,3056,500,298,295,287,296,0,0,127
2271,5507,500,613,711,410,519,500,0,196
2272,5150,500,299,742,225,472,0,0,178
2273,2871,500,226,425,0,252,0,0,114
2274,1980,500,290,300,0,174,0,0,89
2275,2267,500,145,193,170,217,0,0,108
2276,4877,500,1007,878,273,450,0,0,187
2277,1524,500,128,242,107,142,0,0,92
2278,8528,500,220,0,1184,843,0,0,311
2279,2889,500,435,600,0,260,500,0,112
2280,1206,500,281,0,184,126,0,0,82
2281,3314,500,160,480,164,305,0,0,136
2282,3207,500,352,355,332,310,0,0,142
2283,3242,500,473,516,150,297,0,0,138
2284,3944,500,529,535,0,345,0,0,147
2285,2372,500,96,250,203,237,0,0,104
2286,5451,500,682,1145,0,477,0,0,209
2287,1153,500,89,193,0,102,500,0,58
2288,1710,500,127,0,262,172,0,0,107
2289,6368,500,678,0,949,635,500,0,253
2290,3091,500,213,464,189,288,0,0,132
2291,4028,500,247,626,287,378,0,0,174
2292,3992,500,261,0,502,409,0,0,170
2293,3819,500,655,712,219,352,0,0,164
2294,3640,500,541,332,540,366,500,0,142
2295,5972,500,767,1021,415,559,0,0,227
2296,7043,500,1587,0,1085,712,0,0,269
2297,12248,900,1330,0,1644,1205,0,0,477
2298,9720,900,698,0,1511,978,0,0,370
2299,2111,500,317,0,319,210,0,0,113
2300,2116,500,256,303,0,185,0,964,68
2301,1878,500,200,0,441,207,500,0,98
2302,3283,500,258,501,0,288,0,0,119
2303,4398,500,291,430,392,435,0,0,178
2304,10158,900,1209,0,1620,1020,500,833,363
2305,3218,500,219,0,545,341,0,0,156
2306,2266,500,176,443,0,198,0,0,109
2307,1464,500,169,206,0,128,0,0,91
2308,4514,500,462,0,623,470,0,0,176
2309,1903,500,167,0,282,198,0,0,98
2310,4052,500,623,863,0,355,0,0,165
2311,4046,500,383,681,0,354,0,0,143
2312,1924,500,0,0,317,211,0,0,96
2313,2607,500,356,200,226,252,0,0,117
2314,1857,500,59,0,239,196,0,0,96
2315,10112,900,1420,0,1526,1016,0,3009,323
2316,7350,500,871,1569,0,644,0,0,252
2317,1871,500,114,0,180,191,0,0,96
2318,1898,500,107,206,0,165,500,0,68
2319,5548,500,952,0,815,569,0,0,223
2320,4052,500,552,0,591,404,0,0,191
2321,2326,500,567,0,392,243,0,0,110
2322,4168,500,621,425,336,398,0,0,156
2323,3822,500,111,0,472,386,0,0,169
2324,2959,500,304,603,0,259,0,0,130
2325,2883,500,327,0,324,287,0,0,123
2326,4205,500,664,476,438,407,0,0,174
2327,3406,0,191,551,0,297,0,0,109
2328,6659,500,468,742,705,642,0,0,257
2329,4606,500,785,536,443,442,0,0,180
2330,1832,500,101,93,150,181,0,0,87
2331,2324,500,336,235,311,234,0,0,108
2332,9548,500,1566,1421,0,835,0,0,282
2333,2925,500,294,379,0,256,0,0,126
2334,2634,500,186,281,316,258,0,0,129
2335,1842,500,344,0,338,196,0,0,101
2336,4610,500,265,0,666,477,0,0,201
2337,12502,900,1387,2163,885,1168,500,0,426
2338,2475,0,297,205,303,241,0,0,112
2339,11870,900,824,0,1472,1162,0,0,430
2340,7894,500,920,931,881,764,500,0,284
2341,3176,500,602,0,392,327,0,0,134
2342,5243,500,1134,1129,0,458,0,0,189
2343,1938,500,193,319,0,170,0,0,101
2344,3741,500,375,0,606,384,0,0,162
2345,2965,500,331,0,479,313,0,0,142
2346,4299,500,278,863,0,377,500,0,155
2347,1951,500,59,185,235,204,0,0,90
2348,3423,500,253,494,0,299,0,0,126
2349,4936,500,328,532,645,501,0,0,197
2350,4437,500,667,0,0,388,0,0,158
2351,9775,500,538,1872,0,856,500,0,313
2352,952,500,93,109,110,93,0,0,77
2353,3976,500,479,707,602,398,0,0,189
2354,3053,500,325,471,0,268,0,0,112
2355,2434,500,583,327,264,241,0,0,131
2356,5918,500,690,0,768,583,0,0,236
2357,5052,500,569,0,831,510,500,0,203
2358,2328,500,262,0,274,229,0,0,118
2359,1215,500,55,0,112,117,0,0,82
2360,2271,500,133,0,356,237,0,0,108
2361,1946,500,75,0,169,191,0,0,92
2362,32498,3200,5457,0,0,2925,0,0,0
2363,7743,500,1329,1864,0,678,0,0,265
2364,1462,500,115,234,157,146,0,0,91
2365,2792,500,400,0,300,272,0,0,128
2366,2305,500,106,0,226,225,0,0,106
2367,18254,900,2338,0,3278,1857,0,0,702
2368,4613,500,241,0,562,457,500,0,159
2369,3826,500,409,0,0,334,0,0,161
2370,3084,500,196,413,0,270,0,0,126
2371,2147,500,157,126,223,217,0,0,101
2372,3951,500,299,0,711,403,0,0,185
2373,10035,900,1211,1780,460,916,0,0,365
2374,4361,500,551,645,331,410,0,0,176
2375,1767,500,163,239,56,160,0,0,92
2376,3007,500,415,284,283,292,0,0,125
2377,4425,500,634,0,712,460,0,0,198
2378,5248,500,996,1067,0,472,500,0,180
2379,1912,500,178,0,281,194,0,0,104
2380,4008,500,112,0,560,413,0,0,175
2381,3309,500,466,0,454,336,500,0,130
2382,4096,500,540,0,626,419,0,0,167
2383,3776,500,0,0,518,385,0,0,155
2384,4742,0,521,0,790,484,500,0,164
2385,3706,500,546,544,321,353,0,0,156
2386,7108,500,1179,0,1374,743,0,0,280
2387,2814,500,274,0,393,284,112,0,130
2388,1882,500,249,0,178,190,0,0,95
2389,3427,500,179,586,0,299,0,0,128
2390,7360,500,358,0,0,662,2755,0,181
2391,6109,500,839,908,586,586,0,0,226
2392,1569,500,57,179,180,159,0,0,86
2393,3015,500,291,575,0,264,0,0,125
2394,30744,900,2132,0,4897,3089,0,0,1062
2395,1987,500,161,315,0,173,0,0,93
2396,4829,500,497,846,0,423,0,0,170
2397,1859,500,552,0,326,189,0,0,112
2398,4293,500,664,475,378,411,0,0,176
2399,6850,500,686,0,388,635,500,0,215
2400,1113,500,102,148,133,109,0,0,83
2401,2418,500,224,404,0,217,0,0,113
2402,1851,500,314,332,204,179,0,0,104
2403,4512,500,546,536,484,435,0,0,186
2404,2269,500,268,127,232,227,0,0,100
2405,5701,500,579,956,558,547,0,0,221
2406,1634,500,128,227,282,165,0,0,104
2407,5559,500,509,835,407,525,0,0,194
2408,2203,500,156,232,58,200,0,0,92
2409,2294,500,561,251,168,218,0,0,109
2410,5963,500,418,0,882,597,0,0,235
2411,1437,500,116,169,117,141,0,0,84
2412,8992,500,909,1801,0,787,500,0,284
2413,2378,500,221,363,122,220,0,0,107
2414,4298,500,838,0,555,429,0,0,177
2415,1909,500,215,210,79,177,0,0,89
2416,4860,500,501,504,491,471,0,0,182
2417,1850,500,260,0,220,183,0,0,103
2418,3516,500,199,0,456,348,0,0,148
2419,1921,500,143,244,0,168,0,0,95
2420,3088,500,220,415,294,297,0,0,141
2421,4265,500,299,807,0,373,500,184,144
2422,2519,500,181,351,0,221,0,0,94
2423,3930,500,255,601,272,369,0,0,163
2424,2128,500,123,398,0,192,0,0,108
2425,9360,500,1439,1438,0,819,0,0,320
2426,2183,500,115,148,117,206,0,0,91
2427,1997,500,114,0,181,197,0,0,93
2428,5529,500,395,0,771,547,0,0,239
2429,2462,500,263,122,275,242,0,0,114
2430,6482,500,686,0,815,638,0,0,249
2431,2907,500,414,286,266,289,500,0,112
2432,4826,500,508,0,526,473,0,0,185
2433,2765,500,257,0,392,278,0,0,130
2434,1348,500,171,149,40,124,0,0,78
2435,1897,500,0,245,0,165,0,0,88
2436,2421,500,417,358,0,212,0,0,96
2437,3146,500,318,527,0,283,0,0,115
2438,2056,500,143,174,244,202,0,0,112
2439,6148,500,354,0,651,597,0,0,235
2440,3405,500,691,0,440,340,0,0,150
2441,8779,500,997,1324,831,838,0,0,320
2442,2309,500,223,376,0,202,0,0,100
2443,2405,500,125,0,552,257,0,0,132
2444,1216,500,44,142,58,113,0,0,76
2445,1574,500,244,0,174,159,0,0,93
2446,3238,500,472,470,216,302,0,0,137
2447,1942,500,147,270,343,198,0,0,117
2448,1594,500,255,287,56,149,0,0,97
2449,6756,500,355,1343,0,591,0,0,249
2450,3715,500,239,484,275,349,0,0,155
2451,3288,500,327,0,670,357,0,0,142
2452,1952,500,330,391,0,171,0,0,99
2453,1972,500,186,270,198,194,0,0,102
2454,3026,500,218,489,204,283,0,0,144
2455,3726,500,744,312,400,366,0,0,145
2456,2389,500,223,122,285,235,0,0,117
2457,7028,500,504,1195,576,662,0,0,267
2458,3216,500,325,0,527,345,0,0,139
2459,1205,500,107,170,0,106,0,0,80
2460,8218,500,1396,1287,533,764,500,0,269
2461,3655,500,225,576,0,320,0,0,133
2462,1290,500,77,0,160,126,0,0,89
2463,1854,500,258,320,0,162,0,0,91
2464,1858,500,0,75,126,182,0,0,82
2465,1714,500,338,0,220,171,0,0,96
2466,2625,500,149,403,0,229,0,0,105
2467,3991,500,679,0,0,350,0,0,138
2468,6083,500,282,547,876,604,0,0,250
2469,3629,500,493,379,346,351,0,0,149
2470,1816,500,219,0,209,191,500,0,77
2471,3073,500,353,0,442,306,0,0,147
2472,2045,500,158,0,278,208,0,0,106
2473,3519,500,0,531,0,307,500,0,107
2474,3070,500,417,0,336,304,0,0,125
2475,4419,500,407,534,385,424,0,0,170
2476,3297,500,408,0,363,326,0,0,132
2477,2298,500,221,394,0,201,0,0,105
2478,2994,500,225,0,505,305,0,0,146
2479,1747,500,153,180,0,152,0,0,84
2480,4300,500,461,808,0,376,3527,0,68
2481,3212,500,319,392,0,290,0,0,122
2482,3958,500,545,0,596,413,0,0,171
2483,2669,500,296,0,446,272,0,0,130
2484,2563,500,350,0,240,251,0,0,112
2485,4128,500,265,0,552,424,0,0,167
2486,1901,500,555,0,377,197,0,0,115
2487,2936,500,129,299,215,280,0,0,118
2488,10567,900,1097,2181,0,924,0,0,352
2489,809,500,73,0,113,82,500,0,56
2490,1430,500,0,274,0,125,0,0,88
2491,4207,500,287,763,0,368,0,0,165
2492,2786,500,574,249,172,265,0,0,114
2493,1950,500,232,257,177,187,0,0,110
2494,2823,500,218,425,358,276,0,0,138
2495,5968,500,628,625,630,581,0,0,227
2496,3103,500,277,0,386,312,0,0,131
2497,1999,500,161,0,329,207,500,0,102
2498,2190,500,349,0,237,223,0,0,96
2499,6236,500,741,0,418,581,500,0,235
2500,3004,500,699,0,493,306,0,0,151
2501,5669,500,348,1107,0,496,500,0,185
2502,2699,500,216,0,0,243,0,0,105
2503,9616,500,997,1432,0,841,0,0,320
2504,1757,500,106,226,0,154,500,0,68
2505,5855,500,881,585,925,587,0,0,263
2506,2641,500,571,491,163,245,0,0,125
2507,6301,500,704,1074,602,603,0,0,241
2508,2952,500,118,0,508,314,0,0,128
2509,3172,500,495,306,381,309,0,0,146
2510,2698,500,576,531,0,236,0,0,121
2511,5638,500,631,0,843,569,0,0,221
2512,4493,500,263,0,544,441,0,0,190
2513,5333,500,569,0,738,527,0,0,224
2514,1777,500,88,145,268,180,0,0,102
2515,1155,500,91,173,226,122,0,0,82
2516,1821,500,175,130,176,179,0,0,93
2517,1749,500,226,0,449,188,0,0,121
2518,7919,500,870,1372,466,731,0,0,285
2519,2820,500,275,544,0,247,0,0,123
2520,30452,900,3756,0,4254,3005,0,0,1088
2521,2090,500,250,368,456,221,0,0,118
2522,3126,500,545,354,311,302,0,0,141
2523,11154,900,2391,2613,0,976,500,0,401
2524,3510,500,337,0,468,367,0,0,139
2525,4515,500,901,0,845,463,0,955,183
2526,3172,500,599,0,339,312,0,0,130
2527,5813,500,838,0,822,577,0,0,237
2528,1711,500,147,225,90,160,0,0,89
2529,6004,500,357,0,893,598,0,0,257
2530,22135,900,2463,3886,1327,2051,0,0,736
2531,12588,900,655,2760,0,1101,0,0,405
2532,1985,500,144,0,327,205,0,0,109
2533,4107,500,220,0,486,405,0,0,164
2534,4928,500,769,1067,0,431,0,0,197
2535,5912,500,653,0,446,555,500,0,210
2536,4004,500,935,0,752,411,0,0,198
2537,5670,500,673,522,898,573,0,0,232
2538,4571,500,291,642,223,423,0,0,164
2539,4825,500,302,482,451,464,0,0,191
2540,1346,500,0,152,0,117,0,0,73
2541,1891,500,146,224,269,187,500,0,91
2542,4585,500,421,691,170,418,0,0,168
2543,2307,500,561,251,168,219,0,0,109
2544,4470,500,1687,441,545,444,0,0,173
2545,6069,500,817,0,935,610,0,0,259
2546,1752,500,99,87,122,177,0,0,83
2547,899,500,157,156,55,83,0,0,74
2548,2359,500,256,327,0,207,0,0,110
2549,8535,500,988,1001,942,825,0,0,317
2550,10092,900,877,1430,0,884,0,0,321
2551,2247,500,122,462,0,197,0,0,111
2552,3771,500,230,0,454,377,0,0,145
2553,5973,500,673,0,381,556,500,0,198
2554,3198,500,580,627,0,280,0,0,128
2555,3149,500,302,0,465,323,0,0,138
2556,3887,500,659,0,540,389,0,0,169
2557,3924,500,382,680,0,343,500,0,124
2558,1795,500,57,84,114,174,0,0,88
2559,2199,500,146,0,336,224,0,0,114
2560,9410,500,546,1839,0,823,500,0,296
2561,953,500,73,54,140,108,0,0,73
2562,4007,500,341,556,0,350,0,0,141
2563,2055,500,550,452,0,180,0,0,107
2564,2805,500,130,242,250,281,0,0,122
2565,8530,500,1468,1045,870,819,0,0,326
2566,12363,900,740,1772,0,1079,0,0,414
2567,4668,500,704,723,499,457,0,0,182
2568,4034,500,299,444,380,385,0,0,171
2569,2210,500,154,0,329,227,0,0,113
2570,4033,500,253,559,0,353,0,0,158
2571,1794,500,247,0,177,181,0,0,95
2572,3408,500,331,0,395,333,0,0,147
2573,5082,500,289,789,371,478,0,0,200
2574,4142,500,630,630,470,403,0,0,176
2575,4232,500,498,0,691,435,500,0,161
2576,1737,500,57,121,117,168,500,0,71
2577,2293,500,270,0,286,236,500,0,89
2578,4213,500,688,868,0,369,0,0,151
2579,877,500,52,79,104,85,0,0,77
2580,2520,500,320,0,515,276,0,0,119
2581,1975,500,66,0,180,199,500,0,74
2582,5482,500,293,0,729,549,0,0,213
2583,3060,500,329,0,513,310,500,0,139
2584,916,500,92,109,110,89,0,0,77
2585,33463,900,3613,7206,0,3012,0,0,1052
2586,1748,500,306,265,0,153,500,0,72
2587,1693,500,162,238,0,148,0,0,88
2588,3154,500,456,572,0,276,0,0,130
2589,24307,900,2696,4263,1383,2242,0,0,799
2590,2626,500,333,208,355,260,0,0,130
2591,2970,500,287,436,450,304,0,0,131
2592,1923,500,472,0,298,193,0,0,112
2593,18329,900,1933,3848,0,1604,0,0,590
2594,5166,500,878,1105,0,465,0,0,200
2595,2706,500,297,0,355,268,0,0,140
2596,6143,500,366,907,622,605,0,0,238
2597,1003,500,0,124,0,87,500,0,54
2598,1684,500,109,0,374,192,0,0,96
2599,1919,500,190,376,0,168,0,0,102
2600,13371,900,751,2303,780,1235,0,0,456
2601,3431,500,515,711,0,300,0,0,141
2602,1897,500,164,0,226,188,500,0,80
2603,2872,500,460,330,0,251,0,0,112
2604,1829,500,62,117,119,183,0,0,88
2605,1663,500,106,192,111,159,0,0,85
2606,2053,500,175,208,0,179,0,0,90
2607,8558,500,950,1497,422,784,0,0,316
2608,3597,500,320,488,224,338,0,0,136
2609,3358,500,479,481,163,311,0,0,129
2610,25714,900,3031,3052,3038,2499,0,1072,866
2611,5661,500,312,1063,0,495,0,0,195
2612,4611,500,332,511,537,462,0,0,203
2613,2290,500,222,0,272,224,0,0,122
2614,4826,500,262,932,0,422,0,0,164
2615,5071,500,1167,643,613,496,0,0,221
2616,2818,500,157,0,309,288,0,0,118
2617,2366,500,158,0,298,238,0,3560,40
2618,4180,500,804,797,0,366,0,0,146
2619,4894,500,527,0,652,488,0,0,191
2620,4592,500,499,656,605,455,0,0,191
2621,2689,500,381,231,669,290,500,0,134
2622,6234,500,437,727,641,597,0,0,243
2623,2033,500,241,196,292,202,0,0,116
2624,9220,500,515,994,911,884,0,0,318
2625,1561,500,400,0,386,169,0,0,103
2626,7914,500,450,0,1430,811,0,0,305
2627,3122,500,324,537,275,297,0,0,141
2628,2094,500,346,0,235,213,0,0,98
2629,10419,900,597,1742,962,992,0,0,375
2630,5099,500,558,0,856,524,0,0,213
2631,3431,500,215,0,493,358,0,0,143
2632,3204,500,227,0,508,326,0,0,144
2633,8716,500,913,1009,797,830,0,0,322
2634,7455,500,431,1263,686,708,0,0,273
2635,2679,500,456,331,0,235,0,0,113
2636,2657,500,326,245,377,265,500,0,117
2637,6640,500,793,0,1076,668,500,0,257
2638,4182,500,1099,836,401,399,0,0,188
2639,5539,500,315,0,922,564,0,0,228
2640,4376,500,293,569,407,422,0,0,176
2641,2703,500,246,0,405,276,0,0,125
2642,1891,500,119,171,61,175,0,0,82
2643,4314,500,446,0,646,435,500,0,173
2644,2587,500,267,0,450,272,0,0,122
2645,4074,500,449,797,0,356,0,0,153
2646,8279,500,1401,993,850,797,500,0,299
2647,2632,500,176,387,173,247,0,0,119
2648,2133,500,339,0,288,221,0,0,107
2649,1859,500,167,146,174,179,0,0,104
2650,10581,900,1193,952,1240,1033,0,0,390
2651,1900,500,326,0,142,178,0,0,110
2652,4653,500,332,0,642,462,0,0,190
2653,5400,500,0,0,669,535,0,0,193
2654,1423,500,169,239,61,130,500,0,73
2655,2830,500,213,580,0,248,500,0,114
2656,4719,500,524,822,325,440,0,0,187
2657,1887,500,96,0,282,192,0,0,103
2658,2560,500,262,307,309,254,0,0,124
2659,5072,500,335,0,648,504,0,0,203
2660,4802,500,258,489,517,468,0,0,189
2661,2703,500,1123,0,438,277,0,0,130
2662,2799,500,574,249,172,266,0,0,114
2663,5137,500,335,0,592,505,0,0,202
2664,4816,500,809,735,559,478,7162,0,51
2665,3179,500,211,387,239,300,0,0,134
2666,10101,900,2255,0,2068,1058,0,0,430
2667,4914,500,510,0,820,499,0,0,209
2668,5652,500,545,0,1106,595,0,0,228
2669,1663,500,173,129,175,163,0,0,92
2670,5910,500,388,0,688,578,0,0,221
2671,3332,500,402,704,0,292,0,0,140
2672,4077,500,1654,880,380,389,0,0,172
2673,2012,500,216,209,240,210,0,0,92
2674,1482,500,243,142,87,141,0,0,81
2675,3889,500,280,631,248,362,0,0,156
2676,1810,500,224,0,210,184,500,0,79
2677,2941,500,353,0,602,305,0,0,151
2678,3426,500,488,0,362,333,500,0,124
2679,1783,500,102,248,177,172,0,0,102
2680,5759,500,890,1160,0,504,0,0,195
2681,2532,500,568,250,216,245,0,0,114
2682,2185,500,155,0,330,225,0,0,113
2683,2073,500,248,296,0,182,0,0,94
2684,3381,500,369,0,530,348,0,0,163
2685,4319,500,702,0,806,450,500,0,165
2686,2659,500,181,0,342,267,0,0,124
2687,1683,0,301,204,59,155,0,0,67
2688,4141,500,232,300,597,415,0,0,170
2689,2221,500,125,223,217,214,500,0,99
2690,1711,500,174,290,56,154,0,0,95
2691,3312,500,309,443,114,302,0,0,124
2692,4313,500,522,610,507,420,0,0,188
2693,1975,500,148,0,433,209,0,0,120
2694,5947,500,936,1000,487,565,0,0,226
2695,7529,500,887,899,858,730,0,0,290
2696,2154,500,336,285,123,201,0,0,102
2697,3400,500,401,803,0,297,0,0,143
2698,1851,500,228,0,343,197,500,0,87
2699,5831,500,696,0,873,597,0,0,246
2700,1556,500,126,286,0,136,0,0,87
2701,8209,500,0,1299,336,767,500,0,258
2702,25102,900,2919,3873,2506,2402,0,0,860
2703,4226,500,235,0,479,418,0,0,173
2704,58630,5840,0,0,0,5131,0,0,0
2705,3850,500,239,724,0,347,0,0,148
2706,1250,500,113,223,0,109,500,0,64
2707,5169,500,744,0,688,534,0,0,192
2708,5308,500,335,0,778,536,500,0,186
2709,3109,500,687,0,499,324,0,0,152
2710,2650,500,388,534,0,239,0,0,121
2711,3373,500,445,0,446,353,0,0,145
2712,2606,500,148,0,282,252,0,0,128
2713,5804,500,374,810,402,543,0,7623,40
2714,7366,500,799,797,800,716,0,0,267
2715,5702,500,537,587,661,576,0,0,208
2716,3183,500,221,529,222,297,0,0,141
2717,4456,500,129,804,0,390,500,0,160
2718,2957,500,0,264,389,297,500,0,114
2719,4110,500,406,805,0,361,0,0,159
2720,4110,500,289,0,439,400,0,0,174
2721,2225,500,105,299,106,205,0,0,102
2722,4353,500,262,357,591,434,0,0,182
2723,1136,500,300,0,183,118,500,0,71
2724,1187,500,236,177,79,113,0,0,78
2725,6003,500,659,0,801,600,0,0,247
2726,8427,500,849,1215,0,737,0,0,279
2727,3638,500,743,0,564,364,500,0,155
2728,2997,500,227,317,0,270,0,0,110
2729,8751,500,530,0,1533,895,500,0,311
2730,3589,500,365,0,462,359,0,0,141
2731,4166,500,557,0,457,407,0,0,163
2732,2066,500,76,0,292,219,0,0,96
2733,1950,500,210,70,178,195,0,0,91
2734,4520,500,756,817,376,427,0,0,192
2735,3073,500,0,469,0,269,0,0,117
2736,3255,500,253,565,170,299,0,0,151
2737,2068,500,220,366,0,180,0,0,105
2738,4264,500,261,607,319,400,0,0,176
2739,5130,500,339,450,574,498,0,0,202
2740,1913,500,177,0,230,194,0,0,95
2741,6637,500,689,760,700,639,0,0,248
2742,3511,500,528,639,541,352,0,0,166
2743,1152,500,0,128,0,101,0,0,73
2744,2321,500,370,342,0,204,500,0,79
2745,3871,500,715,595,753,415,0,0,158
2746,954,500,57,0,160,96,0,0,80
2747,8384,500,898,1423,411,790,0,0,293
2748,3290,500,362,0,457,329,0,0,147
2749,1937,500,174,207,0,169,500,0,73
2750,1448,500,62,177,0,130,0,0,81
2751,2126,500,145,220,222,206,0,0,110
2752,3183,500,368,485,330,306,0,0,156
2753,3948,500,623,0,556,409,0,0,155
2754,3835,500,253,0,472,381,500,0,140
2755,3064,500,462,381,470,315,0,0,156
2756,4559,500,310,0,548,446,0,0,185
2757,5772,500,647,1208,0,505,0,0,219
2758,25077,900,2710,5407,0,2194,500,0,788
2759,4078,500,416,343,457,398,0,0,169
2760,2977,500,291,575,0,261,0,0,125
2761,2328,500,112,423,0,204,500,0,99
2762,1305,500,291,245,0,114,0,0,79
2763,1147,500,61,117,105,110,500,0,110
2764,1859,500,183,312,0,163,0,0,94
2765,2095,500,196,0,277,211,500,0,91
2766,3264,500,159,0,334,319,0,0,132
2767,2501,500,0,0,393,252,0,0,127
2768,7479,500,765,1520,0,654,0,0,257
2769,4295,500,261,468,380,408,0,0,179
2770,2962,500,624,0,336,287,0,0,142
2771,6184,500,401,813,0,541,0,0,203
2772,1295,500,170,149,39,119,0,0,75
2773,817,500,158,0,262,93,0,0,79
2774,1067,500,61,151,110,102,0,0,79
2775,1391,500,79,0,122,141,0,0,78
2776,8241,500,956,0,1528,844,0,0,336
2777,4741,500,293,359,545,468,0,0,174
2778,4845,500,748,686,423,463,0,0,190
2779,3905,500,831,747,0,342,0,0,149
2780,2836,500,504,646,0,248,0,0,137
2781,3632,0,600,0,772,389,0,0,139
2782,1055,500,54,149,60,98,0,0,80
2783,2139,500,0,238,140,203,0,0,98
2784,1706,500,164,0,221,172,0,0,100
2785,8017,500,1889,0,1325,813,0,0,302
2786,3436,500,217,423,0,310,0,0,139
2787,4437,500,504,0,528,436,0,0,181
2788,1895,500,221,360,0,171,0,0,97
2789,2859,500,457,460,359,287,0,0,141
2790,2240,500,162,290,524,254,0,0,112
2791,3493,500,367,689,0,315,0,0,108
2792,1974,500,168,218,0,173,0,0,92
2793,7691,500,484,800,754,741,0,2591,206
2794,3163,500,457,675,0,277,500,0,119
2795,10036,900,1000,0,1955,1043,0,0,397
2796,1337,500,170,129,171,131,0,0,90
2797,2020,500,408,359,0,177,500,0,78
2798,5206,500,709,699,0,455,0,0,183
2799,2246,500,125,268,217,216,0,0,117
2800,4685,500,750,0,753,481,500,0,179
2801,9892,500,1130,2019,0,866,0,0,334
2802,5284,500,1134,454,862,536,8316,0,47
2803,2354,500,187,0,0,206,0,0,116
2804,2006,500,373,0,397,211,0,0,114
2805,3525,500,0,474,0,308,0,0,139
2806,5767,500,312,0,546,556,0,0,213
2807,3579,500,223,0,372,350,0,0,141
2808,1154,500,101,199,0,100,500,0,63
2809,2325,500,267,234,116,218,0,0,99
2810,3554,500,381,0,553,366,0,0,167
2811,4218,500,496,859,0,369,0,0,164
2812,1293,500,105,129,131,133,0,0,81
2813,1956,500,153,149,233,191,500,0,93
2814,5084,500,319,1006,0,444,0,0,186
2815,4056,500,692,488,442,393,500,0,159
2816,4869,500,880,1119,0,439,0,0,197
2817,1290,500,165,180,0,113,0,0,76
2818,919,500,84,165,0,81,0,0,71
2819,1542,500,72,242,0,135,0,0,88
2820,5013,500,741,0,797,513,0,0,199
2821,5964,500,417,0,652,578,0,0,232
2822,7317,500,509,0,1018,723,0,0,301
2823,4567,500,464,359,523,450,500,2733,96
2824,8255,500,553,874,814,794,0,0,286
2825,2363,500,153,317,259,228,0,0,126
2826,3238,500,388,561,0,284,500,0,109
2827,2474,500,198,509,0,217,0,0,117
2828,5264,500,332,688,389,496,0,0,192
2829,2695,500,237,0,355,286,0,0,114
2830,3956,500,338,0,527,400,500,0,141
2831,1555,500,112,0,177,155,0,0,88
2832,3122,500,329,414,228,295,0,1387,99
2833,1785,500,130,250,0,157,0,0,88
2834,5949,500,685,0,871,600,0,0,229
2835,5512,500,1145,675,636,537,0,0,218
2836,2347,500,187,0,234,230,0,0,105
2837,1852,500,310,0,179,187,0,0,88
2838,3841,500,614,0,565,400,500,0,150
2839,3711,500,407,606,282,350,0,0,152
2840,3419,500,433,0,391,339,0,0,142
2841,2231,500,146,0,367,237,500,0,103
2842,9478,500,583,1934,0,829,1743,0,273
2843,2360,500,0,0,392,241,0,0,120
2844,2377,500,99,0,344,249,0,0,111
2845,3481,500,448,0,396,345,0,0,148
2846,4806,500,528,585,650,486,0,0,205
2847,3706,500,0,705,0,325,0,0,155
2848,3817,500,330,467,269,362,0,0,144
2849,1999,500,337,412,0,175,0,0,103
2850,2420,500,149,288,63,218,0,0,103
2851,3989,500,446,553,255,372,0,0,156
2852,6895,500,781,598,1004,694,0,0,268
2853,857,500,52,79,104,83,0,0,76
2854,3255,500,251,0,620,347,0,0,154
2855,3897,500,462,0,502,383,0,0,172
2856,1709,0,258,93,182,173,1462,0,40
2857,3362,500,211,479,0,303,0,0,127
2858,5071,500,1086,896,460,485,0,0,190
2859,2445,500,126,225,225,237,0,0,111
2860,1206,500,112,135,138,117,0,0,85
2861,32504,900,1877,4425,2680,3062,0,0,1045
2862,2723,500,356,0,307,282,0,0,113
2863,4726,500,573,0,834,482,0,0,222
2864,6361,500,381,676,638,629,0,0,240
2865,3728,500,807,0,601,378,0,0,175
2866,4956,500,341,440,563,481,0,0,204
2867,5453,500,1141,942,0,491,0,0,141
2868,1322,500,124,195,107,128,500,0,77
2869,9027,500,2211,919,1078,882,500,0,302
2870,3109,500,257,502,0,280,0,0,119
2871,5391,500,512,560,484,517,0,0,214
2872,1253,500,0,0,116,124,0,0,77
2873,3735,500,481,362,327,360,0,0,145
2874,7376,500,2110,0,883,743,0,0,291
2875,1641,500,162,243,142,158,0,0,93
2876,2200,500,97,0,229,219,0,0,108
2877,4340,500,497,859,0,379,0,0,173
2878,2572,500,181,0,342,266,0,0,127
2879,2163,500,154,0,288,218,0,0,107
2880,6048,500,906,0,789,602,0,0,225
2881,3684,500,230,0,453,368,500,0,136
2882,6374,500,669,543,798,631,0,0,237
2883,5393,500,314,596,734,533,500,0,207
2884,6597,500,449,1341,0,577,500,0,216
2885,6144,500,442,705,682,593,0,0,245
2886,1704,500,148,0,0,149,0,0,96
2887,3545,500,556,636,0,310,500,0,116
2888,848,500,88,76,128,85,0,0,75
2889,7518,500,1292,0,448,694,500,0,278
2890,2427,500,148,0,441,248,0,0,132
2891,1268,500,129,258,0,111,0,0,83
2892,3241,500,531,364,305,311,0,0,142
2893,5647,500,328,1117,0,494,0,0,202
2894,3116,500,0,0,326,305,0,0,133
2895,1501,500,179,312,0,132,0,0,89
2896,2397,500,157,0,324,240,500,0,106
2897,27128,900,1755,0,5211,2787,0,0,982
2898,3594,500,347,571,166,330,0,0,147
2899,2065,500,262,289,90,190,0,0,97
2900,5236,500,529,963,0,458,0,0,187
2901,1538,500,334,146,206,153,0,0,93
2902,5147,500,517,676,0,451,0,0,174
2903,1718,500,163,0,338,181,0,0,98
2904,2473,500,293,0,342,244,0,0,131
2905,3573,500,518,317,433,362,0,0,152
2906,1449,500,271,86,101,140,0,0,80
2907,2231,500,144,0,289,228,0,0,104
2908,8725,500,873,1733,0,764,0,0,286
2909,2209,500,398,509,0,194,0,0,111
2910,4331,500,491,898,0,379,0,0,169
2911,5753,500,695,561,998,583,0,0,229
2912,3018,500,493,383,329,290,500,0,131
2913,7007,500,550,1302,0,613,0,0,231
2914,3201,500,209,318,363,314,0,0,144
2915,3588,500,200,291,463,356,0,0,159
2916,3714,500,356,638,0,334,0,0,141
2917,7356,500,824,1281,566,691,500,0,257
2918,4289,500,507,891,0,375,5671,0,38
2919,8493,500,1722,0,1765,894,0,1273,296
2920,1718,500,143,0,171,171,0,0,89
2921,3660,500,497,490,307,350,0,0,144
2922,2260,500,478,0,383,235,0,3855,40
2923,1683,500,67,0,140,166,0,0,90
2924,2967,500,297,0,337,292,0,0,131
2925,2878,500,314,0,404,298,0,0,135
2926,940,500,0,125,0,83,0,0,71
2927,5446,500,396,0,867,562,500,0,220
2928,4634,500,538,996,0,405,0,0,192
2929,4073,500,423,668,204,374,500,0,139
2930,4079,500,867,0,687,415,0,0,188
2931,4411,500,790,550,506,428,0,0,185
2932,1859,500,62,117,120,186,0,0,85
2933,30650,900,1099,2398,3826,2992,0,0,1011
2934,2353,500,246,409,162,220,0,0,125
2935,2739,500,430,460,226,259,0,0,130
2936,3357,500,190,432,198,315,0,0,128
2937,2043,500,222,260,0,179,0,0,97
2938,1465,500,125,117,66,139,500,0,60
2939,2658,500,470,0,347,268,0,0,139
2940,3885,500,219,747,0,340,0,0,151
2941,3479,500,280,456,187,325,0,0,131
2942,2713,500,117,0,240,265,0,0,113
2943,6193,500,705,0,947,626,0,0,241
2944,9812,500,615,1360,867,934,0,0,329
2945,7746,500,862,1556,0,678,500,0,254
2946,1920,500,365,303,0,168,0,2954,40
2947,31792,900,3296,3743,3208,3045,0,0,1067
2948,3063,500,428,586,0,268,0,0,126
2949,5623,500,403,0,675,564,0,0,220
2950,3970,500,417,0,655,412,0,364,154
2951,4137,500,862,0,573,416,0,0,164
2952,3400,500,209,0,406,338,0,0,138
2953,2362,500,98,181,231,235,0,0,104
2954,3086,500,145,459,0,270,0,1558,88
2955,5957,500,549,1080,0,521,0,0,198
2956,4759,500,794,657,387,451,0,0,183
2957,3713,500,524,0,453,371,500,0,129
2958,2552,500,188,291,86,234,0,0,101
2959,5362,500,540,773,0,469,0,0,195
2960,2853,500,211,0,544,295,0,0,149
2961,2115,500,217,312,0,185,0,0,105
2962,2331,500,429,0,386,242,0,0,121
2963,3802,500,469,0,655,399,0,0,157
2964,14508,900,1558,3109,0,1269,0,0,488
2965,3393,500,213,322,337,331,0,0,132
2966,9739,500,1021,1467,0,852,0,0,326
2967,2341,500,178,0,227,225,0,0,117
2968,2706,500,577,0,346,277,0,941,97
2969,5076,500,565,407,521,495,500,0,160
2970,3730,500,457,788,0,326,500,0,139
2971,3342,500,232,351,377,326,0,0,145
2972,2868,500,579,530,0,251,0,0,118
2973,4605,500,578,0,515,452,0,0,166
2974,2888,500,191,339,0,253,0,0,120
2975,5370,500,1658,0,957,548,0,0,254
2976,3233,500,333,491,266,308,500,0,124
2977,2692,500,316,303,327,264,0,0,134
2978,2770,500,285,0,319,273,0,0,127
2979,1276,500,122,116,65,121,0,0,76
2980,4103,500,281,0,586,412,0,0,169
2981,2030,500,153,0,265,216,0,0,102
2982,6339,500,682,1214,0,570,0,0,214
2983,2937,500,269,455,0,257,0,0,112
2984,2547,500,291,379,0,223,0,0,117
2985,4474,500,881,0,826,470,0,0,180
2986,2029,500,90,227,0,177,0,0,94
2987,2936,500,182,376,181,276,0,0,120
2988,7783,500,845,1507,0,681,0,0,254
2989,1163,500,128,0,197,120,0,0,84
2990,2393,500,231,174,227,233,0,0,109
2991,3236,500,297,380,0,283,0,0,124
2992,2641,500,189,400,0,231,0,0,123
2993,4965,500,503,998,0,435,0,0,197
2994,2305,500,1113,0,490,243,0,0,125
2995,2276,500,262,0,387,235,500,0,103
2996,4768,500,363,0,894,489,0,662,200
2997,3885,500,452,350,454,379,0,0,167
2998,1953,500,105,0,217,191,0,0,108
2999,5716,500,829,949,265,524,0,0,201
3000,2263,500,180,374,176,213,0,0,118
3001,5335,500,567,447,614,524,0,1782,162
3002,5735,500,549,481,680,564,0,0,210
3003,19810,900,2496,0,3268,1993,0,0,744
3004,1935,500,553,0,277,192,0,0,115
3005,1575,500,56,211,0,138,0,0,80
3006,3954,500,377,0,457,392,500,0,139
3007,3287,500,405,0,429,323,0,0,165
3008,2839,500,182,362,116,269,0,0,117
3009,1937,500,143,104,222,201,0,0,96
3010,3003,500,327,589,0,262,0,0,135
3011,18761,900,1060,3202,1003,1724,0,0,618
3012,4168,500,489,0,722,428,6307,0,53
3013,2677,500,486,0,332,271,0,0,117
3014,2236,500,180,131,181,219,0,0,101
3015,5126,500,521,0,839,520,500,667,182
3016,2827,500,228,0,413,293,0,0,126
3017,4055,500,413,307,614,417,0,0,161
3018,3226,500,191,0,605,333,0,0,153
3019,1241,500,132,227,0,109,500,0,64
3020,1983,500,58,216,0,173,0,1271,50
3021,5640,500,1136,514,557,545,0,0,204
3022,3978,500,622,0,500,406,0,0,166
3023,1808,500,305,204,60,167,500,0,69
3024,4625,500,343,946,0,404,0,0,170
3025,5118,500,638,940,391,479,0,0,221
3026,5415,500,368,0,990,562,0,0,215
3027,2538,500,225,0,338,255,0,0,122
3028,5069,500,590,0,812,524,500,0,191
3029,3774,500,284,761,0,330,0,0,155
3030,9597,900,1162,0,1470,966,0,0,383
3031,3504,500,551,283,326,340,0,0,136
3032,2914,500,183,448,0,255,0,0,111
3033,2355,500,311,375,0,206,0,0,98
3034,4595,500,502,719,216,422,0,0,168
3035,1692,500,96,0,259,169,0,0,102
3036,2481,500,189,391,121,228,0,0,115
3037,1040,500,83,179,0,92,0,0,73
3038,4497,500,455,0,497,451,0,0,186
3039,3264,500,500,350,301,314,0,0,143
3040,1988,500,238,314,0,174,0,0,108
3041,3742,500,388,0,717,388,500,0,159
3042,1251,500,77,0,271,131,0,0,93
3043,3616,500,357,356,336,350,0,0,146
3044,10806,900,540,1475,0,946,0,0,343
3045,2952,500,589,480,111,269,0,0,125
3046,3012,500,320,0,349,298,0,0,132
3047,30871,3023,0,0,0,2778,0,0,0
3048,3480,500,546,0,553,351,0,0,163
3049,4018,500,590,485,452,389,0,0,164
3050,4076,500,529,755,0,357,0,0,157
3051,6271,500,383,1229,0,549,500,0,202
3052,2638,500,546,597,0,231,0,0,129
3053,2660,500,353,269,258,258,500,0,107
3054,7945,500,1701,1233,692,757,0,0,300
3055,2761,500,207,569,0,241,0,0,125
3056,2515,500,218,165,271,252,3756,0,39
3057,2483,500,462,254,453,253,0,0,131
3058,4904,500,526,0,772,502,500,0,181
3059,3027,500,489,0,0,265,0,0,136
3060,1640,500,198,156,95,161,0,0,85
3061,4631,500,527,698,455,456,0,0,192
3062,14346,900,901,0,2892,1495,0,0,535
3063,5105,500,320,913,0,447,500,0,163
3064,15416,900,1842,0,2129,1524,0,0,566
3065,6527,500,547,1300,0,571,0,0,237
3066,2865,500,422,420,149,264,0,0,129
3067,1665,500,72,203,0,146,0,0,85
3068,20329,900,2416,0,2798,2011,0,0,723
3069,4871,500,569,0,1016,539,500,0,183
3070,3218,500,278,455,241,306,0,0,131
3071,2989,500,415,284,329,296,0,0,126
3072,1363,500,92,80,117,134,0,0,79
3073,2833,500,358,247,205,271,0,0,118
3074,2802,500,227,0,273,275,500,0,101
3075,3037,500,191,0,334,297,0,0,137
3076,6729,500,1113,0,1035,680,500,0,236
3077,812,500,85,0,126,84,0,0,72
3078,1525,500,563,0,236,156,0,0,92
3079,7915,500,1127,989,861,761,0,0,298
3080,3183,500,457,636,0,279,0,0,130
3081,1838,500,100,168,65,170,0,0,82
3082,5853,500,831,0,333,543,0,0,220
3083,1250,500,326,0,216,131,0,0,90
3084,5025,500,592,0,827,507,0,0,205
3085,2334,500,0,288,0,204,0,0,97
3086,10292,900,1090,2161,0,898,13181,0,58
3087,2826,500,536,449,0,248,500,0,90
3088,4446,500,782,537,441,427,0,0,190
3089,1906,500,222,301,89,175,0,0,100
3090,1723,500,386,0,210,169,0,0,100
3091,2732,500,378,0,449,280,0,0,131
3092,1643,500,154,203,0,149,500,0,64
3093,2231,500,345,186,298,224,0,0,115
3094,2658,500,458,0,250,260,0,0,113
3095,2272,500,135,217,160,226,0,0,100
3096,4150,500,322,0,853,433,0,0,188
3097,3428,500,461,488,0,309,500,1597,84
3098,5252,500,588,1086,0,473,0,0,208
3099,3253,500,350,635,0,285,500,0,126
3100,2314,500,370,386,0,203,500,0,80
3101,3953,500,110,705,0,346,0,0,148
3102,2770,500,209,0,430,277,500,0,122
3103,1847,500,261,144,203,182,0,0,99
3104,3192,500,420,0,396,324,0,0,137
3105,3297,500,535,0,532,337,0,0,146
3106,1212,500,70,161,104,115,0,0,84
3107,14096,900,882,1990,863,1307,0,5179,361
3108,7224,500,1636,1685,0,633,500,0,241
3109,3069,500,212,257,429,307,0,0,139
3110,3859,500,251,0,653,399,0,0,154
3111,7188,500,1593,0,1201,736,0,0,265
3112,4957,500,661,854,358,464,0,0,207
3113,11275,900,1276,1730,839,1056,0,0,397
3114,3232,500,289,378,348,316,0,0,137
3115,1875,500,227,266,239,189,0,0,99
3116,3333,500,213,0,451,338,0,0,138
3117,2366,500,245,246,296,235,0,0,117
3118,5031,500,495,515,485,486,0,0,185
3119,2707,500,270,205,322,269,500,0,106
3120,1421,500,71,0,0,125,0,0,85
3121,4216,500,765,0,549,413,0,0,188
3122,2038,500,0,238,0,178,0,0,90
3123,5226,500,590,930,324,484,0,0,209
3124,2450,500,158,337,0,214,0,0,96
3125,27439,4700,0,0,0,0,0,0,0
3126,4243,500,460,583,0,371,0,0,159
3127,1972,500,209,137,118,190,0,0,87
3128,3776,500,402,0,429,366,0,0,165
3129,2363,500,216,0,312,239,0,0,112
3130,2238,500,131,248,125,210,0,0,101
3131,1779,500,150,0,216,174,0,0,104
3132,9456,900,773,764,1530,952,0,0,372
3133,4545,500,330,0,0,409,0,0,172
3134,3306,500,313,456,203,310,0,0,132
3135,2713,500,385,408,241,261,0,0,120
3136,3766,500,509,308,421,371,0,0,153
3137,3175,500,295,484,223,298,0,0,135
3138,8091,500,997,777,1314,814,0,0,320
3139,945,500,100,0,160,96,0,0,80
3140,2451,500,0,258,281,238,0,0,126
3141,4097,500,518,700,0,359,0,0,139
3142,3761,500,398,792,0,329,0,0,156
3143,1950,500,146,283,0,170,0,0,89
3144,3423,500,192,0,614,354,0,0,160
3145,5125,500,333,762,216,468,0,0,179
3146,1705,500,110,68,179,171,0,0,89
3147,2468,500,320,343,217,236,0,0,118
3148,1577,500,89,171,0,137,0,0,76
3149,4989,500,326,623,414,477,0,0,178
3150,1929,500,433,0,347,200,0,0,107
3151,6399,500,727,1293,0,560,0,0,223
3152,4118,500,452,0,684,424,0,0,179
3153,3347,500,556,0,428,331,0,0,147
3154,4760,500,336,0,850,490,0,0,205
3155,3124,500,278,0,297,303,0,2969,62
3156,3457,500,269,0,643,354,0,0,168
3157,4416,500,448,442,448,429,500,0,160
3158,1332,500,449,0,174,134,0,0,86
3159,1812,500,209,70,236,188,0,0,93
3160,2477,500,191,0,458,257,0,0,125
3161,1464,500,299,271,265,151,500,0,80
3162,3567,500,665,0,685,374,0,0,170
3163,4380,500,505,664,477,436,0,0,187
3164,2107,500,147,224,222,204,0,0,111
3165,3641,500,433,0,280,352,0,0,158
3166,1405,500,147,302,0,123,0,0,84
3167,3410,500,154,457,172,316,0,0,134
3168,3118,500,192,471,0,273,0,0,118
3169,6700,500,369,0,923,668,0,0,258
3170,4217,500,490,0,656,434,0,0,203
3171,5332,500,350,0,859,535,0,0,222
3172,2226,500,130,340,0,195,0,0,98
3173,2375,500,473,446,0,214,0,0,104
3174,4173,500,790,0,641,437,0,0,177
3175,4225,500,625,0,542,424,0,0,161
3176,1682,500,143,340,0,148,0,0,97
3177,2577,500,186,224,349,255,0,0,127
3178,3432,500,256,563,426,337,0,0,155
3179,5158,500,578,0,853,527,0,0,205
3180,3129,500,456,675,0,274,500,0,121
3181,1880,500,167,0,335,201,0,0,100
3182,2074,500,89,238,158,198,500,3019,40
3183,3685,500,355,346,409,374,0,0,142
3184,2646,500,375,486,111,240,0,0,126
3185,5994,500,404,505,722,588,0,0,223
3186,4739,500,511,0,687,493,0,6930,40
3187,1488,500,113,0,170,147,0,0,92
3188,3885,500,610,0,447,383,0,0,157
3189,2215,500,438,0,289,223,0,0,114
3190,4090,500,0,0,645,410,500,0,171
3191,3404,500,518,0,381,334,0,0,147
3192,8478,500,833,1373,469,783,0,0,288
3193,5689,500,372,0,863,578,0,0,211
3194,3073,500,137,433,0,268,0,0,122
3195,4613,500,1112,0,534,452,0,0,199
3196,3778,500,551,841,0,330,0,0,148
3197,4313,500,741,0,622,432,0,0,178
3198,7917,500,1563,1217,0,693,10672,0,50
3199,10148,900,1066,1767,0,888,0,0,338
3200,3195,500,190,0,334,317,500,0,110
3201,3619,500,804,0,588,367,0,0,174
3202,3315,500,462,470,175,308,0,0,126
3203,3523,500,333,0,458,351,0,0,152
3204,2402,500,218,0,369,251,0,0,111
3205,3981,500,229,0,661,412,0,0,165
3206,3199,500,282,399,0,279,500,0,110
3207,2233,500,0,208,137,211,500,0,84
3208,3247,500,302,596,0,284,0,0,132
3209,6165,500,595,980,275,564,0,0,212
3210,5130,500,585,0,378,480,500,0,192
3211,4906,500,262,840,0,429,0,0,179
3212,1065,500,100,0,106,103,0,0,78
3213,2095,500,95,317,0,183,0,0,94
3214,3049,500,225,0,500,314,0,0,138
3215,3838,500,465,673,0,336,0,0,143
3216,9787,900,994,922,1294,962,500,0,395
3217,2351,500,187,0,253,238,0,0,102
3218,5828,500,599,0,0,510,0,0,205
3219,5365,500,537,591,604,522,0,0,214
3220,10205,900,557,1633,444,932,0,0,330
3221,4111,500,529,386,598,409,0,0,180
3222,3728,500,218,629,252,347,0,0,173
3223,1718,500,337,132,218,175,0,0,93
3224,1608,500,79,176,107,152,500,0,73
3225,3160,500,290,0,388,317,0,0,130
3226,4259,500,969,0,638,424,0,0,199
3227,4497,500,497,0,543,441,0,0,183
3228,2343,500,219,312,0,205,0,0,113
3229,3350,500,325,0,487,346,0,0,144
3230,1579,500,97,142,0,138,0,0,77
3231,7204,500,884,0,1028,716,0,0,296
3232,5825,500,1033,725,550,555,0,0,231
3233,2307,500,440,291,248,223,0,0,121
3234,7256,500,479,1401,0,635,0,0,239
3235,6234,500,357,821,673,602,0,0,235
3236,2801,500,308,443,170,261,0,0,132
3237,1120,500,249,72,82,109,0,0,73
3238,8093,500,831,1649,0,708,0,0,274
3239,18393,900,1913,3806,0,1610,0,0,585
3240,965,500,84,149,28,87,0,0,74
3241,3743,500,333,471,184,346,0,0,144
3242,2465,500,145,305,118,230,500,0,87
3243,2699,500,162,199,362,272,0,0,123
3244,1727,500,113,220,294,184,0,0,98
3245,2143,500,0,296,0,187,0,0,96
3246,6057,500,594,847,0,528,7679,0,46
3247,4284,500,554,489,520,420,0,0,189
3248,10448,900,1752,0,1330,1028,500,665,369
3249,4015,500,222,0,449,391,0,0,169
3250,3218,500,405,0,575,352,2300,0,91
3251,4427,500,288,764,0,387,0,0,162
3252,2177,500,0,129,179,212,0,0,100
3253,3307,500,0,0,391,325,0,670,133
3254,3492,500,224,546,0,306,0,0,127
3255,2504,500,252,363,145,233,500,0,97
3256,2065,500,149,0,204,209,0,0,92
3257,4475,500,1077,0,666,445,0,0,194
3258,2698,500,350,235,345,267,0,0,126
3259,4576,500,279,649,336,433,0,0,166
3260,2795,500,210,0,436,281,500,0,123
3261,7707,500,768,1522,0,675,0,0,258
3262,5073,500,350,872,0,444,0,0,196
3263,2703,500,324,253,415,271,0,0,136
3264,3465,500,421,0,475,343,0,0,157
3265,2553,500,270,411,110,233,500,0,104
3266,1529,500,0,133,0,135,0,0,75
3267,2898,500,230,0,396,297,0,0,117
3268,5973,500,814,0,969,627,0,0,243
3269,1417,0,168,0,178,147,237,0,69
3270,3685,500,661,590,375,361,0,0,163
3271,3404,500,212,0,522,359,0,0,146
3272,1519,500,204,0,230,158,0,0,91
3273,1955,500,222,359,482,210,0,0,120
3274,2082,500,583,0,187,206,500,0,78
3275,3733,500,362,0,612,387,0,0,152
3276,5416,500,588,1082,0,474,0,0,202
3277,4599,500,312,476,485,459,500,0,164
3278,4996,500,344,0,834,509,500,0,180
3279,1639,500,164,0,215,169,565,0,82
3280,5815,500,828,504,646,568,0,0,216
3281,1643,500,141,0,276,166,0,0,103
3282,4161,500,695,0,560,413,500,0,167
3283,1765,500,139,0,247,178,0,0,105
3284,2955,500,1099,576,318,292,0,0,162
3285,2432,500,164,0,336,252,0,0,119
3286,3680,500,241,613,168,336,0,0,153
3287,2669,500,552,336,309,260,0,0,132
3288,3944,500,253,773,0,345,0,0,157
3289,5392,500,289,0,676,526,0,0,240
3290,6105,500,989,1200,0,535,0,0,211
3291,2385,500,503,0,299,236,0,0,123
3292,5371,500,277,0,0,470,0,0,205
3293,7105,500,861,0,1040,710,0,0,268
3294,7195,500,440,1305,0,630,0,0,242
3295,1976,500,411,0,396,214,0,0,106
3296,8506,500,584,764,1187,843,0,0,315
3297,3079,500,297,526,0,277,500,0,104
3298,3210,500,214,536,0,281,0,0,122
3299,4494,500,745,0,775,457,0,0,194
3300,2514,500,161,0,232,249,0,0,105
3301,2064,500,220,0,387,213,500,0,102
3302,3953,500,846,590,0,346,0,0,150
3303,1936,500,322,109,139,195,0,0,92
3304,5567,500,662,574,559,540,0,0,203
3305,3530,500,468,0,549,359,0,0,156
3306,2166,500,97,0,171,208,0,0,97
3307,5319,500,1009,0,751,528,0,0,221
3308,1918,500,155,0,231,194,0,0,96
3309,4076,500,668,362,508,404,0,0,171
3310,4726,500,285,938,0,414,500,0,166
3311,1515,500,91,0,239,164,0,0,86
3312,1850,500,143,0,262,186,0,0,113
3313,5382,500,1132,0,661,529,0,0,212
3314,5652,500,1149,542,738,559,0,0,212
3315,4968,500,328,497,508,483,0,0,190
3316,9206,500,2228,0,1693,953,0,0,374
3317,7042,500,772,601,864,695,0,0,256
3318,2890,500,186,0,405,296,0,0,123
3319,3611,500,793,582,0,316,0,0,144
3320,4095,500,230,0,628,420,500,0,154
3321,10621,900,1293,0,1300,1033,0,0,416
3322,1090,500,93,193,0,95,0,0,81
3323,2664,500,225,244,226,257,0,0,116
3324,4788,500,681,865,0,419,0,0,163
3325,9912,500,540,1878,0,892,0,0,319
3326,2882,500,185,253,330,287,500,0,107
3327,3317,500,222,598,0,291,0,0,130
3328,2161,500,0,285,0,189,500,0,76
3329,2310,500,404,0,331,230,500,0,115
3330,4882,500,977,679,382,462,0,0,175
3331,2047,500,114,190,116,194,0,0,91
3332,5175,500,250,421,719,518,0,0,205
3333,3494,500,532,542,150,320,0,0,140
3334,3173,500,278,0,393,319,0,0,128
3335,2262,500,267,195,206,222,0,0,103
3336,1654,500,0,202,167,160,0,0,95
3337,4908,500,529,0,724,502,500,0,198
3338,3388,500,0,332,232,321,1245,0,98
3339,2551,500,216,213,200,246,1143,0,81
3340,6595,500,482,0,1082,665,500,0,250
3341,4850,500,339,0,844,492,0,0,217
3342,8753,500,1165,0,1450,894,500,0,312
3343,5984,500,836,0,558,576,0,0,210
3344,3579,500,520,360,326,345,0,0,147
3345,81620,900,8809,17568,0,7142,0,0,2468
3346,2499,500,321,0,273,244,0,0,118
3347,2203,500,211,398,0,193,0,0,97
3348,2682,500,188,272,302,270,0,0,129
3349,4105,500,288,545,620,412,0,0,181
3350,1634,500,240,165,0,142,0,0,78
3351,11009,900,1371,0,2124,1140,0,0,438
3352,7151,500,872,0,873,700,0,0,273
3353,3384,500,383,0,535,343,0,0,151
3354,3504,500,409,0,600,358,0,0,165
3355,7382,500,962,1535,0,646,0,0,254
3356,22612,900,2401,4781,0,2040,0,0,720
3357,3825,500,350,497,284,362,500,0,136
3358,2371,500,238,0,330,248,0,0,115
3359,3971,500,439,785,0,347,0,0,146
3360,6289,500,745,1255,0,550,0,0,220
3361,1917,500,171,335,495,208,0,0,116
3362,1959,500,221,222,222,196,0,0,108
3363,17933,900,2166,2818,1833,1717,0,537,642
3364,3522,500,442,0,519,362,500,0,129
3365,6394,500,676,853,916,639,0,0,249
3366,8378,500,495,1349,773,800,0,0,300
3367,2033,500,153,149,233,199,0,0,109
3368,1552,500,112,238,0,135,0,0,82
3369,6767,500,736,0,1236,692,0,0,275
3370,1317,500,102,93,159,132,0,0,83
3371,18423,900,1934,2152,2154,1789,0,0,673
3372,1734,500,129,283,115,162,0,0,99
3373,8177,500,534,721,1078,808,0,0,308
3374,1363,500,113,0,214,140,0,0,88
3375,1321,500,165,0,216,133,551,0,80
3376,3384,500,520,481,0,297,0,0,136
3377,4245,500,668,0,653,430,0,0,179
3378,10992,900,1328,1049,1577,1091,0,0,426
3379,4080,500,586,863,0,357,500,0,146
3380,5390,500,287,1090,0,472,0,0,204
3381,1489,500,171,129,172,146,0,0,92
3382,4157,500,264,586,0,364,0,0,160
3383,25071,900,3150,0,4150,2527,0,0,923
3384,2439,500,248,329,133,226,0,0,120
3385,3816,500,418,645,0,333,500,0,126
3386,9593,500,1896,1721,562,889,0,0,325
3387,5176,500,1143,635,542,500,500,0,189
3388,6576,500,820,712,594,630,500,0,224
3389,4925,500,219,822,0,431,500,0,161
3390,2444,500,239,217,303,247,0,0,112
3391,1695,500,246,117,238,172,500,0,78
3392,2661,500,166,446,0,233,0,0,110
3393,2598,500,226,377,0,228,0,0,101
3394,9543,900,666,0,767,897,0,0,354
3395,1454,500,80,0,123,148,0,0,79
3396,2637,500,581,578,0,231,500,0,113
3397,4343,500,297,621,469,420,500,0,168
3398,3975,500,500,0,718,406,0,0,191
3399,4155,500,301,630,402,408,0,0,178
3400,2802,500,227,196,290,276,0,0,113
3401,800,500,0,83,111,79,0,0,73
3402,1500,500,121,0,217,150,0,0,92
3403,6234,500,1104,0,977,625,0,0,248
3404,4920,500,551,0,298,458,0,0,193
3405,1091,500,79,67,87,110,0,0,74
3406,3162,500,204,514,0,285,0,0,125
3407,2925,500,313,0,380,287,0,0,148
3408,3296,500,596,478,107,299,0,0,125
3409,6534,500,899,580,846,647,0,0,238
3410,4049,500,626,0,932,433,500,0,172
3411,1974,500,103,196,164,196,500,0,70
3412,2020,500,114,190,116,191,0,0,92
3413,916,500,0,0,170,99,500,0,62
3414,1176,500,110,198,55,108,0,0,81
3415,3725,500,313,0,502,389,500,0,130
3416,4184,500,373,611,279,394,0,0,167
3417,5769,500,370,0,671,583,0,0,211
3418,2090,500,467,0,398,216,0,0,121
3419,1571,500,336,0,280,163,500,0,82
3420,1490,500,205,176,114,143,0,0,85
3421,4407,500,506,0,759,453,500,0,184
3422,3766,500,290,437,562,375,0,0,179
3423,4575,500,630,860,0,401,0,0,163
3424,4456,500,471,782,379,422,0,0,187
3425,2136,500,178,0,392,219,0,0,122
3426,2684,500,189,0,380,266,0,0,139
3427,16356,900,1684,3348,0,1434,0,0,522
3428,6952,500,437,924,0,609,0,0,230
3429,1825,500,81,0,342,197,0,0,98
3430,2840,500,161,0,394,291,0,0,127
3431,1575,500,87,91,270,160,0,0,107
3432,2136,500,123,397,0,187,0,0,110
3433,4107,500,202,851,0,359,0,0,154
3434,4206,500,545,617,281,397,0,0,153
3435,2239,500,159,330,108,206,0,0,110
3436,3225,500,452,0,379,318,0,0,139
3437,2319,500,351,200,223,224,500,0,98
3438,1748,500,111,216,62,159,0,0,91
3439,4172,500,399,0,573,420,0,0,173
3440,4283,500,549,827,0,374,0,484,149
3441,940,500,88,141,22,85,500,0,57
3442,5062,500,335,608,395,480,0,0,191
3443,2952,500,131,0,246,294,0,0,118
3444,9438,500,958,1900,0,849,0,0,309
3445,5072,500,728,0,761,508,0,0,217
3446,2531,500,147,314,112,233,0,0,104
3447,2891,500,388,0,464,298,0,0,136
3448,8150,500,969,687,1034,798,0,1855,333
3449,3435,500,139,0,442,348,0,0,138
3450,5811,500,369,1111,0,508,0,0,206
3451,3697,500,358,0,331,357,0,0,150
3452,4670,500,529,0,772,478,0,0,204
3453,3386,500,505,0,468,347,500,0,135
3454,19330,900,1211,0,3832,2009,0,0,698
3455,3028,500,0,0,404,309,0,0,124
3456,2248,500,371,301,0,197,0,0,104
3457,1550,500,254,0,0,136,0,0,93
3458,1401,500,113,0,226,145,0,0,91
3459,6014,500,572,1127,0,541,500,0,189
3460,5335,500,813,1125,0,467,0,0,201
3461,4586,500,490,514,436,439,0,0,187
3462,1692,500,302,204,59,156,0,0,88
3463,5701,500,543,594,660,576,500,0,194
3464,10773,900,1176,1860,583,992,0,0,384
3465,7500,500,588,0,2257,867,0,0,317
3466,1708,500,203,243,0,155,0,0,83
3467,1554,500,160,238,0,136,0,0,87
3468,2087,500,489,470,0,182,0,0,107
3469,4475,500,130,451,483,435,0,0,195
3470,3448,500,607,638,159,314,0,0,152
3471,2250,500,181,0,235,228,0,0,101
3472,13864,900,1117,2453,1569,1339,0,0,785
3473,4611,500,524,838,223,421,0,0,190
3474,2690,500,160,0,397,276,0,0,120
3475,3546,500,372,536,225,332,0,0,143
3476,3303,500,462,481,214,310,0,0,132
3477,1978,500,152,199,275,199,0,0,111
3478,2399,500,223,194,285,236,0,0,117
3479,2479,500,134,98,295,251,0,0,113
3480,6429,500,1093,1130,325,591,0,0,248
3481,6039,500,363,835,0,529,500,0,192
3482,2659,500,591,0,490,275,0,0,138
3483,2036,500,229,0,229,204,0,0,100
3484,4477,500,631,720,166,408,0,0,167
3485,7684,500,1196,1326,331,702,0,0,274
3486,6783,500,1107,927,531,641,0,0,236
3487,2286,500,403,0,270,222,0,0,121
3488,3546,500,364,281,399,350,0,0,150
3489,10896,900,2018,0,1669,1120,0,0,446
3490,2525,500,185,0,325,250,0,0,121
3491,6085,500,657,1310,0,548,0,0,227
3492,2938,500,373,408,181,276,0,0,120
3493,2749,500,383,232,285,268,0,0,132
3494,4557,500,542,956,0,399,500,0,162
3495,1798,500,62,0,179,182,0,0,87
3496,1921,500,214,226,86,179,0,0,89
3497,3900,500,662,479,531,396,0,0,164
3498,2423,500,263,171,281,240,0,0,115
3499,5512,500,588,913,281,507,0,0,206
3500,1763,500,173,0,643,216,0,0,119
3501,989,500,165,91,129,101,0,0,80
3502,2612,500,112,359,157,244,0,0,113
3503,2191,500,235,470,0,192,0,0,111
3504,9684,900,541,1091,1039,932,0,0,378
3505,1364,500,160,0,221,137,0,0,92
3506,7183,500,688,1357,0,629,0,0,226
3507,2547,500,572,202,332,259,0,0,113
3508,2507,500,571,177,331,255,0,0,114
3509,6333,500,609,0,740,621,0,0,228
3510,1436,500,144,224,89,134,0,0,88
3511,8207,500,554,0,1037,809,0,0,292
3512,2861,500,0,0,397,287,0,0,134
3513,2689,500,473,0,361,274,0,0,140
3514,2123,500,423,457,0,186,0,0,111
3515,2126,500,559,0,274,211,0,0,108
3516,2803,500,257,0,399,283,0,0,128
3517,4132,500,261,388,496,411,0,0,162
3518,3831,500,846,820,0,345,500,0,139
3519,4729,500,904,0,815,482,0,0,205
3520,4252,500,659,657,212,393,0,0,154
3521,1573,500,127,191,150,156,0,0,86
3522,1899,500,338,270,51,172,0,0,91
3523,2602,500,257,0,370,263,0,0,131
3524,4760,500,551,0,767,483,0,0,196
3525,5335,500,964,0,938,546,0,0,223
3526,5858,500,291,0,304,555,0,0,216
3527,18717,900,3151,3425,1471,1812,0,0,662
3528,4017,500,517,732,0,351,0,0,143
3529,2256,500,228,315,0,198,0,0,97
3530,3258,500,192,274,314,319,0,0,127
3531,4253,500,612,797,329,399,500,0,164
3532,2897,500,293,523,0,254,0,0,118
3533,4405,500,288,764,0,385,0,0,154
3534,3328,500,222,0,0,292,500,0,127
3535,3742,500,482,0,384,366,0,0,144
3536,6444,500,446,0,1364,676,0,0,263
3537,2061,500,346,92,219,206,0,0,103
3538,2055,500,197,153,226,203,0,0,108
3539,3545,500,698,587,284,337,0,0,149
3540,9233,500,881,1439,1187,926,0,0,324
3541,3775,500,435,0,453,369,500,0,151
3542,980,500,247,157,52,92,500,0,55
3543,5181,500,352,0,720,534,0,0,213
3544,5757,500,671,1390,0,504,0,0,224
3545,3569,500,216,0,499,364,0,0,146
3546,2974,500,512,0,437,297,0,1085,116
3547,3069,500,225,0,444,307,0,0,149
3548,8772,500,553,1639,0,768,0,0,281
3549,1708,500,260,0,276,176,0,0,99
3550,9490,900,555,1634,820,897,0,0,354
3551,7669,500,865,1506,0,671,0,0,253
3552,2288,500,185,270,297,224,0,0,122
3553,5111,500,334,511,485,492,0,0,193
3554,2683,500,398,637,0,234,500,0,108
3555,1579,500,94,0,221,157,0,0,99
3556,4008,500,551,335,403,389,0,0,157
3557,1425,500,161,0,222,144,0,0,98
3558,9412,900,540,1091,1136,914,0,0,388
3559,4113,500,418,784,0,360,0,0,156
3560,8203,500,544,0,1219,849,0,0,296
3561,1708,500,162,286,0,150,0,1577,55
3562,22693,900,2634,2688,2370,2181,0,0,785
3563,5237,500,976,1207,0,459,500,0,186
3564,2716,500,228,223,177,259,0,0,109
3565,5465,500,830,637,603,530,500,0,207
3566,2060,500,357,0,237,208,0,0,98
3567,2982,500,429,492,122,272,500,0,120
3568,2517,500,233,0,228,245,0,0,109
3569,4092,500,449,559,452,400,0,0,172
3570,7114,500,517,0,1114,711,0,0,282
3571,2679,500,210,374,0,234,500,0,89
3572,2964,500,211,321,439,297,0,0,145
3573,936,500,52,79,105,91,0,0,76
3574,6454,500,855,0,726,649,500,0,217
3575,4302,500,285,887,0,387,500,0,155
3576,2984,500,118,0,508,317,0,0,128
3577,5590,500,388,0,908,565,0,0,225
3578,2085,500,140,232,0,183,0,0,93
3579,1729,500,120,0,182,183,602,0,84
3580,3349,500,585,486,167,311,0,0,135
3581,2774,500,360,0,343,280,0,0,118
3582,1410,500,215,200,102,137,0,0,89
3583,5543,500,590,1082,0,485,500,0,187
3584,5928,500,599,0,1177,621,0,0,261
3585,4615,500,283,389,572,454,0,0,189
3586,4776,500,515,648,272,443,0,0,184
3587,2139,500,109,331,111,197,0,0,107
3588,6877,500,553,0,1007,686,0,2954,197
3589,2039,500,222,0,284,203,500,0,95
3590,2282,500,144,306,115,218,0,0,105
3591,3285,500,434,328,224,309,0,0,135
3592,19915,900,2240,3085,1077,1830,0,0,675
3593,3063,500,513,0,377,301,0,0,140
3594,2555,500,158,325,232,249,0,0,120
3595,7296,500,828,1543,0,639,0,0,257
3596,1378,500,200,0,158,136,0,0,87
3597,1214,500,81,0,142,126,0,0,79
3598,1555,500,159,263,0,136,500,0,78
3599,4955,500,741,976,0,434,0,0,176
3600,843,500,87,144,60,78,0,0,74
3601,3331,500,529,567,270,315,0,0,148
3602,9218,500,542,816,1220,909,500,0,317
3603,3528,500,347,0,525,364,0,0,144
3604,1721,500,101,0,186,177,0,0,91
3605,4103,500,237,0,566,416,0,0,159
3606,3207,500,752,0,547,327,0,0,152
3607,13202,900,1401,2791,0,1155,0,0,445
3608,2253,500,222,0,341,233,0,0,108
3609,3391,500,333,417,271,333,500,0,121
3610,4413,500,327,906,0,386,500,0,156
3611,2681,500,227,120,296,267,0,0,117
3612,3279,500,286,561,0,287,0,0,129
3613,3318,500,326,0,566,349,0,0,144
3614,2533,500,458,0,303,255,0,0,112
3615,9711,900,559,0,1324,963,0,0,356
3616,2261,500,110,332,112,208,0,0,109
3617,2768,500,427,428,220,261,500,0,117
3618,3246,500,210,0,506,332,0,0,148
3619,3995,500,509,0,516,403,0,0,153
3620,1577,500,101,0,303,162,0,0,104
3621,9031,500,1065,1897,0,792,0,0,305
3622,4827,500,766,1067,0,423,0,0,186
3623,3402,500,530,0,614,348,0,0,169
3624,2781,500,412,0,321,274,0,0,125
3625,3816,500,419,505,349,364,0,0,157
3626,1544,500,153,112,182,154,500,0,74
3627,15462,900,1097,2694,1685,1489,0,0,550
3628,6839,500,885,0,1571,723,0,0,296
3629,4196,500,810,937,0,368,0,0,169
3630,8760,500,1260,0,1621,899,0,0,352
3631,4553,500,244,596,467,441,500,0,161
3632,3707,500,380,680,0,324,0,0,141
3633,8217,500,957,1700,0,719,500,0,263
3634,1760,500,175,291,112,164,0,0,99
3635,36305,3590,2182,0,0,3267,0,0,0
3636,1333,500,254,258,87,123,0,0,93
3637,7161,500,415,1028,677,683,0,0,271
3638,6270,500,427,709,610,599,0,0,239
3639,7760,500,842,1308,545,725,0,0,278
3640,3433,500,330,543,183,317,0,0,143
3641,5185,500,332,910,0,453,0,0,178
3642,2668,500,153,393,358,270,552,0,130
3643,1521,500,0,126,73,145,0,0,75
3644,4467,500,632,0,660,447,0,0,185
3645,2174,500,115,191,117,206,0,0,94
3646,4218,500,662,580,0,369,0,0,157
3647,1294,500,58,200,0,113,0,0,78
3648,2869,500,374,374,0,251,500,0,100
3649,2716,500,192,263,286,265,0,0,126
3650,1845,500,365,0,0,166,0,0,103
3651,2556,500,475,199,267,252,0,0,119
3652,1699,500,57,0,64,162,0,0,84
3653,1721,500,109,201,127,166,0,0,86
3654,2679,500,240,259,201,258,0,0,109
3655,15719,900,0,1703,1901,1529,500,0,521
3656,9781,500,1518,1521,0,856,0,0,335
3657,3437,500,379,569,160,315,500,0,127
3658,3430,500,344,492,0,300,0,0,141
3659,6804,500,221,598,1077,685,0,0,261
3660,10132,900,1037,1487,0,886,0,0,330
3661,2564,500,251,255,258,249,0,0,119
3662,1915,500,174,239,0,167,0,0,88
3663,3273,500,727,700,0,294,500,0,123
3664,1946,500,61,208,0,170,0,0,84
3665,2404,500,271,0,422,252,500,0,114
3666,1749,500,289,90,134,175,0,0,87
3667,4391,500,915,475,438,427,0,0,168
3668,11281,900,1275,1996,801,1054,0,0,411
3669,2598,500,155,300,57,235,0,0,102
3670,4378,500,638,0,666,456,0,0,184
3671,2803,500,299,597,0,252,2184,0,76
3672,1292,500,108,170,0,113,0,0,81
3673,6367,500,971,0,1117,660,0,0,238
3674,1576,500,234,183,112,153,0,0,83
3675,9990,500,540,1630,428,911,0,0,341
3676,7921,500,1110,0,1210,817,500,0,292
3677,3610,500,524,0,503,366,0,0,157
3678,5714,500,396,636,595,550,500,0,219
3679,11255,900,0,1501,737,1047,500,0,383
3680,4191,500,520,500,379,398,0,0,179
3681,2061,500,450,383,169,194,0,0,109
3682,4205,500,219,754,0,368,0,0,153
3683,1328,500,55,0,113,128,0,0,82
3684,2217,500,203,263,191,221,0,0,104
3685,2480,500,578,581,0,217,0,0,117
3686,1528,0,252,100,265,159,0,0,81
3687,4156,500,818,592,0,364,0,0,152
3688,4317,500,223,0,537,428,0,0,169
3689,2338,500,219,432,0,204,0,0,108
3690,1329,500,126,247,0,117,500,0,67
3691,30032,2973,0,0,0,0,0,0,0
3692,5996,500,680,0,832,597,0,0,236
3693,2269,500,555,0,472,237,0,0,127
3694,3497,500,805,0,772,370,2221,0,114
3695,2188,500,125,0,308,226,0,0,113
3696,2971,500,340,389,168,279,0,0,117
3697,1828,500,287,249,0,161,0,0,91
3698,2969,500,517,497,0,259,0,0,111
3699,2376,500,370,291,231,227,0,0,117
3700,2264,500,351,0,234,228,500,0,84
3701,3448,500,607,638,159,314,0,0,150
3702,1891,500,162,0,228,199,0,0,94
3703,3191,500,294,418,0,288,0,0,131
3704,12156,900,1927,0,1850,1252,0,0,449
3705,9835,900,1142,0,1249,966,0,0,375
3706,1861,500,105,0,385,196,0,0,110
3707,4959,500,609,596,661,488,0,0,205
3708,3344,500,370,0,455,332,0,0,152
3709,7203,500,774,1222,379,663,0,0,259
3710,1415,500,334,0,328,151,0,0,98
3711,3167,500,191,308,274,303,0,0,141
3712,2827,500,224,314,0,247,0,0,105
3713,5817,500,1004,0,1043,597,0,0,234
3714,2306,500,228,428,0,202,500,0,86
3715,3373,500,407,0,486,336,0,0,158
3716,4730,500,301,482,467,456,500,0,163
3717,4744,500,436,0,737,485,0,0,183
3718,5312,500,823,950,263,487,0,0,204
3719,1863,500,62,141,180,188,0,0,87
3720,1602,500,105,224,0,141,0,0,82
3721,4942,500,530,0,559,485,0,0,196
3722,4606,500,217,819,0,403,0,0,162
3723,1865,500,104,155,116,185,0,0,94
3724,8537,500,610,1294,579,793,500,0,292
3725,2598,500,147,309,117,248,0,0,101
3726,3019,500,312,297,272,291,500,0,121
3727,10232,900,1072,0,2038,1066,500,0,396
3728,2390,500,254,367,117,220,0,0,112
3729,3159,500,190,0,491,317,500,0,135
3730,2112,500,348,0,307,220,0,0,105
3731,1952,500,157,284,345,205,0,0,106
3732,2511,500,458,0,368,257,0,0,125
3733,1721,500,160,177,162,166,0,0,97
3734,7472,500,442,1229,1029,741,0,0,279
3735,8114,500,885,1591,0,710,0,0,266
3736,1626,500,259,0,362,172,500,0,94
3737,2059,500,221,0,387,212,0,0,122
3738,3939,500,299,587,407,378,0,0,169
3739,1608,500,95,128,90,154,0,0,79
3740,2558,500,232,0,562,278,500,0,116
3741,8319,500,447,1306,424,765,0,0,278
3742,2037,500,343,0,346,209,500,0,97
3743,3228,500,390,471,169,300,0,4587,40
3744,15370,900,1661,3313,0,1343,0,0,516
3745,1152,500,101,93,208,121,0,0,83
3746,2546,500,227,316,115,237,0,0,108
3747,4314,500,557,0,662,436,0,0,178
3748,1670,500,165,273,161,161,0,0,96
3749,3540,500,674,522,345,341,0,0,158
3750,2882,500,112,401,0,252,0,0,108
3751,4437,500,468,228,583,444,0,0,177
3752,3036,500,392,532,0,266,0,0,126
3753,1605,500,208,0,179,161,500,0,74
3754,4598,500,509,690,479,443,0,0,186
3755,1287,500,96,107,126,127,0,0,83
3756,1628,500,130,112,183,163,0,0,91
3757,7992,500,967,979,949,775,0,0,312
3758,708,500,217,0,117,72,0,0,71
3759,1746,500,209,161,243,173,0,0,98
3760,6912,500,431,1082,525,652,0,0,241
3761,16173,900,1103,0,2691,1633,0,0,593
3762,2626,500,189,467,0,230,0,0,117
3763,1908,500,551,256,209,184,0,0,108
3764,3361,500,696,316,400,330,0,0,148
3765,1494,500,230,178,101,139,0,0,96
3766,1383,500,267,252,0,121,0,0,80
3767,10732,900,748,1533,1282,1048,0,0,385
3768,2054,500,114,215,295,206,0,0,111
3769,1938,500,124,0,331,197,0,0,114
3770,3836,500,906,0,296,360,0,0,175
3771,3431,500,247,0,527,346,0,0,166
3772,4485,500,758,0,702,459,0,6904,40
3773,3872,500,300,0,764,402,0,0,178
3774,3193,500,0,497,0,279,0,0,127
3775,1835,500,58,0,184,186,0,0,89
3776,3413,500,215,0,602,357,0,0,160
3777,3452,500,299,228,338,336,0,0,143
3778,2790,500,273,412,106,255,0,0,119
3779,5780,500,616,1227,0,506,0,0,216
3780,1727,500,140,341,0,151,0,0,93
3781,1953,500,103,284,150,185,0,0,101
3782,2020,500,370,0,225,204,0,0,103
3783,4115,500,238,0,606,412,0,0,175
3784,6954,500,954,1478,0,608,0,0,238
3785,1579,500,204,0,167,158,0,0,87
3786,2527,500,222,364,123,234,0,0,107
3787,5218,500,661,0,843,531,500,0,195
3788,3520,500,603,419,370,340,0,0,156
3789,2776,500,474,258,417,280,0,0,143
3790,3619,500,255,684,0,317,0,0,141
3791,1525,500,557,0,168,148,0,0,91
3792,3360,500,591,0,554,342,0,0,160
3793,1917,500,96,0,277,196,0,0,106
3794,3404,500,604,0,450,342,0,0,145
3795,4085,500,662,0,543,409,500,6199,40
3796,4175,500,450,399,606,414,0,0,187
3797,2276,500,131,292,0,199,0,0,91
3798,10168,900,601,1440,0,889,0,0,322
3799,2926,500,600,0,651,317,0,0,142
3800,2511,500,108,0,223,245,0,0,109
3801,4570,500,307,0,807,489,0,0,188
3802,2152,500,219,382,0,188,500,0,85
3803,4182,500,445,441,457,408,500,0,154
3804,3511,500,0,0,513,358,0,0,151
3805,1608,500,93,179,0,146,0,0,80
3806,4971,500,561,658,284,462,0,0,174
3807,5049,500,460,0,720,511,0,0,204
3808,5381,500,289,489,732,530,500,0,211
3809,1475,500,300,0,174,149,500,0,72
3810,1787,500,242,0,306,194,0,0,96
3811,9994,900,618,0,1770,1021,0,0,387
3812,4485,500,522,747,276,417,0,0,172
3813,4015,500,381,453,298,382,0,0,155
3814,2949,500,354,0,557,306,0,0,145
3815,2292,500,171,0,230,231,0,0,99
3816,2437,500,118,0,523,264,0,0,123
3817,1521,500,205,203,114,146,1386,0,41
3818,7648,500,1424,0,1329,778,0,0,318
3819,11148,900,583,1594,0,975,0,0,368
3820,2029,500,150,227,92,190,0,0,92
3821,2322,500,170,274,63,211,0,0,98
3822,4453,500,319,0,899,467,500,0,180
3823,4722,500,286,785,263,435,0,0,178
3824,3143,500,533,310,225,299,0,0,124
3825,2463,500,267,502,0,215,0,0,122
3826,2196,500,240,434,0,192,500,0,92
3827,2618,500,128,173,315,260,0,0,128
3828,4200,500,454,0,683,434,0,0,168
3829,5765,500,439,974,442,542,0,0,230
3830,2386,500,230,351,0,209,0,0,92
3831,2691,500,162,333,110,248,0,0,108
3832,847,500,87,144,60,79,0,0,73
3833,41581,900,4743,0,4756,4023,0,0,1364
3834,1516,500,286,306,0,137,0,0,91
3835,2093,500,372,235,234,205,0,0,115
3836,3724,500,359,0,463,372,500,0,134
3837,1440,500,46,144,60,133,0,0,78
3838,4771,500,641,0,551,471,0,0,182
3839,1535,500,110,171,0,135,500,0,68
3840,2038,500,318,222,201,203,0,0,108
3841,7587,500,582,0,1161,785,0,0,286
3842,3686,500,258,0,563,373,0,0,162
3843,7729,500,0,812,831,746,0,0,271
3844,1682,500,173,208,118,158,0,0,91
3845,3549,500,353,635,0,311,0,0,140
3846,1993,500,0,233,91,184,0,0,94
3847,1125,500,160,134,57,104,0,0,76
3848,3684,500,229,267,350,358,0,0,144
3849,2928,500,314,379,294,283,0,0,131
3850,4122,500,671,0,622,419,500,0,157
3851,7819,500,858,0,1127,782,0,0,286
3852,1874,500,306,316,178,180,0,0,101
3853,9383,900,881,0,1508,941,0,0,379
3854,13790,900,878,1583,1515,1329,0,0,622
3855,2702,500,230,0,411,283,0,0,124
3856,3704,500,220,335,446,361,0,0,157
3857,2214,500,198,390,0,193,0,0,102
3858,3394,500,234,175,531,346,0,0,149
3859,1326,500,75,0,92,134,0,0,75
3860,1885,500,0,208,0,164,0,0,82
3861,1880,500,192,383,0,169,500,0,85
3862,2586,500,147,0,251,254,500,0,100
3863,4206,500,444,0,616,428,0,0,170
3864,3542,500,380,758,0,310,0,0,156
3865,2792,500,486,0,223,270,0,0,119
3866,3613,500,301,260,380,356,0,0,149
3867,9260,500,1586,0,1331,954,0,0,350
3868,2623,500,273,0,492,274,0,0,132
3869,1608,500,114,162,154,158,0,0,87
3870,2869,500,312,241,290,278,0,0,130
3871,2785,500,292,582,0,244,0,0,128
3872,1973,500,366,419,0,173,0,0,101
3873,2428,500,360,0,246,237,0,0,220
3874,6420,500,736,1094,402,596,0,0,238
3875,4810,500,569,834,297,446,0,0,191
3876,5332,500,310,0,776,532,0,0,211
3877,2244,500,154,165,283,225,0,0,109
3878,2450,500,343,176,240,241,500,0,96
3879,4144,500,921,406,736,427,0,0,177
3880,1334,500,112,0,168,132,500,0,72
3881,5824,500,314,774,421,547,0,0,225
3882,5225,500,383,0,1040,545,0,0,218
3883,7143,500,1552,0,1544,778,0,0,307
3884,1154,500,44,94,58,107,500,0,63
3885,18257,900,2184,2662,2019,1757,0,0,659
3886,4851,500,492,675,489,469,0,0,191
3887,7627,500,446,0,929,742,0,0,285
3888,1033,500,44,93,57,96,0,0,74
3889,3789,500,347,492,0,332,0,0,143
3890,2323,500,156,217,116,218,0,0,95
3891,3536,500,489,371,301,338,0,0,145
3892,7199,500,740,1062,0,630,0,0,249
3893,6822,500,433,0,0,597,0,0,242
3894,6162,500,387,0,964,624,0,0,250
3895,2789,500,205,242,394,278,0,0,133
3896,1130,500,233,212,0,99,0,0,77
3897,12490,900,1349,2691,0,1093,500,0,416
3898,2043,0,120,0,300,219,0,0,78
3899,10719,900,751,0,1493,1095,0,4409,294
3900,5509,500,393,0,372,512,0,0,230
3901,6078,500,400,0,891,611,0,0,253
3902,1863,500,180,356,0,164,0,0,96
3903,9485,500,971,1391,0,830,0,0,313
3904,6685,500,441,752,799,651,0,0,255
3905,3719,500,250,497,350,357,0,0,152
3906,5824,500,907,0,973,600,0,8804,157
3907,1224,500,94,194,0,107,0,0,76
3908,2713,500,178,0,517,290,0,0,129
3909,1669,500,108,236,0,145,0,0,84
3910,3283,500,360,350,339,318,0,4800,40
3911,2067,500,115,0,305,207,0,0,114
3912,3450,500,387,616,191,317,0,0,158
3913,3810,500,819,370,393,368,0,0,163
3914,29986,900,3769,0,5551,3076,0,1317,1063
3915,2056,500,132,0,352,215,0,0,107
3916,4228,500,278,621,216,391,500,0,147
3917,2550,500,219,455,274,245,0,0,132
3918,1271,500,77,0,165,124,0,0,90
3919,7367,500,453,1346,0,645,0,0,256
3920,1930,500,230,349,213,186,0,0,115
3921,3854,500,235,418,310,369,0,0,146
3922,3003,500,282,0,542,322,0,0,139
3923,18576,900,1942,3864,0,1625,500,0,578
3924,3699,500,468,378,336,356,0,0,149
3925,6095,500,398,637,543,581,0,0,220
3926,7585,500,552,0,1317,792,0,0,298
3927,23494,900,2494,4967,0,2056,0,0,743
3928,2585,500,116,0,251,254,0,0,118
3929,2604,500,189,0,0,228,500,0,102
3930,3989,500,219,631,254,371,0,0,174
3931,9050,500,1046,0,1281,903,500,0,318
3932,4736,500,332,0,777,493,500,0,196
3933,2667,500,323,264,224,255,500,0,103
3934,1727,500,162,235,84,160,0,0,90
3935,3595,500,356,427,263,340,500,0,126
3936,1899,500,58,122,118,183,0,0,88
3937,1973,500,224,307,164,194,0,0,102
3938,3156,500,0,212,340,312,500,0,109
3939,1311,500,165,84,104,128,0,0,78
3940,1307,500,190,121,125,132,0,0,77
3941,3870,500,564,0,556,403,0,0,157
3942,8432,500,509,0,1316,847,0,0,314
3943,2346,500,91,317,0,205,0,0,92
3944,5420,500,824,949,214,493,0,0,203
3945,2817,500,296,295,285,281,500,0,114
3946,4789,500,506,559,484,459,0,0,206
3947,2674,500,221,0,443,271,0,0,132
3948,1951,500,467,253,215,189,0,0,115
3949,2941,500,185,202,290,288,0,0,122
3950,3776,500,655,0,438,369,0,0,163
3951,2454,500,156,0,292,248,500,0,93
3952,3044,500,558,701,0,267,0,0,137
3953,4152,500,128,800,0,364,0,0,165
3954,2958,500,226,496,157,272,0,0,136
3955,1691,500,113,283,0,148,0,0,90
3956,2706,500,330,584,0,236,0,0,126
3957,1370,500,168,206,0,120,500,0,74
3958,2170,500,238,0,198,213,0,0,98
3959,3330,500,217,302,316,324,0,0,142
3960,3966,500,428,0,662,400,500,0,162
3961,4239,500,626,862,0,371,2196,0,111
3962,5519,500,598,0,862,559,0,0,223
3963,2259,500,91,228,0,197,0,0,95
3964,3041,500,184,403,225,290,0,0,128
3965,5421,500,293,0,780,548,0,0,214
3966,3465,500,521,0,484,350,0,0,152
3967,4440,500,744,0,785,453,0,0,201
3968,3356,500,196,643,0,294,0,0,143
3969,5564,500,0,0,995,579,0,0,218
3970,3975,500,619,0,442,389,0,0,165
3971,3071,500,378,0,397,301,0,0,148
3972,11332,900,2009,1796,935,1071,0,0,409
3973,1455,500,112,238,0,127,2194,0,37
3974,2408,500,183,210,310,237,0,0,121
3975,2836,500,165,360,162,266,0,0,113
3976,4753,500,277,821,0,416,0,0,194
3977,9191,500,510,1464,479,846,0,0,325
3978,1809,500,154,124,218,183,0,0,96
3979,4052,500,1108,833,0,355,0,0,147
3980,2442,500,148,0,342,253,0,0,112
3981,9592,500,987,1961,0,839,0,0,317
3982,3414,500,676,556,433,341,0,0,153
3983,3053,500,290,0,485,317,0,0,137
3984,1890,500,155,0,243,194,500,750,61
3985,4245,500,294,0,625,429,500,0,167
3986,2975,500,559,0,425,299,0,0,134
3987,2704,500,293,163,531,280,0,0,143
3988,3832,500,444,0,589,387,0,0,169
3989,1636,500,0,45,128,163,500,0,65
3990,2035,500,162,315,0,177,0,0,98
3991,5493,500,609,0,783,552,500,0,196
3992,4253,500,669,0,721,437,0,0,181
3993,5619,500,665,888,548,536,0,0,229
3994,3555,500,366,525,154,326,0,0,136
3995,2033,0,0,216,180,200,1762,0,38
3996,20870,900,2285,3682,721,1886,0,0,687
3997,8248,500,820,1173,0,722,0,0,272
3998,3632,500,367,525,165,334,0,0,132
3999,1699,500,113,240,0,148,0,0,87
4000,3950,500,227,0,443,391,500,0,133
4001,1262,500,88,0,173,131,0,0,80
4002,4655,500,500,831,301,431,0,0,187
4003,4932,500,336,0,805,504,0,0,201
4004,3070,500,417,0,330,304,0,0,126
4005,5167,500,524,0,684,517,0,0,201
4006,4904,500,285,0,620,487,0,0,195
4007,2201,500,159,159,231,230,0,0,103
4008,8400,500,1320,1834,0,735,0,0,277
4009,8598,500,1027,0,1208,852,0,0,330
4010,3547,500,388,0,586,372,500,0,152
4011,3870,500,247,545,0,339,0,0,151
4012,2462,500,125,401,0,222,0,0,105
4013,4480,500,322,620,359,424,0,0,185
4014,1906,500,89,0,270,193,0,0,102
4015,7669,500,739,1459,0,671,0,0,250
4016,1509,500,162,0,218,152,0,0,96
4017,1330,500,71,0,161,131,0,0,87
4018,4514,500,516,526,496,437,0,0,185
4019,1086,500,111,197,0,95,0,0,77
4020,4439,500,431,379,517,435,500,0,165
4021,4776,500,543,669,434,455,500,0,181
4022,2899,500,314,0,552,299,500,0,130
4023,1457,500,115,167,59,135,0,0,79
4024,1741,500,93,0,244,188,500,0,71
4025,2658,500,295,148,344,262,0,0,127
4026,5589,500,621,1077,0,489,0,0,195
4027,2432,500,225,0,331,245,0,0,117
4028,2226,500,113,383,0,195,0,0,103
4029,3136,500,0,0,435,318,500,0,124
4030,3191,500,127,395,119,292,0,0,115
4031,3146,500,434,0,341,312,0,0,132
4032,2884,500,285,0,350,283,0,0,135
4033,2985,500,187,429,150,276,0,0,124
4034,1840,500,104,0,221,180,0,0,105
4035,2697,500,125,339,167,252,0,0,121
4036,3861,500,751,0,834,418,0,0,190
4037,4026,500,622,0,562,406,0,0,165
4038,3018,500,150,0,286,292,0,0,132
4039,3059,500,208,0,405,315,500,0,126
4040,4671,500,287,525,484,448,0,0,196
4041,7170,500,848,678,904,702,500,0,265
4042,3712,500,369,733,0,324,0,0,132
4043,3024,500,149,425,134,277,0,0,126
4044,3795,500,611,634,0,342,0,0,148
4045,1431,500,206,205,229,149,0,0,91
4046,11332,900,1384,0,1829,1143,500,0,425
4047,2162,500,546,443,142,200,500,0,104
4048,1102,500,111,165,57,102,0,0,77
4049,2073,500,157,185,134,199,0,0,89
4050,4747,500,768,894,181,443,0,0,202
4051,1902,500,0,0,176,185,0,0,142
4052,3750,500,1111,472,394,364,500,0,140
4053,6635,500,1479,0,960,668,0,0,252
4054,3404,500,320,327,382,336,0,1284,115
4055,1838,500,117,207,151,179,0,0,89
4056,2140,500,110,222,279,212,0,389,113
4057,7608,0,545,0,0,682,0,0,260
4058,2567,500,134,0,274,250,0,0,122
4059,4106,500,665,0,602,428,0,0,167
4060,2508,500,218,171,264,249,0,0,105
4061,6345,500,886,0,786,622,0,0,245
4062,2500,500,177,0,408,255,500,0,113
4063,3523,500,384,390,326,337,0,0,153
4064,3436,500,529,0,508,343,0,0,169
4065,10995,900,598,1773,588,1012,0,0,399
4066,6299,500,354,623,551,603,0,0,225
4067,2672,500,260,0,278,271,0,0,125
4068,2283,500,144,0,255,236,500,0,87
4069,2435,500,203,0,273,246,0,0,106
4070,2833,500,177,389,197,268,0,0,120
4071,5009,500,490,809,276,463,0,0,190
4072,3069,500,399,380,406,301,0,0,150
4073,3599,500,210,477,140,330,0,0,142
4074,3429,500,390,332,573,346,0,0,170
4075,1534,500,94,0,276,156,0,0,98
4076,2392,500,107,0,285,241,500,0,95
4077,3702,500,230,0,516,377,0,0,150
4078,2399,500,358,328,195,229,0,0,112
4079,2175,500,97,0,229,216,0,0,102
4080,4427,500,1008,0,704,456,0,0,211
4081,2351,500,157,438,0,206,0,0,108
4082,2958,500,230,0,317,303,0,0,128
4083,1252,500,91,146,63,117,0,0,77
4084,2827,500,591,0,329,278,0,0,127
4085,1730,500,57,179,64,160,0,0,88
4086,18851,900,1072,3148,1592,1782,0,0,624
4087,7545,500,979,0,1324,774,0,0,294
4088,2764,500,291,387,264,264,0,0,134
4089,1402,500,107,0,181,140,500,0,72
4090,3764,500,448,652,231,349,0,0,165
4091,1589,500,0,0,121,157,0,0,80
4092,4152,500,566,0,570,430,0,0,164
4093,4868,500,320,0,565,477,0,0,187
4094,6035,0,682,956,478,573,7768,0,54
4095,2438,500,148,0,283,245,0,0,110
4096,3230,500,355,0,569,333,0,0,156
4097,3953,500,383,654,0,345,0,0,136
4098,3181,500,305,0,198,307,0,0,131
4099,2293,500,177,357,113,211,0,0,116
4100,6554,500,824,554,864,644,0,0,263
4101,5511,500,654,1134,0,482,0,0,181
4102,4323,500,263,0,665,436,0,0,183
4103,3464,500,305,499,0,303,0,0,132
4104,1547,500,67,112,175,153,0,0,93
4105,3840,500,219,421,419,371,0,0,163
4106,5930,500,342,986,301,544,0,0,226
4107,1944,500,261,233,107,182,0,0,94
4108,4080,500,495,0,623,408,0,0,183
4109,1675,500,210,206,233,175,0,0,93
4110,7447,500,441,1432,0,651,0,9040,40
4111,2646,500,346,176,242,260,500,0,97
4112,32324,900,2900,0,5806,3294,500,0,1949
4113,2357,500,269,196,191,236,0,0,112
4114,11734,900,1414,1347,1572,1160,0,0,418
4115,3393,500,521,0,563,350,0,0,150
4116,2451,500,483,0,398,256,0,0,120
4117,5674,500,825,1133,0,497,0,0,204
4118,13928,900,3018,2382,2221,1398,0,0,564
4119,10140,900,1648,1783,778,955,0,0,361
4120,4832,500,313,893,0,423,0,0,175
4121,1547,500,162,0,224,156,500,0,81
4122,3579,500,518,467,213,335,500,0,129
4123,1900,500,261,0,164,183,0,0,96
4124,1609,500,305,223,58,148,0,1419,92
4125,1593,500,66,209,62,146,0,0,91
4126,2876,500,687,228,372,293,0,0,123
4127,1860,500,64,158,59,171,0,0,84
4128,2802,500,290,575,0,245,0,0,133
4129,3741,500,370,499,0,337,0,0,146
4130,1766,500,113,0,230,180,500,0,77
4131,2459,500,154,0,332,244,0,0,125
4132,2521,500,270,339,332,249,0,0,130
4133,2772,500,475,0,436,282,0,0,134
4134,11746,900,1560,2163,420,1061,0,3030,358
4135,4597,500,564,727,0,402,0,0,183
4136,16482,900,1849,2864,1336,1553,0,0,568
4137,5742,500,678,776,603,555,0,0,208
4138,4256,500,842,354,468,420,0,0,162
4139,2225,500,198,296,173,213,0,0,103
4140,7000,500,844,654,1141,708,0,0,278
4141,3368,500,358,622,0,295,0,0,130
4142,10935,900,1266,0,1263,1062,500,0,394
4143,3404,500,494,0,510,354,0,0,149
4144,1751,500,144,0,249,182,500,0,77
4145,3174,500,406,0,304,309,0,0,130
4146,8410,500,446,1301,0,736,0,0,276
4147,2116,500,319,0,549,229,500,0,118
4148,3269,500,212,385,318,316,0,0,142
4149,1081,500,84,183,0,94,500,0,60
4150,1899,500,469,0,387,198,0,0,112
4151,2804,500,317,464,132,257,0,0,128
4152,1937,500,152,0,280,195,0,0,106
4153,3237,500,480,0,332,317,0,0,132
4154,2815,500,543,0,529,288,0,0,154
4155,4436,500,268,366,545,438,0,0,181
4156,5739,500,666,517,934,583,0,0,225
4157,3342,500,330,590,0,292,0,0,132
4158,11632,900,0,2103,0,1015,0,0,355
4159,1858,500,173,207,0,162,500,0,73
4160,4987,500,537,0,990,517,0,0,221
4161,2804,500,228,322,138,260,0,0,115
4162,4032,500,398,0,598,411,0,0,164
4163,24226,900,1432,2770,2547,2328,0,0,811
4164,3415,500,392,208,668,352,0,0,168
4165,4122,500,397,0,476,406,500,0,149
4166,3804,500,265,724,0,333,500,0,135
4167,3246,500,344,0,557,339,500,0,128
4168,4734,500,573,0,846,484,553,0,182
4169,3382,500,564,0,260,323,500,0,124
4170,2318,500,183,0,348,241,500,0,92
4171,1442,500,331,0,282,153,0,0,94
4172,4288,500,243,0,650,432,0,0,194
4173,4300,500,227,543,326,405,0,0,180
4174,8490,500,613,0,1605,875,500,0,313
4175,11595,900,683,0,1586,1147,0,0,421
4176,6470,500,789,558,796,630,0,0,281
4177,5778,500,993,0,874,579,0,0,244
4178,4167,500,375,0,614,425,0,0,165
4179,3243,500,230,0,506,329,0,0,143
4180,2815,500,452,0,418,287,0,0,125
4181,2534,500,326,0,560,274,500,0,113
4182,5111,500,259,733,301,477,500,0,164
4183,1568,500,0,0,236,160,500,0,79
4184,1444,500,326,293,0,130,0,0,84
4185,1823,500,183,0,0,160,0,0,98
4186,5446,500,1078,0,453,516,0,0,209
4187,4011,500,261,602,423,390,0,0,160
4188,5556,500,291,0,891,560,0,0,239
4189,3444,500,216,584,0,302,0,0,131
4190,28037,900,3520,6123,0,2523,0,0,846
4191,2116,500,153,0,174,208,0,0,104
4192,3305,500,376,679,0,289,500,0,129
4193,1369,500,78,0,267,142,0,0,92
4194,2158,500,264,234,109,202,0,0,98
4195,3623,500,220,263,327,350,0,0,142
4196,1586,500,64,0,174,160,0,0,86
4197,1627,500,204,276,0,142,0,0,90
4198,2799,500,171,0,446,289,0,0,133
4199,3316,500,356,0,570,341,0,0,152
4200,3424,500,225,0,528,362,500,0,132
4201,7231,500,858,0,1150,751,0,0,284
4202,1790,500,259,233,106,167,0,0,93
4203,3287,500,253,682,0,288,0,0,140
4204,3001,500,261,0,461,318,0,1242,102
4205,7723,500,0,1448,0,675,500,0,234
4206,1355,500,119,233,0,119,0,0,81
4207,4541,500,334,0,793,464,0,0,194
4208,3832,500,297,444,379,366,0,0,170
4209,1705,500,89,139,172,165,0,0,97
4210,2649,500,204,249,402,264,0,0,141
4211,4693,500,335,675,0,411,0,0,182
4212,1758,500,214,173,269,175,0,0,107
4213,2554,500,256,0,369,258,0,1584,87
4214,1960,500,153,149,233,192,0,0,106
4215,3294,500,322,385,295,320,500,0,115
4216,4255,500,483,917,0,373,500,0,157
4217,6852,500,443,0,1000,686,0,0,267
4218,4961,500,494,514,440,475,0,0,194
4219,1682,500,209,137,168,167,0,0,88
4220,2110,500,154,433,0,190,2955,0,56
4221,4844,500,823,887,438,460,0,0,204
4222,7659,500,404,784,817,744,0,0,288
4223,993,500,233,0,134,99,0,0,78
4224,3437,500,318,0,377,351,0,0,137
4225,1926,500,108,195,113,184,0,0,88
4226,1600,500,82,86,126,167,0,0,83
4227,2293,500,250,400,103,209,0,0,110
4228,3810,500,659,0,540,378,500,0,170
4229,2388,500,153,264,215,227,500,3483,40
4230,3066,500,186,253,240,295,0,0,119
4231,5868,500,738,830,499,559,0,0,220
4232,5889,500,805,1060,0,516,0,0,203
4233,4622,0,280,0,615,474,0,0,169
4234,7747,500,898,0,995,763,0,0,293
4235,2315,500,92,0,231,230,0,0,102
4236,2259,500,0,357,0,198,0,0,98
4237,6679,500,741,0,540,630,500,0,235
4238,1784,500,225,0,281,179,0,0,107
4239,4135,500,448,556,244,385,0,0,163
4240,6551,500,685,721,653,631,0,0,237
4241,981,500,85,81,180,102,500,0,63
4242,4035,500,423,609,0,353,0,0,172
4243,2899,500,113,338,115,267,500,0,96
4244,2912,500,448,420,185,271,500,0,117
4245,2593,500,108,0,230,253,0,0,109
4246,4632,500,535,697,550,465,0,0,195
4247,4404,500,455,754,280,409,0,0,186
4248,3656,500,385,0,526,369,0,0,160
4249,3256,500,436,264,348,319,0,0,145
4250,6239,500,399,0,645,604,500,0,215
4251,4578,500,548,538,635,454,0,0,191
4252,2447,500,290,524,0,214,0,0,124
4253,1713,500,141,248,165,164,0,0,106
4254,3502,500,197,466,0,306,500,0,122
4255,1472,500,89,0,117,144,0,0,85
4256,1246,500,60,0,286,138,0,0,87
4257,2982,500,208,276,457,298,0,0,145
4258,4093,500,824,845,0,359,0,0,159
4259,4842,500,342,0,959,502,0,0,228
4260,1150,500,109,237,0,100,0,0,80
4261,2239,500,156,300,0,196,0,0,92
4262,4196,500,502,394,625,419,0,0,185
4263,5740,500,364,0,1053,589,0,0,239
4264,1003,500,54,0,166,104,0,0,85
4265,2846,500,243,0,411,296,0,0,120
4266,6634,500,1042,0,1192,680,0,0,265
4267,26462,900,1419,5385,0,2316,0,0,805
4268,1993,500,176,242,109,188,0,0,95
4269,2852,500,408,504,0,250,0,0,115
4270,3686,500,193,0,495,379,0,0,161
4271,998,0,477,0,125,104,500,0,41
4272,2439,500,107,0,216,237,570,0,95
4273,9268,500,549,0,796,877,500,0,311
4274,7573,500,775,1207,452,704,0,0,259
4275,4657,500,266,0,763,490,0,0,204
4276,3128,500,300,0,287,302,500,0,115
4277,1652,500,74,70,277,175,0,0,96
4278,3982,500,450,0,622,404,0,0,171
4279,1926,500,165,0,342,203,0,0,99
4280,5838,500,312,575,546,562,0,0,205
4281,3681,500,1098,841,0,322,0,0,150
4282,4479,500,244,0,541,453,0,0,176
4283,2913,500,286,0,356,286,0,0,133
4284,1169,500,222,114,178,121,0,0,85
4285,1627,500,245,0,132,166,0,0,81
4286,1485,500,78,148,0,130,0,0,73
4287,10366,900,755,969,1368,1016,0,0,397
4288,2511,500,0,350,113,231,0,0,114
4289,1923,500,175,240,62,175,0,0,90
4290,4455,500,491,0,652,444,0,0,192
4291,2274,500,342,0,0,199,3315,0,41
4292,6842,500,458,0,1322,710,0,0,270
4293,2379,500,226,0,307,239,500,0,104
4294,4932,500,365,565,550,477,0,0,220
4295,2113,500,223,0,340,220,0,0,124
4296,7022,500,470,918,1132,713,0,0,275
4297,4748,500,551,0,614,468,0,0,207
4298,2512,500,218,0,355,258,0,0,115
4299,1672,500,65,0,235,176,0,0,89
4300,2084,500,373,354,290,208,0,0,111
4301,5367,500,577,905,331,499,551,0,193
4302,4544,500,325,941,0,397,0,0,189
4303,3581,500,522,0,451,358,0,0,144
4304,9636,500,661,1557,674,902,0,0,331
4305,1714,500,0,0,195,172,0,0,91
4306,6534,500,780,1323,0,572,500,2208,163
4307,2411,500,124,400,0,211,500,0,96
4308,2511,500,252,0,366,262,0,0,121
4309,18258,900,1922,3824,0,1643,0,0,588
4310,2321,500,168,0,285,238,0,0,102
4311,1408,500,230,144,201,143,0,0,95
4312,3129,500,370,0,496,316,1109,0,124
4313,1301,500,0,237,0,117,0,0,80
4314,3034,500,309,528,0,266,0,0,121
4315,27642,900,1088,5607,0,2419,0,0,837
4316,3915,500,441,683,0,343,0,0,150
4317,1243,0,250,133,30,113,0,0,58
4318,2339,500,220,0,0,204,0,0,111
4319,2326,500,230,0,412,242,0,0,115
4320,3310,500,467,0,455,336,0,0,138
4321,4506,500,255,698,349,426,500,0,168
4322,2284,500,353,0,288,237,0,0,102
4323,1591,500,346,0,229,158,0,0,101
4324,898,500,91,139,0,78,0,0,73
4325,4625,500,306,0,699,484,0,0,181
4326,2088,500,253,254,286,217,0,0,99
4327,2313,500,159,330,108,213,0,0,105
4328,6786,500,829,656,975,673,0,0,274
4329,3773,500,560,0,733,395,500,0,155
4330,5171,500,335,0,598,509,0,0,183
4331,2586,500,420,261,374,257,0,0,132
4332,3610,500,226,594,0,316,0,0,132
4333,3481,500,252,598,213,322,500,0,140
4334,3625,500,356,462,223,339,0,0,135
4335,2028,500,178,0,220,204,0,0,97
4336,3977,500,219,748,0,348,0,0,155
4337,1873,500,170,0,398,196,0,0,113
4338,6858,500,676,743,710,663,0,0,255
4339,2461,500,134,288,119,230,0,0,108
4340,2652,0,0,463,0,232,0,0,102
4341,9201,500,604,0,1135,902,0,0,324
4342,6124,500,691,548,737,600,0,0,236
4343,3165,500,483,0,0,277,500,0,120
4344,2903,500,426,424,0,254,0,0,128
4345,2260,500,156,242,216,216,0,0,116
4346,5516,500,322,0,680,545,0,0,218
4347,2757,500,454,418,260,264,500,0,115
4348,3331,500,559,0,554,341,0,0,159
4349,5495,500,508,999,0,481,0,0,192
4350,3429,500,600,467,218,322,0,0,145
4351,6294,500,342,0,657,608,0,0,234
4352,7344,500,458,1171,461,683,0,0,254
4353,7049,500,862,1468,0,617,0,0,246
4354,2533,500,247,368,299,251,0,0,131
4355,8638,500,1409,0,982,842,0,0,320
4356,14455,900,2471,2265,1584,1401,0,0,532
4357,5377,0,592,726,474,511,500,0,179
4358,3666,500,336,0,569,375,0,0,155
4359,3173,500,598,0,390,313,0,0,143
4360,2110,500,429,0,252,212,0,0,105
4361,1934,500,264,0,286,199,0,0,103
4362,6782,500,692,925,467,636,500,0,222
4363,4829,500,556,904,0,422,0,0,167
4364,4089,500,256,0,549,406,0,0,175
4365,7298,500,985,0,1133,733,10648,0,63
4366,2540,500,156,201,219,248,0,0,109
4367,5502,500,366,1058,0,482,0,0,201
4368,4568,500,522,822,302,424,0,0,190
4369,1729,500,337,0,224,176,0,0,93
4370,3048,500,260,0,403,308,0,0,129
4371,2344,500,156,364,155,220,500,0,104
4372,4986,500,331,426,565,486,500,0,191
4373,3048,500,595,0,281,295,0,0,128
4374,1917,500,118,139,146,187,0,0,90
4375,2238,500,320,0,333,230,500,0,105
4376,3498,500,337,0,452,351,1244,0,120
4377,5139,500,468,664,0,449,0,0,176
4378,2068,500,116,243,0,180,0,0,95
4379,6407,500,893,0,1079,653,0,0,259
4380,3272,500,226,266,345,318,0,0,138
4381,4478,500,403,792,0,392,500,0,143
4382,1235,500,45,95,58,114,0,0,78
4383,3114,500,187,634,0,273,0,0,142
4384,2661,500,312,539,0,232,0,0,140
4385,2994,500,194,211,289,293,0,0,122
4386,3076,500,459,303,324,295,0,0,146
4387,3193,500,461,379,386,312,0,0,149
4388,4448,500,838,472,375,426,0,0,157
4389,1843,500,110,0,324,203,0,0,95
4390,2459,500,169,321,183,232,0,0,115
4391,3852,500,551,336,542,386,5831,0,44
4392,4710,500,429,844,0,412,0,0,170
4393,3175,500,298,382,225,301,0,0,128
4394,2108,500,0,239,0,184,0,0,91
4395,7003,500,971,0,1241,712,0,0,289
4396,6792,500,730,1456,0,594,0,0,247
4397,5088,500,1091,780,697,508,500,0,187
4398,2937,500,416,0,449,303,0,0,130
4399,3555,500,449,527,162,327,0,0,143
4400,4746,500,313,781,266,437,0,0,183
4401,4373,500,842,0,664,446,0,0,176
4402,4615,500,221,0,767,474,0,0,200
4403,1678,500,166,147,279,172,0,0,101
4404,11687,900,1211,2407,0,1023,500,0,378
4405,3966,500,494,677,0,357,0,0,140
4406,2099,500,350,0,345,227,0,0,103
4407,1590,500,112,0,177,158,500,0,73
4408,18118,900,2017,3182,1085,1675,0,0,614
4409,1750,500,107,152,140,171,500,0,73
4410,2766,500,532,510,0,242,0,0,111
4411,2111,500,234,0,235,207,0,0,108
4412,3187,500,261,0,405,322,0,0,132
4413,17530,900,3420,0,3967,1910,0,0,713
4414,10193,900,1172,1189,1057,980,500,0,368
4415,5668,500,733,0,1097,583,0,0,248
4416,2293,500,182,297,287,232,500,0,90
4417,8931,500,617,0,1386,923,500,0,315
4418,5418,500,573,0,639,527,500,0,200
4419,2534,500,399,0,465,260,0,0,134
4420,16186,900,969,0,2081,1587,0,0,570
4421,1922,500,144,0,401,207,0,0,115
4422,3029,500,458,481,223,286,0,0,127
4423,3414,500,522,743,0,298,500,0,130
4424,3604,500,653,584,0,315,0,1953,106
4425,1832,500,314,0,171,182,0,0,90
4426,3672,500,608,760,0,322,0,0,154
4427,4417,500,513,701,477,425,0,0,188
4428,4549,500,468,413,625,452,0,0,205
4429,2508,500,375,301,0,220,0,0,102
4430,2954,500,278,0,454,301,0,0,137
4431,1711,500,94,179,0,151,500,0,58
4432,4179,500,401,419,740,437,0,0,174
4433,3071,500,323,0,425,308,0,0,140
4434,6273,500,422,0,991,656,0,0,236
4435,4911,500,342,797,719,492,0,0,198
4436,2454,500,583,0,330,241,0,0,127
4437,1917,500,176,265,320,201,0,0,102
4438,3877,500,608,618,225,361,0,0,151
4439,4941,500,813,461,694,494,0,0,202
4440,3265,500,278,542,0,286,0,0,124
4441,4633,500,257,0,693,469,0,0,183
4442,6573,500,690,0,1131,674,0,0,259
4443,2781,500,115,361,238,269,0,0,119
4444,6555,500,688,0,769,644,0,0,241
4445,2885,500,686,0,257,289,0,0,120
4446,8115,500,850,1318,553,760,0,0,280
4447,945,500,92,193,0,82,0,0,74
4448,1368,500,161,0,272,142,0,0,97
4449,3345,500,517,0,385,329,0,0,144
4450,1463,500,55,82,111,142,500,0,64
4451,3466,500,229,0,518,353,0,0,145
4452,4382,500,293,536,338,414,555,0,164
4453,1621,500,85,162,0,142,0,0,76
4454,2611,500,234,175,229,254,0,0,116
4455,2555,500,386,0,360,265,0,0,131
4456,17743,900,2027,3125,1588,1682,0,0,616
4457,3811,500,533,334,406,370,0,0,159
4458,8008,500,549,1515,0,700,0,0,262
4459,4039,500,384,0,533,418,0,0,156
4460,3348,500,383,519,251,314,0,0,152
4461,2606,500,181,0,342,262,0,0,120
4462,2934,500,227,426,0,257,0,0,112
4463,2135,500,355,0,254,209,0,0,114
4464,1275,500,108,143,110,121,0,0,87
4465,3421,500,211,448,103,311,0,0,129
4466,3274,500,258,501,0,287,0,0,119
4467,3348,500,286,405,0,293,0,0,125
4468,5448,500,921,0,818,571,0,0,209
4469,3367,500,537,543,0,294,0,0,133
4470,28902,900,1103,0,5051,2935,0,0,1002
4471,2616,500,219,166,272,261,0,0,109
4472,1532,500,81,0,124,156,0,0,81
4473,1713,500,165,146,172,165,0,0,97
4474,4084,500,452,0,659,418,0,0,172
4475,1856,500,221,0,324,190,0,0,107
4476,3634,500,1646,0,346,347,0,0,159
4477,2494,500,243,176,210,241,0,0,109
4478,2115,500,159,0,260,224,0,0,98
4479,3614,500,230,0,578,374,0,0,155
4480,2283,0,172,0,289,234,500,0,73
4481,12882,900,721,2129,982,1209,0,0,440
4482,2953,500,555,0,321,292,0,0,123
4483,3536,500,357,179,420,350,0,0,146
4484,4744,500,798,0,667,474,500,0,168
4485,3132,500,276,423,172,292,0,613,123
4486,1910,500,151,237,155,182,500,0,87
4487,3869,500,359,357,276,367,0,0,145
4488,4167,500,303,372,642,418,0,0,179
4489,3786,500,672,712,0,331,0,0,144
4490,3674,500,409,408,415,357,0,0,155
4491,3828,500,407,0,725,395,0,0,175
4492,4036,500,393,740,0,364,500,0,137
4493,1566,500,61,0,170,163,0,0,90
4494,2548,500,409,311,0,224,0,0,98
4495,4136,500,551,402,556,407,0,0,190
4496,2003,500,131,287,293,204,0,0,105
4497,3383,500,371,0,777,368,0,0,180
4498,7534,500,1664,0,1209,763,0,0,285
4499,2882,500,379,291,337,286,0,0,128
4500,1023,500,232,143,83,97,0,0,81
4501,4380,500,263,0,599,435,0,0,185
4502,6085,500,570,1123,0,532,0,0,208
4503,1525,500,124,269,0,133,0,0,85
4504,4825,500,511,641,0,422,0,0,169
4505,3284,500,306,435,318,317,0,0,138
4506,3325,500,340,515,277,317,500,0,126
4507,4164,500,827,847,0,375,0,0,165
4508,2290,500,230,186,383,236,0,0,117
4509,2488,500,164,0,465,274,0,0,113
4510,11214,900,0,1730,593,1032,0,0,382
4511,2234,500,179,0,382,236,0,0,120
4512,2703,500,165,0,367,277,500,0,102
4513,3562,500,504,536,228,335,500,0,122
4514,3492,500,437,0,566,364,0,0,146
4515,1789,500,47,177,0,157,0,0,81
4516,2040,500,164,0,165,196,0,0,101
4517,1301,500,239,134,176,128,0,0,91
4518,4598,500,562,554,611,453,0,0,194
4519,4179,500,262,0,652,420,0,0,182
4520,2280,500,171,165,236,237,500,0,84
4521,2464,500,567,365,168,234,0,0,107
4522,4942,500,290,0,874,507,0,840,189
4523,2765,500,0,403,0,242,0,0,121
4524,4453,500,704,980,0,390,0,0,181
4525,14239,900,1804,0,2379,1477,0,0,556
4526,2843,500,360,201,228,275,0,0,116
4527,8572,500,1324,1326,0,750,0,0,298
4528,2315,500,501,0,348,234,500,0,104
4529,1782,500,198,158,83,168,0,0,83
4530,2614,500,354,354,233,258,0,0,122
4531,2814,500,208,477,159,260,500,0,117
4532,1650,500,97,198,0,144,500,0,65
4533,3576,500,387,0,557,362,0,0,165
4534,6112,500,664,1324,0,535,0,0,222
4535,9694,500,989,1416,0,848,0,0,317
4536,2952,500,321,482,316,286,0,0,133
4537,2474,500,148,280,325,243,0,0,129
4538,5862,500,340,0,708,570,500,0,222
4539,3112,500,286,0,223,296,500,0,115
4540,2475,500,91,149,232,244,0,0,105
4541,5203,500,247,933,0,455,0,0,177
4542,4035,500,237,559,223,376,0,0,148
4543,2233,500,401,285,219,213,0,0,117
4544,5678,500,367,654,543,540,0,0,230
4545,2493,500,107,263,165,236,0,0,107
4546,4374,500,256,0,785,451,500,0,181
4547,2576,500,266,0,438,269,0,0,127
4548,2380,500,162,356,170,224,0,0,113
4549,2097,500,335,329,123,196,0,0,103
4550,1932,500,142,281,0,169,0,0,103
4551,2019,500,365,256,151,195,0,0,98
4552,2785,500,489,0,346,283,500,0,105
4553,2767,500,188,0,291,270,500,0,111
4554,2171,500,152,354,0,189,500,0,84
4555,5574,500,688,0,872,559,500,0,221
4556,9654,500,1608,902,1063,937,0,0,353
4557,2604,500,265,0,277,256,500,0,106
4558,1863,500,101,91,120,181,0,0,84
4559,2722,500,149,0,345,277,0,0,129
4560,7322,500,849,1132,686,697,0,0,279
4561,2234,500,227,0,334,231,0,0,124
4562,6202,500,956,1325,0,543,0,0,228
4563,2713,500,128,0,285,268,0,0,114
4564,3951,500,0,0,658,401,0,0,167
4565,5328,500,595,0,616,520,500,0,195
4566,2539,500,526,0,394,262,0,0,126
4567,2047,500,154,167,167,204,0,0,96
4568,7625,500,965,722,1110,760,500,0,282
4569,4021,500,292,0,684,410,0,0,188
4570,2465,500,153,343,165,230,0,0,126
4571,9299,500,1080,0,1250,920,0,0,343
4572,3489,500,0,312,286,333,0,0,141
4573,12411,900,3179,0,2301,1270,0,0,534
4574,8180,500,1463,838,889,788,500,0,277
4575,4465,500,257,627,165,407,0,0,157
4576,1688,500,57,0,170,170,0,0,87
4577,1758,500,73,137,114,167,0,0,93
4578,3127,500,298,288,311,307,0,0,127
4579,3573,500,889,857,0,312,0,0,148
4580,1978,500,132,290,449,216,0,0,111
4581,3027,500,126,393,118,277,0,0,119
4582,1744,500,192,302,106,166,0,0,100
4583,2561,500,135,0,297,259,0,0,107
4584,2311,500,144,345,0,202,0,0,98
4585,2393,500,172,148,179,230,0,0,102
4586,2661,500,281,372,237,261,0,0,126
4587,6035,500,817,717,803,612,0,0,251
4588,1673,500,111,172,0,147,0,0,83
4589,34807,900,1097,5788,1963,3297,0,0,1075
4590,2230,500,180,134,246,226,0,0,99
4591,1221,500,112,0,223,127,0,0,88
4592,1911,500,554,0,327,194,0,0,109
4593,1477,500,148,0,0,129,0,0,85
4594,1496,500,329,361,0,131,0,0,84
4595,3208,500,318,0,411,321,0,0,136
4596,1510,500,152,0,166,149,500,0,71
4597,2044,500,144,108,312,207,0,0,112
4598,4286,500,663,616,277,401,0,0,167
4599,5579,500,350,564,523,536,0,0,201
4600,5422,500,330,0,604,531,0,0,208
4601,4489,500,519,0,848,463,0,0,214
4602,7216,500,2088,1426,412,665,500,0,236
4603,2818,500,278,0,457,287,0,0,134
4604,2305,500,268,418,297,225,0,0,124
4605,5456,500,829,0,597,529,0,0,229
4606,4037,500,300,313,649,408,5894,0,42
4607,3857,500,443,688,330,365,5495,0,43
4608,11618,900,1389,690,1795,1164,0,0,446
4609,3870,500,554,0,555,387,0,0,165
4610,7066,500,884,0,1132,712,0,0,304
4611,5148,500,337,521,568,502,0,0,191
4612,6737,500,556,584,1079,684,0,0,257
4613,2828,500,296,0,335,279,0,0,137
4614,3578,500,437,491,124,326,0,0,129
4615,1809,500,145,0,241,189,500,0,79
4616,2087,500,119,140,148,203,500,0,74
4617,3742,0,396,0,680,387,0,0,155
4618,6118,500,687,1264,0,535,0,0,214
4619,5128,500,1150,0,968,531,0,0,217
4620,3564,500,233,0,614,366,0,0,157
4621,36296,900,3983,6498,2882,3410,0,0,1151
4622,7682,500,1010,0,1663,804,0,0,324
4623,3550,500,314,0,350,355,0,0,144
4624,3475,500,240,0,718,362,500,0,156
4625,2694,500,228,371,0,236,0,0,108
4626,2171,500,210,265,0,190,0,0,104
4627,2835,500,255,0,376,288,0,0,124
4628,2161,500,128,0,346,218,0,0,114
4629,1316,500,0,244,0,116,500,0,71
4630,5849,500,974,0,747,578,0,0,234
4631,2036,500,259,0,326,205,0,0,116
4632,3167,500,315,0,385,316,0,0,135
4633,2720,500,424,425,0,238,0,0,128
4634,6975,500,462,0,788,681,0,0,256
4635,3899,500,407,704,0,341,0,0,148
4636,3616,500,417,631,336,344,0,0,160
4637,3476,500,321,456,172,321,0,0,141
4638,2418,500,134,155,294,245,0,0,108
4639,1975,500,238,243,143,190,0,0,96
4640,4032,500,231,0,0,353,0,0,146
4641,6531,500,283,819,558,621,0,0,242
4642,1575,500,162,0,162,153,0,0,94
4643,3270,500,224,494,0,286,500,0,123
4644,3255,500,293,0,531,352,0,0,136
4645,7257,500,403,626,874,709,0,0,267
4646,1167,500,194,269,0,102,500,0,68
4647,3732,500,225,499,489,377,0,0,140
4648,1016,500,60,151,55,93,0,0,79
4649,2850,500,453,0,368,295,0,0,126
4650,3723,500,249,0,412,363,0,0,158
4651,1726,500,142,0,221,170,0,0,105
4652,3136,500,218,569,0,274,500,0,111
4653,2880,500,572,582,0,252,0,0,128
4654,3708,500,316,0,472,384,0,0,151
4655,6846,500,882,599,852,676,500,0,240
4656,2706,500,256,0,397,274,0,0,128
4657,2661,500,255,394,154,248,0,0,112
4658,12249,900,0,1654,1082,1197,0,0,410
4659,4754,500,967,1164,0,416,0,0,190
4660,1292,500,143,223,88,121,0,0,90
4661,4822,500,776,434,652,481,0,0,200
4662,1701,500,206,359,0,149,500,0,85
4663,5975,500,591,1171,0,523,0,0,210
4664,3924,500,383,758,0,344,0,0,153
4665,7280,500,370,1013,0,637,0,0,242
4666,4594,500,0,0,535,463,1115,548,143
4667,2210,500,226,202,192,214,0,0,104
4668,7959,500,549,1552,0,716,0,0,268
4669,1844,500,93,0,122,187,0,0,84
4670,6757,500,343,1202,0,591,500,0,214
4671,10997,900,1331,1987,1497,1084,0,0,426
4672,2778,500,167,391,217,264,0,0,118
4673,4513,500,275,670,226,416,0,0,165
4674,8805,500,2185,2049,0,771,0,0,296
4675,1854,500,264,0,389,201,0,0,104
4676,6320,500,359,0,878,634,0,0,236
4677,4606,500,312,0,661,463,0,0,184
4678,3275,500,350,456,0,286,0,0,131
4679,1993,500,167,0,231,201,0,0,99
4680,5346,500,572,995,0,468,0,0,183
4681,2473,500,108,0,287,249,0,0,113
4682,5312,500,530,467,880,542,0,0,224
4683,4665,500,475,0,955,502,0,0,185
4684,3247,500,379,0,400,317,0,0,151
4685,2041,500,235,359,219,197,0,0,112
4686,3545,500,497,303,413,349,0,0,147
4687,1875,500,145,0,0,169,0,0,98
4688,1362,500,100,89,161,137,0,0,82
4689,5667,500,631,492,786,567,0,0,224
4690,2366,500,223,195,273,232,0,0,117
4691,6866,500,746,1077,0,600,0,0,251
4692,4758,500,506,0,589,464,0,0,197
4693,4355,500,334,0,665,451,0,0,189
4694,4759,500,805,857,319,442,0,0,190
4695,7056,500,1015,0,977,706,0,0,252
4696,2362,500,173,332,174,225,561,0,96
4697,2737,500,272,0,312,268,0,0,124
4698,3704,500,368,688,0,325,0,0,140
4699,3088,500,326,331,272,294,0,0,138
4700,2005,500,217,432,0,175,0,0,107
4701,5759,500,358,537,780,566,0,0,242
4702,3668,500,336,512,239,345,0,0,141
4703,6694,500,1571,1265,479,628,0,0,247
4704,9040,500,1033,1619,652,845,0,0,330
4705,5711,500,655,1191,0,500,0,0,211
4706,4820,500,246,554,641,484,500,0,171
4707,2536,0,181,351,0,222,0,0,81
4708,3734,500,784,0,510,385,0,0,160
4709,7346,500,856,0,860,714,0,0,282
4710,3813,500,359,286,338,368,0,0,148
4711,2523,500,322,0,325,251,0,0,124
4712,3032,500,348,0,523,310,0,0,155
4713,3301,500,447,610,0,289,0,0,136
4714,2479,500,188,466,0,217,0,0,113
4715,4167,500,450,0,636,436,0,0,173
4716,1103,500,55,0,173,115,0,0,84
4717,1560,500,258,0,336,166,0,0,103
4718,1129,500,113,87,135,113,0,677,64
4719,7296,500,557,0,1440,762,0,0,282
4720,2111,500,0,284,0,185,0,0,94
4721,2548,500,311,398,0,223,0,0,103
4722,1457,500,252,269,0,127,0,0,96
4723,3447,500,329,569,0,301,500,0,115
4724,7213,500,805,1268,450,669,0,0,268
4725,1716,500,74,0,213,175,500,0,76
4726,3624,500,438,441,451,354,500,0,152
4727,785,500,83,165,0,69,0,0,70
4728,4359,500,829,745,244,404,0,0,168
4729,3553,500,205,667,0,311,0,0,147
4730,4517,500,466,857,0,395,0,0,321
4731,3620,500,463,365,359,353,0,0,144
4732,2972,500,252,356,0,260,0,0,115
4733,1919,500,346,0,308,192,0,0,113
4734,5066,500,342,712,547,491,0,0,198
4735,2013,500,560,0,381,216,0,0,129
4736,2395,500,371,385,0,210,500,4275,40
4737,1431,500,107,199,124,138,0,0,84
4738,6569,500,674,1338,0,591,500,0,217
4739,8125,500,1294,1709,0,711,0,0,274
4740,7268,500,816,1568,0,635,500,0,246
4741,1928,500,104,297,105,178,0,0,101
4742,1483,500,160,286,0,133,0,0,90
4743,5858,500,0,988,0,513,0,0,204
4744,3849,500,0,0,767,402,0,0,178
4745,5002,500,338,0,567,485,0,0,214
4746,6699,500,881,1296,0,586,0,0,216
4747,3290,500,156,456,228,310,0,0,141
4748,9283,900,1067,0,1278,917,0,0,382
4749,1878,500,266,365,0,165,0,0,98
4750,5974,500,354,0,764,608,0,425,215
4751,2772,500,1128,0,338,276,500,0,115
4752,3162,500,437,0,273,300,0,0,151
4753,1795,500,72,229,115,169,2651,0,37
4754,4845,500,969,1010,0,424,500,0,161
4755,7136,500,769,1147,326,654,0,0,253
4756,17399,900,4445,0,3131,1772,0,0,721
4757,10037,900,1062,2113,0,879,12878,0,57
4758,5236,500,612,630,488,498,0,0,215
4759,5472,500,898,0,837,550,0,0,218
4760,2425,500,153,394,0,219,0,0,115
4761,2814,500,172,183,382,290,0,0,118
4762,1762,500,57,180,123,170,0,0,88
4763,3593,500,412,0,812,385,0,0,174
4764,2862,500,593,324,381,286,0,0,135
4765,6107,500,663,1324,0,535,0,0,228
4766,1916,500,226,173,221,187,500,0,92
4767,2588,500,450,427,0,226,0,1238,74
4768,4474,500,576,0,513,439,0,0,179
4769,2164,500,0,117,290,227,500,0,86
4770,2698,500,276,550,0,243,0,0,123
4771,2718,500,340,349,154,256,0,0,111
4772,4276,500,271,0,703,444,0,0,171
4773,1890,500,405,0,232,189,0,0,98
4774,1871,500,128,337,0,164,0,0,95
4775,1418,500,97,225,0,125,0,0,79
4776,2326,500,372,0,453,240,0,0,133
4777,11368,900,655,869,1369,1111,0,0,406
4778,2858,500,299,0,460,293,0,0,135
4779,3607,500,333,365,386,352,500,0,134
4780,3241,500,437,331,338,325,500,0,123
4781,3421,500,336,0,429,355,0,0,138
4782,3195,500,324,258,421,320,0,0,140
4783,5594,500,328,574,555,539,500,0,202
4784,1917,500,303,316,0,172,500,0,78
4785,2185,500,186,0,199,213,500,0,86
4786,7718,500,459,1244,612,728,0,0,278
4787,6722,500,1103,1155,320,616,0,0,230
4788,3223,500,400,360,375,321,0,0,132
4789,2103,500,346,0,230,214,0,0,95
4790,3780,500,626,758,0,340,0,0,147
4791,3573,500,384,552,237,333,0,0,151
4792,5525,500,725,1075,0,498,0,0,192
4793,3358,500,216,583,0,294,0,0,131
4794,4574,500,496,641,703,464,0,0,184
4795,4094,500,839,0,517,409,0,0,163
4796,3333,500,325,0,434,347,0,0,145
4797,2443,500,147,137,218,240,0,0,106
4798,4197,500,667,833,0,367,0,0,156
4799,1729,500,164,161,164,168,0,0,94
4800,3605,500,431,650,169,329,0,0,157
4801,3929,500,408,704,0,344,0,0,142
4802,3125,500,632,570,608,326,0,0,152
4803,2066,500,217,312,0,181,0,0,107
4804,1205,500,134,101,208,125,0,0,85
4805,3767,500,494,0,0,330,0,0,142
4806,3005,500,159,519,0,263,0,0,116
4807,2919,500,209,477,159,269,0,0,133
4808,2219,500,233,0,291,230,0,0,101
4809,2689,0,340,0,257,263,0,0,99
4810,2593,500,150,0,399,276,0,0,113
4811,2258,500,478,0,389,234,0,0,130
4812,4273,500,533,740,0,373,0,0,153
4813,4951,500,254,0,711,512,0,0,199
4814,2511,500,182,0,274,245,0,0,126
4815,3031,500,137,205,337,302,0,0,122
4816,2451,500,148,0,289,248,0,0,106
4817,2709,500,297,376,0,237,0,0,117
4818,9939,500,1045,1502,0,870,0,0,333
4819,4167,500,948,269,647,419,0,0,185
4820,1791,500,181,173,250,188,500,0,88
4821,2216,500,326,135,158,214,0,0,95
4822,1617,500,80,0,336,175,0,0,97
4823,3642,500,465,525,500,370,0,0,156
4824,2544,500,524,0,327,251,500,0,120
4825,1576,500,56,211,0,138,0,0,80
4826,2533,500,468,481,0,228,0,0,108
4827,1108,500,53,80,107,108,0,0,78
4828,8831,500,913,1309,0,772,0,0,297
4829,17012,900,1072,0,3007,1731,0,0,624
4830,4772,500,1657,0,298,456,0,0,188
4831,1176,500,85,184,0,102,0,0,74
4832,4083,500,261,468,489,397,0,0,181
4833,3570,500,240,731,0,312,0,0,154
4834,7951,500,926,0,1247,804,0,0,301
4835,6267,500,688,0,1001,636,0,0,247
4836,12943,900,1570,1257,1677,1268,0,0,491
4837,3751,0,499,0,577,385,0,0,146
4838,2175,500,338,353,0,191,0,0,99
4839,1890,500,367,353,121,175,0,0,104
4840,7477,500,1330,1600,0,654,0,0,267
4841,2784,500,378,0,336,276,0,0,130
4842,5184,500,343,430,567,504,500,0,186
4843,5790,500,598,990,0,507,0,0,211
4844,8354,500,947,1485,586,779,0,0,306
4845,4999,500,517,0,841,518,0,0,202
4846,5953,500,318,0,750,606,500,0,209
4847,3664,500,496,0,574,375,0,0,152
4848,3221,500,254,412,168,301,0,0,126
4849,2780,500,216,568,0,243,0,0,128
4850,1968,500,203,173,171,203,0,0,94
4851,1843,500,118,0,295,198,0,0,94
4852,2171,500,149,225,335,221,0,0,115
4853,2355,500,0,0,322,233,500,0,110
4854,2507,500,321,264,212,239,0,0,120
4855,1481,500,55,210,0,129,0,0,79
4856,3123,500,377,374,0,273,0,0,124
4857,1595,500,112,0,131,159,0,0,82
4858,3958,500,495,567,174,364,0,0,145
4859,3393,500,356,0,441,337,0,0,153
4860,4996,500,229,0,669,500,0,0,196
4861,2903,500,330,0,438,291,0,0,149
4862,3949,500,691,490,502,388,0,0,171
4863,3468,500,226,399,271,332,0,0,135
4864,5596,500,352,0,885,564,0,0,232
4865,2195,500,146,399,0,192,0,0,104
4866,9425,500,1157,0,1138,921,0,0,333
4867,11514,900,1396,1729,0,1008,0,0,386
4868,5871,500,699,0,1192,619,0,0,240
4869,1621,500,153,224,208,164,0,0,95
4870,5260,500,1118,1148,0,460,0,0,191
4871,3031,500,327,448,0,265,0,0,136
4872,2885,500,397,0,502,301,0,0,132
4873,2018,500,213,206,118,193,0,0,91
4874,3584,500,547,0,561,362,500,0,148
4875,5274,500,641,514,676,516,0,0,237
4876,1482,500,171,129,172,145,0,0,95
4877,5466,500,571,505,679,535,0,0,223
4878,3816,500,658,0,601,387,0,0,195
4879,4153,500,396,415,335,395,500,0,141
4880,2002,500,174,426,0,175,0,0,107
4881,3680,500,749,812,0,322,500,0,143
4882,1714,500,98,199,0,149,500,0,61
4883,1346,500,113,0,283,144,0,0,91
4884,1782,500,191,170,326,183,0,0,106
4885,1861,500,101,229,0,164,0,0,84
4886,4035,500,255,297,618,415,0,0,161
4887,4061,500,258,494,224,378,0,0,149
4888,2006,500,175,207,0,175,0,0,94
4889,1291,500,199,177,151,128,0,0,85
4890,1230,500,326,0,277,130,0,0,92
4891,2388,500,351,368,151,223,500,0,95
4892,3591,500,157,0,566,384,0,0,147
4893,2824,500,217,476,181,262,0,0,133
4894,5259,500,344,799,724,527,0,0,199
4895,2849,500,493,539,224,268,0,0,141
4896,4993,500,314,0,831,514,0,0,200
4897,2861,500,167,343,370,293,0,0,119
4898,2161,500,337,220,225,211,0,0,106
4899,3784,500,428,652,377,363,0,0,164
4900,4789,500,512,0,609,475,0,0,189
4901,1612,500,156,222,57,147,0,2472,40
4902,5016,500,509,561,476,494,0,0,210
4903,4146,500,451,0,510,412,0,0,163
4904,12112,900,1340,2102,782,1126,0,0,428
4905,2382,500,373,0,454,245,0,0,136
4906,1330,500,106,198,117,128,0,0,84
4907,2153,500,167,0,282,220,0,0,104
4908,1123,500,101,0,101,111,0,0,79
4909,3057,500,527,519,0,267,0,0,114
4910,2880,500,210,0,376,284,0,0,132
4911,2096,500,229,425,0,183,0,0,105
4912,3419,500,407,0,546,343,0,0,165
4913,3063,500,411,420,0,269,0,0,116
4914,2891,500,580,530,0,253,0,0,120
4915,5759,500,692,643,659,561,0,0,223
4916,4520,500,447,0,782,472,0,0,180
4917,2363,500,177,358,113,218,0,0,113
4918,3254,500,258,503,0,293,0,0,120
4919,2922,500,439,633,0,256,0,0,133
4920,3913,500,210,0,611,400,0,0,163
4921,4473,500,531,621,383,427,500,0,162
4922,1433,500,231,214,124,140,0,0,92
4923,8451,500,508,977,977,818,0,0,316
4924,4021,500,499,0,495,393,0,0,175
4925,4642,500,498,710,278,433,0,0,170
4926,2083,500,352,315,0,183,500,0,91
4927,3219,500,600,0,340,317,0,0,130
4928,8474,500,880,1262,0,740,500,0,273
4929,1781,500,111,216,62,162,0,0,87
4930,2467,500,308,241,341,243,0,0,130
4931,2532,500,270,421,169,236,0,0,121
4932,3209,500,0,552,0,281,0,0,139
4933,2633,500,157,0,295,266,0,0,110
4934,1293,500,87,0,115,126,500,0,65
4935,3451,500,507,0,626,358,500,0,142
4936,4045,500,398,0,417,395,0,0,157
4937,2667,500,222,433,0,233,0,0,109
4938,1754,500,166,273,161,169,0,0,97
4939,2333,500,248,381,194,221,500,0,101
4940,8203,500,0,884,917,792,0,0,314
4941,3495,500,247,300,427,343,0,0,152
4942,2043,500,349,0,356,223,0,0,98
4943,2527,500,191,0,334,252,0,0,122
4944,3233,500,254,378,390,314,0,0,150
4945,5156,500,332,401,605,509,0,0,194
4946,5419,500,341,0,607,530,0,0,213
4947,3885,500,515,748,0,340,500,0,140
4948,2261,500,286,388,0,197,0,0,103
4949,4118,500,212,581,0,360,0,0,158
4950,3752,500,863,0,699,385,500,0,166
4951,4601,500,913,778,0,403,0,0,193
4952,9689,900,1116,1141,1018,932,0,0,360
4953,4166,500,258,0,556,417,0,0,164
4954,1700,500,206,0,168,170,0,0,92
4955,5042,500,1039,0,745,507,0,0,216
4956,3347,500,383,391,447,330,0,0,160
4957,2291,500,158,0,391,241,0,0,122
4958,9012,500,985,0,1497,916,0,0,336
4959,4909,500,506,733,296,458,0,0,173
4960,5137,500,310,887,312,474,0,0,202
4961,1314,500,166,0,176,136,0,0,82
4962,1733,500,111,188,114,164,0,0,89
4963,5355,500,314,757,0,468,0,0,210
4964,2442,500,313,268,170,232,0,0,105
4965,8842,500,967,1741,0,773,0,0,285
4966,2374,500,273,0,458,249,0,0,124
4967,1397,500,124,225,107,132,0,0,88
4968,2721,500,386,0,358,280,0,0,114
4969,5341,500,626,0,694,528,0,0,206
4970,6625,500,941,1290,0,579,0,0,226
4971,1876,500,128,244,0,164,0,0,95
4972,1739,500,129,0,232,176,0,0,95
4973,1814,500,558,280,128,172,0,0,96
4974,4697,500,292,698,289,439,0,0,171
4975,3846,500,803,0,410,382,0,0,174
4976,4718,500,612,0,736,484,0,0,188
4977,2510,500,355,201,282,248,0,0,120
4978,2048,500,89,238,169,197,0,0,97
4979,4391,500,663,708,211,403,500,0,145
4980,5689,500,343,637,627,550,500,0,214
4981,1464,500,0,246,0,129,0,0,85
4982,3447,500,607,0,558,359,0,0,157
4983,2425,500,93,0,303,249,500,0,90
4984,1326,500,105,0,309,146,0,0,90
4985,4122,500,216,617,0,360,0,0,159
4986,1391,500,171,0,210,140,0,0,93
4987,2581,500,457,0,257,254,0,0,114
4988,12217,900,1390,2176,870,1141,0,0,442
4989,1577,500,158,226,0,138,0,0,91
4990,7951,500,908,929,884,792,0,0,301
4991,4968,500,351,0,802,518,0,0,207
4992,3325,500,254,302,391,323,0,0,156
4993,1641,500,257,180,167,159,0,0,96
4994,5297,500,672,439,582,519,0,0,200
4995,4172,500,636,0,708,438,0,0,184
4996,1852,500,57,85,115,180,0,0,84
4997,4474,500,0,402,409,432,0,0,169
4998,1561,500,91,0,240,169,0,0,88
4999,2046,500,162,203,185,208,0,0,95
5000,5752,500,415,0,694,561,0,0,226
5001,1307,500,320,303,0,115,0,0,88
5002,4739,500,290,0,988,497,500,0,197
5003,2379,500,223,195,330,239,0,0,124
5004,4820,500,459,0,673,497,0,0,193
5005,1004,500,182,0,109,100,0,0,72
5006,1999,500,563,277,124,188,0,0,101
5007,3302,500,370,0,554,336,0,0,156
5008,3009,500,189,411,242,288,500,0,117
5009,1553,500,259,0,184,153,0,0,97
5010,2251,500,319,0,321,224,0,0,118
5011,4794,500,218,821,0,419,500,0,152
5012,3669,500,617,0,718,406,0,0,155
5013,5784,500,352,0,647,562,0,0,218
5014,4988,500,324,0,0,436,0,0,173
5015,2182,500,154,360,0,191,0,0,111
5016,2531,500,318,170,236,249,0,0,111
5017,2110,500,252,0,180,206,0,0,97
5018,2137,500,308,268,167,203,0,0,105
5019,34731,900,2073,3960,4106,3373,0,0,1148
5020,2213,500,432,402,0,194,0,0,98
5021,1376,500,169,196,132,131,500,0,76
5022,3899,500,377,0,438,386,0,0,152
5023,3355,500,325,0,444,340,0,0,138
5024,4755,500,508,0,812,483,0,0,209
5025,3333,500,491,0,568,341,0,0,152
5026,4032,500,354,0,519,404,0,0,165
5027,4185,500,299,0,928,455,0,0,205
5028,2276,500,156,0,272,223,500,0,102
5029,5875,500,1094,0,1030,596,0,0,251
5030,3549,500,536,618,276,335,0,0,153
5031,970,500,0,167,0,85,0,0,72
5032,1434,500,171,0,172,141,0,0,92
5033,2606,500,270,366,222,248,0,0,122
5034,6214,500,218,1230,0,544,0,0,228
5035,4968,500,761,0,890,515,0,0,199
5036,4552,500,762,697,0,399,0,0,173
5037,2393,500,134,0,378,242,0,0,124
5038,2352,500,170,0,345,248,0,0,107
5039,4218,500,555,407,512,411,0,0,187
5040,2507,500,224,356,174,236,0,0,116
5041,3242,500,228,660,0,283,0,0,141
5042,4062,500,221,0,667,417,0,0,173
5043,1923,500,551,255,165,183,0,0,109
5044,1866,500,342,0,227,196,0,0,94
5045,6478,500,377,1203,0,567,500,0,199
5046,2579,500,175,363,0,225,0,0,117
5047,3197,500,217,391,255,303,0,0,139
5048,27982,900,3371,2369,3524,2735,0,0,984
5049,3944,500,439,805,0,355,0,0,160
5050,5590,500,576,635,648,560,500,0,219
5051,2419,500,222,364,111,223,0,0,113
5052,8979,500,1000,0,1311,901,0,0,320
5053,3243,500,402,549,0,284,0,0,123
5054,3072,500,0,418,159,284,0,0,131
5055,1913,500,261,180,164,184,0,0,95
5056,3245,500,329,0,392,320,0,0,141
5057,3138,500,413,650,0,275,1094,1721,72
5058,2618,500,288,0,391,264,0,0,133
5059,13697,900,1484,2333,808,1267,0,0,468
5060,10601,900,2566,0,1527,1053,0,0,443
5061,14392,900,805,2388,1019,1343,18459,0,50
5062,1811,500,122,250,57,164,0,0,93
5063,4803,500,277,821,0,420,500,0,147
5064,3761,500,539,364,316,362,0,0,144
5065,4954,500,876,918,0,446,0,0,185
5066,1412,500,240,0,172,138,0,0,91
5067,3482,500,650,444,429,340,0,0,162
5068,6378,500,373,862,0,558,0,0,213
5069,2329,500,154,297,0,204,0,0,92
5070,1602,500,114,0,172,159,0,0,88
5071,1849,500,262,0,278,190,0,0,100
5072,3767,500,366,523,0,330,500,0,136
5073,3671,500,380,679,0,321,0,0,141
5074,5551,500,373,474,687,546,500,0,197
5075,2993,500,262,199,235,290,0,0,112
5076,2288,500,1101,0,209,218,500,0,122
5077,5060,500,347,0,606,497,0,0,195
5078,6434,500,1570,0,914,637,0,0,280
5079,1002,0,85,0,162,103,0,0,63
5080,2463,500,229,304,143,233,0,0,104
5081,7169,500,416,597,810,699,0,0,258
5082,1871,500,160,224,116,178,0,0,91
5083,1546,500,335,0,268,159,0,0,102
5084,6488,500,695,1386,0,584,0,0,238
5085,3256,500,461,470,174,303,0,0,126
5086,1243,500,123,0,119,129,0,0,85
5087,4131,500,312,849,0,362,5304,0,57
5088,2326,500,268,0,330,230,0,0,129
5089,7144,500,832,1037,502,669,0,0,257
5090,1500,500,149,228,55,136,0,0,88
5091,2274,500,171,148,178,219,0,0,107
5092,2056,500,258,0,276,203,500,0,99
5093,2677,500,576,0,334,272,0,0,114
5094,1653,500,79,0,227,168,0,0,94
5095,3900,500,650,786,0,342,0,0,146
5096,5030,500,252,953,0,453,0,0,186
5097,1759,500,130,268,102,163,0,0,96
5098,8208,500,1025,808,1266,820,0,0,328
5099,885,500,0,0,112,87,0,0,75
5100,3523,500,613,0,498,350,0,0,152
5101,8363,500,977,978,1020,817,0,0,314
5102,2094,500,114,175,0,184,0,0,85
5103,4243,500,689,859,0,371,0,0,156
5104,2268,500,144,288,56,204,0,0,98
5105,4058,500,449,0,634,425,0,0,168
5106,2332,500,223,340,166,221,0,0,114
5107,7041,500,883,0,1137,709,0,0,304
5108,4921,500,289,474,548,478,0,0,186
5109,11450,900,1378,0,1958,1168,0,0,439
5110,3125,500,413,0,755,344,0,0,151
5111,2609,500,279,361,0,228,0,0,118
5112,1543,500,164,146,170,149,500,0,81
5113,4176,500,398,0,460,410,0,0,163
5114,2297,500,91,0,270,231,0,0,101
5115,1963,500,152,275,0,172,0,0,88
5116,5981,500,925,1014,327,552,0,0,223
5117,2153,500,106,0,282,217,0,0,107
5118,10825,900,1224,0,2117,1129,0,0,452
5119,3760,500,354,412,305,360,0,0,140
5120,6078,500,428,697,743,592,0,0,239
5121,1802,500,173,206,0,157,0,0,87
5122,2908,500,0,459,236,275,500,0,122
5123,2115,500,161,355,168,199,0,0,110
5124,4703,500,894,1044,0,424,0,0,192
5125,5128,500,563,987,0,461,500,0,168
5126,3807,500,357,638,0,343,500,0,120
5127,3782,500,617,0,501,376,0,0,163
5128,9809,900,1127,900,1177,958,0,0,371
5129,2620,500,157,0,295,264,0,0,106
5130,6355,500,389,1251,0,556,0,0,220
5131,2753,500,190,0,572,302,0,0,132
5132,3822,500,470,379,388,373,0,0,148
5133,2303,500,569,0,387,247,0,0,116
5134,7169,500,859,1561,0,645,500,0,239
5135,5852,500,555,945,635,569,0,0,221
5136,23752,900,1486,0,4450,2444,0,0,841
5137,2015,500,143,0,294,202,0,0,111
5138,7737,500,433,844,811,746,0,0,288
5139,2017,500,155,228,86,188,0,564,75
5140,3764,500,617,0,501,374,0,0,158
5141,1481,500,98,89,116,144,0,0,81
5142,4663,500,491,0,599,460,0,0,195
5143,5870,500,350,517,762,577,0,0,229
5144,2720,500,406,504,0,239,0,0,113
5145,1020,500,102,95,177,104,500,0,67
5146,5037,500,536,0,767,524,500,1336,199
5147,3499,500,194,311,329,350,0,67,135
5148,6780,500,410,1472,0,593,0,0,231
5149,3527,500,438,0,498,372,500,0,125
5150,1930,500,116,246,0,169,0,0,85
5151,3646,500,386,0,591,375,0,0,157
5152,1480,500,92,177,0,130,0,0,76
5153,4673,500,265,0,778,480,0,0,187
5154,4679,500,651,460,566,455,0,0,196
5155,8007,500,1444,0,961,778,0,0,322
5156,3805,500,707,315,452,379,0,0,148
5157,2004,500,219,402,0,176,500,0,82
5158,5411,500,1132,1202,0,474,0,0,194
5159,1798,500,101,169,126,177,500,0,69
5160,1518,500,157,348,0,132,0,0,90
5161,4234,500,426,659,272,396,0,0,164
5162,3743,500,188,0,585,393,0,0,169
5163,5560,500,345,1100,0,487,0,0,199
5164,5060,500,527,0,666,506,0,0,192
5165,5691,500,549,985,492,539,0,0,222
5166,875,500,104,81,144,89,0,0,77
5167,3849,500,1111,705,300,365,0,0,156
5168,4812,500,1121,813,517,464,0,0,195
5169,8482,500,943,1158,750,807,0,0,305
5170,2394,500,330,412,115,219,0,0,119
5171,2673,500,137,401,113,244,0,0,126
5172,7749,500,881,0,1493,810,0,0,299
5173,2510,500,299,0,423,255,0,0,124
5174,4749,500,638,0,829,491,0,0,196
5175,2736,500,341,0,263,269,0,0,116
5176,5239,500,590,0,756,521,0,0,219
5177,3346,500,199,0,566,342,0,0,153
5178,4234,500,437,650,172,386,500,0,145
5179,8998,500,916,1817,0,810,0,0,298
5180,2570,500,317,0,281,257,0,0,112
5181,10749,900,2558,0,1713,1117,500,0,428
5182,2312,500,128,0,403,245,0,61,120
5183,8852,500,987,1505,844,848,0,119,315
5184,13375,900,1407,2800,0,1170,0,0,447
5185,3663,500,549,0,0,320,0,0,148
5186,2118,500,372,235,223,206,0,0,109
5187,6983,500,876,1090,477,650,500,0,249
5188,3699,500,616,0,500,368,0,0,162
5189,2186,500,170,394,0,191,0,0,104
5190,1773,500,132,0,238,184,0,0,93
5191,3314,500,0,266,284,321,0,0,130
5192,1952,500,254,0,161,188,0,0,98
5193,4174,500,562,340,449,409,0,0,163
5194,1753,500,142,249,205,171,0,0,106
5195,7272,500,772,0,948,714,0,0,284
5196,3396,500,534,619,264,319,0,0,152
5197,3242,500,307,236,358,321,0,0,129
5198,2432,500,269,421,168,227,0,0,123
5199,3689,500,734,501,0,323,0,0,140
5200,2504,500,147,195,172,239,500,0,89
5201,3848,500,585,0,603,398,0,0,176
5202,2806,500,256,364,268,271,0,0,124
5203,2878,500,276,393,172,267,0,0,128
5204,2418,500,134,325,0,211,0,0,96
5205,3189,500,583,621,0,279,0,587,121
5206,2208,500,560,253,224,215,0,0,112
5207,4548,500,448,529,387,436,0,0,174
5208,2997,500,214,581,0,263,500,0,122
5209,3215,500,322,262,358,315,0,0,136
5210,2919,500,247,0,340,290,0,0,126
5211,4317,500,0,0,725,458,0,184,185
5212,2678,500,262,432,0,235,500,0,91
5213,6394,500,677,0,1127,671,0,0,273
5214,1935,500,104,0,384,200,0,0,113
5215,2341,500,106,0,247,233,0,0,106
5216,4025,500,522,0,619,414,0,0,165
5217,2192,500,0,345,112,202,0,0,116
5218,3854,500,228,0,512,397,0,0,165
5219,9337,900,1377,0,1411,932,0,0,380
5220,2502,500,163,229,226,250,0,0,114
5221,2534,500,242,398,172,238,0,0,116
5222,2178,500,372,327,232,214,0,0,105
5223,22456,900,2411,4807,0,1965,0,0,721
5224,11622,900,1212,0,0,1017,0,0,393
5225,3333,500,193,0,440,336,0,0,141
5226,4348,500,327,906,0,380,500,0,171
5227,4743,500,632,860,0,416,0,0,168
5228,3865,500,409,607,283,365,0,0,152
5229,4315,500,305,636,0,377,0,0,172
5230,3524,500,287,0,358,346,0,0,141
5231,2010,500,178,0,231,203,500,0,101
5232,7491,500,1129,1082,0,655,0,0,239
5233,11361,900,1609,1092,1623,1129,0,3409,361
5234,2381,500,190,0,344,238,0,0,124
5235,1127,500,101,0,106,109,0,0,83
5236,4115,500,830,0,628,419,0,0,182
5237,1023,500,121,188,143,101,0,0,81
5238,2452,500,232,174,227,239,0,0,109
5239,1959,500,160,145,266,205,0,0,95
5240,2254,500,236,258,243,222,0,0,107
5241,4008,500,449,344,518,397,0,0,165
5242,3160,500,1135,418,267,305,500,0,111
5243,3188,500,159,479,164,294,0,0,132
5244,2327,500,1114,0,496,246,0,0,174
5245,1717,500,103,158,214,168,0,0,104
5246,3499,500,795,0,214,324,0,0,154
5247,3334,500,222,322,336,324,0,0,148
5248,851,500,115,158,0,74,0,0,70
5249,4638,500,991,947,0,405,0,0,177
5250,2475,500,452,0,331,251,0,0,132
5251,3052,0,311,444,171,284,0,0,111
5252,6548,500,676,971,478,613,500,0,223
5253,3794,500,598,0,438,375,500,0,129
5254,3615,500,0,0,578,374,0,0,149
5255,1588,500,116,225,0,139,500,0,66
5256,3486,500,256,265,443,343,0,0,156
5257,3438,500,544,476,302,340,0,0,140
5258,1341,500,109,0,172,132,0,0,91
5259,3808,500,486,0,569,391,0,0,151
5260,6676,500,1121,786,867,679,0,0,249
5261,4652,500,670,474,387,445,0,0,173
5262,3417,500,468,0,456,347,0,0,158
5263,2752,500,454,423,0,240,500,0,89
5264,1647,500,253,359,0,144,0,0,96
5265,2812,500,108,0,347,286,0,0,121
5266,1842,500,95,177,168,183,0,0,101
5267,2583,500,271,419,294,253,0,302,118
5268,14488,900,826,2445,1113,1359,0,1316,465
5269,4078,500,411,762,0,356,0,0,162
5270,9878,900,1119,0,1136,960,0,0,374
5271,2353,500,446,0,0,205,0,0,103
5272,5099,500,368,0,787,509,0,0,224
5273,2363,500,225,220,261,234,0,0,111
5274,2314,500,181,0,198,228,0,0,100
5275,4425,500,431,379,506,433,500,0,164
5276,5260,500,640,1067,0,460,0,0,194
5277,9732,500,1743,2097,0,851,547,0,304
5278,2445,500,213,274,0,215,0,0,101
5279,3640,500,379,679,0,318,500,0,130
5280,7691,500,895,0,1226,798,0,0,302
5281,2346,500,0,0,222,232,0,0,97
5282,4829,500,506,560,495,464,0,0,195
5283,5209,500,510,672,803,527,0,0,209
5284,967,500,69,118,0,85,0,0,67
5285,1528,500,399,0,385,166,0,0,107
5286,2986,500,507,664,0,261,0,0,137
5287,779,500,252,89,93,75,500,0,60
5288,5000,500,505,0,0,450,0,2872,108
5289,3507,500,0,0,491,351,500,0,138
5290,8303,500,1135,991,1137,821,0,0,317
5291,3575,500,303,0,611,376,0,0,158
5292,2270,500,269,222,324,224,0,0,124
5293,4015,500,498,482,490,391,500,0,165
5294,1485,500,169,206,0,130,0,0,87
5295,3039,500,332,0,457,306,0,0,143
5296,2746,500,479,442,0,240,0,0,106
5297,3781,500,0,0,676,387,500,0,160
5298,1978,500,366,303,0,173,0,0,101
5299,1452,500,55,204,0,131,568,0,65
5300,3366,500,519,0,448,337,0,0,155
5301,6777,500,876,1206,332,621,0,0,244
5302,2810,500,290,575,0,246,500,0,115
5303,5409,500,330,814,725,532,0,0,229
5304,8432,500,836,1654,0,759,0,0,268
5305,2457,500,217,170,217,239,0,0,108
5306,2617,500,316,0,223,254,0,0,110
5307,3285,500,735,0,457,329,0,0,156
5308,3089,500,621,671,0,270,0,0,139
5309,5428,500,532,838,226,496,500,0,178
5310,2240,500,310,0,219,218,0,0,108
5311,3691,500,448,436,335,351,0,0,163
5312,3071,500,455,0,348,298,500,0,129
5313,2960,500,184,0,400,304,0,0,130
5314,5711,500,321,559,632,559,0,0,217
5315,2276,500,221,255,277,223,0,1484,91
5316,1756,500,88,182,279,179,0,0,103
5317,906,500,52,79,105,88,0,0,76
5318,11467,900,1887,1749,1016,1091,0,0,421
5319,2590,500,182,352,0,227,0,0,99
5320,2067,500,97,0,222,204,0,0,105
5321,5600,500,361,598,637,546,0,0,218
5322,3020,500,183,377,188,285,0,0,119
5323,3178,500,442,630,0,279,0,0,132
5324,2286,500,180,0,235,230,0,0,100
5325,3139,500,473,291,388,308,0,0,145
5326,2029,500,217,432,0,177,0,0,105
5327,2101,500,169,0,233,212,0,0,100
5328,4703,500,249,892,0,412,0,0,179
5329,2578,500,344,522,0,225,0,0,120
5330,1242,500,107,213,60,113,0,0,84
5331,2475,500,520,441,169,232,0,0,121
5332,3454,500,391,0,532,348,0,0,172
5333,6758,500,358,754,639,662,0,0,253
5334,1750,500,101,337,0,153,0,0,94
5335,4964,500,489,998,0,447,0,0,181
5336,2184,500,153,231,212,218,0,0,96
5337,2964,500,627,494,487,300,0,0,149
5338,3803,500,907,658,390,365,0,0,170
5339,1496,500,105,0,175,153,0,0,84
5340,3318,500,326,466,327,320,0,0,151
5341,1229,500,96,0,177,126,0,0,83
5342,2537,500,389,0,321,249,500,0,111
5343,4796,500,428,700,211,440,0,0,176
5344,2130,500,475,0,386,221,0,0,115
5345,1527,500,90,0,118,154,500,0,67
5346,2624,500,409,0,336,261,0,0,125
5347,5828,500,681,0,794,580,0,0,222
5348,6022,500,435,0,1164,619,0,0,260
5349,1214,500,102,0,107,117,0,0,78
5350,2524,500,190,261,222,241,0,0,114
5351,4089,500,373,677,0,357,0,0,143
5352,5373,500,1006,0,1233,593,0,0,240
5353,5597,500,534,1053,0,489,500,0,178
5354,5630,500,0,698,0,493,0,0,207
5355,5138,500,477,0,0,450,0,0,178
5356,2902,500,134,327,0,254,0,0,114
5357,4556,500,310,392,487,441,0,0,193
5358,2743,500,314,399,0,240,0,0,103
5359,8564,500,932,1157,917,829,0,0,311
5360,3971,500,494,861,0,355,0,0,164
5361,2873,500,435,466,0,252,0,0,133
5362,1324,500,72,0,131,141,0,0,76
5363,2985,500,234,603,0,262,0,0,132
5364,2670,500,237,0,0,234,0,0,102
5365,1334,500,240,0,221,134,500,0,76
5366,3934,500,522,207,442,386,500,0,135
5367,917,500,116,157,0,80,500,0,55
5368,2418,500,322,0,391,246,0,0,123
5369,2538,500,370,518,0,222,500,0,104
5370,4184,500,296,0,523,409,0,0,179
5371,1996,500,178,0,248,203,0,0,98
5372,8473,500,546,1219,0,741,0,5308,158
5373,3428,500,738,0,447,342,0,0,157
5374,3918,500,553,0,652,407,0,0,184
5375,2508,500,225,196,275,246,0,0,118
5376,2551,500,148,0,393,257,0,0,133
5377,1644,500,89,139,172,159,0,0,97
5378,12079,900,849,1395,1384,1170,0,0,443
5379,3245,500,606,0,560,342,500,0,121
5380,2749,500,464,0,339,287,0,0,114
5381,1743,500,203,202,0,153,500,0,68
5382,6349,500,672,743,716,615,0,0,251
5383,2083,500,414,0,399,226,0,0,106
5384,2713,500,338,0,388,274,0,0,134
5385,13382,900,1107,0,2026,1342,0,0,486
5386,2564,500,127,254,301,252,0,0,121
5387,2727,500,360,0,389,280,0,0,119
5388,3976,500,622,0,612,405,0,0,166
5389,4200,500,219,754,0,368,0,5287,40
5390,2817,500,250,410,165,263,500,0,106
5391,1290,500,108,0,164,129,0,0,86
5392,4863,500,434,0,335,458,500,0,161
5393,2964,500,135,454,0,267,0,0,112
5394,4430,500,113,0,473,435,0,0,161
5395,3929,500,896,850,0,344,0,0,153
5396,2378,500,181,0,283,233,0,0,126
5397,8182,500,540,0,1002,802,0,0,293
5398,2593,500,450,428,0,226,500,0,93
5399,3460,500,387,533,192,318,0,0,153
5400,3975,500,463,455,554,395,0,0,174
5401,3331,500,605,639,158,304,0,0,146
5402,1559,500,142,0,166,154,0,0,87
5403,4318,500,323,743,679,434,0,0,192
5404,3787,500,235,0,563,395,0,0,158
5405,2137,500,263,289,79,195,0,0,99
5406,3682,500,565,549,351,351,0,0,161
5407,2067,500,145,0,283,209,0,0,106
5408,5682,500,628,1149,0,497,500,5087,79
5409,1633,500,67,0,205,169,500,0,73
5410,5862,500,775,0,1201,610,0,0,246
5411,1870,500,103,354,0,164,500,0,82
5412,4780,500,780,486,604,466,0,0,207
5413,2448,500,0,0,261,246,0,0,104
5414,3086,500,239,464,0,278,0,0,114
5415,5234,500,1131,1209,0,471,0,0,199
5416,2101,0,169,147,176,202,0,0,81
5417,1686,500,120,188,177,166,0,0,92
5418,1582,500,98,112,117,154,0,0,82
5419,4053,500,256,522,317,384,500,0,141
5420,1231,500,55,0,112,119,0,0,83
5421,2276,500,206,321,102,209,0,0,105
5422,2439,500,397,0,452,249,0,0,133
5423,1752,500,338,0,230,178,500,0,82
5424,2024,500,91,141,239,202,0,0,98
5425,2486,500,389,240,320,244,0,0,127
5426,7625,500,1355,1634,0,667,0,0,272
5427,2538,500,692,340,119,236,0,0,101
5428,5240,500,1052,0,909,539,0,1696,170
5429,4195,500,814,0,443,411,0,0,168
5430,2249,500,0,240,63,205,0,0,95
5431,6717,500,358,0,765,651,0,0,273
5432,3281,500,491,0,567,336,0,0,157
5433,4006,500,383,0,445,391,0,0,170
5434,3477,500,335,160,414,347,0,0,141
5435,3524,500,820,614,0,308,0,0,151
5436,2236,500,223,356,284,221,0,0,114
5437,2254,500,515,444,168,211,500,0,109
5438,10636,900,990,1215,1012,1015,0,0,394
5439,4451,500,469,0,651,451,500,0,159
5440,3412,500,377,653,0,298,500,0,119
5441,5033,500,756,830,472,483,0,0,192
5442,5358,500,827,637,546,515,0,0,207
5443,4134,500,420,0,613,415,0,0,190
5444,3883,500,396,0,538,391,0,0,162
5445,1303,500,113,0,201,133,0,0,93
5446,1582,500,162,192,157,153,0,0,93
5447,8628,500,585,0,1342,870,0,0,315
5448,4326,500,201,759,0,378,0,0,153
5449,1706,500,0,302,0,149,0,0,89
5450,7124,500,1045,1197,542,671,0,0,253
5451,3553,500,331,544,183,329,0,0,107
5452,7588,500,798,1149,0,664,0,0,265
5453,10405,900,701,0,719,970,0,0,371
5454,3479,500,605,762,0,305,0,0,143
5455,6438,500,761,0,924,642,0,0,256
5456,12573,900,622,1403,1464,1221,0,0,428
5457,4797,500,527,0,513,467,0,0,182
5458,6721,500,548,1301,0,588,0,0,232
5459,940,500,246,0,145,99,0,0,74
5460,4056,500,407,0,775,422,0,0,181
5461,3737,500,517,463,0,327,0,0,132
5462,2386,500,98,0,232,237,0,0,107
5463,3839,500,556,648,249,359,0,0,158
5464,9033,500,1032,0,1098,878,0,0,347
5465,6168,500,690,1147,0,539,0,0,208
5466,1990,500,175,207,0,174,0,0,91
5467,3677,500,413,0,774,391,0,0,164
5468,3872,500,217,332,487,381,0,0,168
5469,12885,900,1590,0,1973,1287,0,1977,452
5470,3796,500,289,667,301,356,500,0,153
5471,4130,500,460,675,619,416,0,0,176
5472,1610,500,148,0,302,172,0,0,98
5473,3185,500,203,513,0,279,0,0,119
5474,3198,500,293,437,266,308,500,0,113
5475,4679,500,559,851,516,451,500,0,185
5476,2968,500,335,492,0,260,0,0,114
5477,3878,500,655,624,274,362,0,0,163
5478,2819,500,539,355,308,273,0,0,138
5479,3077,500,218,0,603,322,0,0,149
5480,4792,500,747,0,555,469,0,0,186
5481,4227,500,254,0,659,443,0,0,173
5482,2556,500,128,0,434,269,0,0,127
5483,3559,500,435,424,0,312,0,0,125
5484,2458,500,179,359,114,233,0,0,111
5485,3237,500,599,321,277,312,0,0,128
5486,4322,500,224,0,617,436,0,0,181
5487,4875,500,469,926,0,426,500,0,161
5488,8971,500,1013,1574,697,843,0,0,328
5489,12069,900,765,1304,1187,1158,0,0,431
5490,1172,500,107,170,0,103,500,0,65
5491,5600,500,539,591,550,540,0,0,205
5492,3446,500,523,743,0,301,0,0,154
5493,10254,900,579,0,1233,998,0,0,394
5494,3700,500,397,792,0,323,500,1775,108
5495,8922,500,1070,1340,621,834,0,0,307
5496,3372,500,356,0,515,342,500,0,140
5497,2733,500,254,500,0,247,0,0,117
5498,4489,500,495,0,736,457,0,0,190
5499,28253,900,3590,0,5142,2885,0,0,1044
5500,5463,500,575,0,818,546,0,0,221
5501,1895,500,115,0,182,189,0,0,93
5502,6452,500,364,961,472,609,0,0,235
5503,2930,500,281,0,334,287,0,0,131
5504,1353,500,58,145,0,118,500,0,62
5505,5279,500,660,0,730,527,0,0,214
5506,2973,500,161,320,0,260,0,0,111
5507,2630,500,447,376,313,259,0,0,123
5508,2666,500,429,0,407,272,500,0,115
5509,1160,500,197,0,167,116,500,0,69
5510,2682,500,316,269,172,254,0,0,107
5511,3589,500,638,505,0,314,0,0,145
5512,3039,500,427,0,392,303,0,0,138
5513,6663,500,730,583,726,647,0,0,247
5514,2775,500,147,395,0,242,0,0,106
5515,3715,500,522,0,614,381,0,0,164
5516,4665,500,523,526,526,454,6668,0,44
5517,2299,500,0,130,180,224,500,0,79
5518,3255,500,462,378,326,312,0,0,147
5519,3368,500,454,618,0,294,0,0,131
5520,6257,500,765,0,822,617,0,0,237
5521,2061,500,267,328,174,200,0,0,113
5522,2038,500,265,0,229,204,0,0,97
5523,3280,500,354,356,333,317,0,0,145
5524,2274,500,221,394,0,199,0,0,101
5525,2665,500,188,245,330,260,0,0,135
5526,1286,500,238,177,80,122,0,0,79
5527,3356,500,458,626,0,294,0,0,132
5528,8377,500,451,0,1139,833,0,0,298
5529,17997,900,1119,0,2789,1798,500,6266,489
5530,5617,500,302,881,469,533,0,0,206
5531,9100,500,628,825,1280,902,0,0,335
5532,2467,500,134,0,380,250,0,0,127
5533,2618,500,377,416,0,230,0,0,109
5534,4441,500,330,0,545,434,0,0,198
5535,2182,500,200,268,133,211,0,0,104
5536,5854,500,334,762,0,512,0,0,194
5537,4663,500,533,0,983,509,0,0,216
5538,5965,500,996,706,865,597,0,0,236
5539,3333,500,411,0,468,341,0,0,138
5540,1719,500,154,280,166,165,0,0,100
5541,2889,500,129,0,351,290,0,0,124
5542,5578,500,512,726,317,518,0,0,197
5543,4778,500,488,514,487,462,0,0,184
5544,2789,500,294,439,183,261,0,0,125
5545,2500,500,469,0,330,253,500,0,120
5546,1745,500,92,279,79,160,0,0,96
5547,904,500,159,0,168,94,0,0,77
5548,9456,900,562,1075,1105,918,0,0,357
5549,1566,500,240,214,0,137,0,0,87
5550,886,500,87,144,61,82,0,0,74
5551,3006,500,371,486,0,263,0,0,117
5552,5151,500,488,696,0,450,0,0,182
5553,9511,900,557,0,1216,935,0,0,355
5554,5109,500,342,551,520,492,0,0,190
5555,5218,500,892,500,625,510,500,0,202
5556,3788,500,286,426,374,363,0,0,176
5557,4518,500,852,0,480,456,0,0,176
5558,7909,500,512,844,880,769,0,0,280
5559,5598,500,608,0,896,572,0,0,213
5560,2131,500,260,0,333,215,0,0,113
5561,1516,500,282,302,0,137,0,0,83
5562,2478,500,248,435,0,217,500,0,93
5563,3162,500,321,503,163,300,500,0,121
5564,2345,500,226,307,110,218,0,0,102
5565,5375,500,363,560,566,522,0,0,207
5566,2839,500,294,0,482,289,0,0,149
5567,3553,500,333,0,447,352,0,0,161
5568,3505,500,382,0,383,340,0,0,152
5569,3464,500,516,538,162,319,0,0,135
5570,4543,500,515,0,880,473,0,0,193
5571,3110,500,207,314,459,315,0,0,146
5572,4677,500,250,747,270,432,0,0,178
5573,3432,500,220,571,0,300,0,0,132
5574,4105,500,864,0,574,425,500,0,159
5575,5874,500,349,1109,0,514,0,0,210
5576,5859,500,0,0,918,596,0,0,211
5577,2788,500,324,253,354,274,0,0,135
5578,2689,500,152,0,343,273,0,0,118
5579,4810,500,656,0,920,497,0,0,218
5580,2638,500,149,0,345,276,0,0,120
5581,1524,500,273,86,101,147,0,0,83
5582,1666,500,334,213,170,164,0,867,68
5583,3313,500,543,0,556,334,0,0,162
5584,4777,500,560,489,526,468,0,0,194
5585,1963,500,146,373,0,172,0,0,99
5586,15740,900,1823,2867,1105,1466,0,0,560
5587,2840,500,467,0,364,298,500,0,107
5588,3691,500,365,723,0,323,0,0,147
5589,2352,500,1113,0,445,244,500,0,110
5590,2377,500,282,0,471,247,0,0,130
5591,2483,500,336,349,152,234,0,0,110
5592,3793,500,288,0,597,381,0,0,167
5593,3236,500,355,0,495,327,0,0,150
5594,6791,500,776,745,710,657,0,0,250
5595,1697,500,0,125,173,165,0,0,96
5596,8532,500,1410,0,1194,851,0,906,304
5597,3808,500,468,490,218,355,500,0,131
5598,3915,500,201,365,348,377,0,0,157
5599,1852,500,168,0,287,190,0,0,105
5600,1553,500,171,0,305,161,0,2690,40
5601,2413,500,192,0,280,245,0,0,108
5602,2743,500,276,0,394,274,0,0,132
5603,4582,500,312,780,265,422,0,0,183
5604,2664,500,388,534,0,240,1102,0,95
5605,3405,500,307,537,0,297,500,0,105
5606,3552,500,400,675,0,311,0,0,147
5607,2931,500,187,421,145,270,0,0,121
5608,6453,500,641,1020,224,585,0,0,223
5609,4057,500,260,306,519,406,0,0,161
5610,3710,500,307,500,0,324,0,0,133
5611,2522,500,227,0,499,270,0,0,125
5612,3526,500,198,0,283,334,500,0,131
5613,1200,500,193,97,130,117,0,0,81
5614,3045,500,207,243,392,303,0,0,143
5615,6717,500,674,1058,332,618,500,0,217
5616,9539,500,472,1559,682,893,0,0,324
5617,29252,900,1096,4867,2319,2749,0,0,928
5618,5893,500,756,0,792,579,0,0,244
5619,2867,500,380,234,440,293,0,0,131
5620,2434,500,282,297,111,226,0,0,105
5621,3597,500,334,609,0,323,558,0,121
5622,3123,500,225,265,344,303,0,0,144
5623,2937,500,156,319,208,278,0,0,117
5624,4880,500,436,477,573,484,6873,0,45
5625,4754,500,322,735,0,416,0,1421,136
5626,5496,500,369,0,629,538,0,0,221
5627,2483,500,292,0,416,252,500,0,114
5628,3423,500,647,531,307,324,500,0,139
5629,2188,500,177,289,0,191,500,0,75
5630,2333,500,358,304,245,227,0,0,114
5631,3122,500,410,645,0,273,0,0,136
5632,2825,500,228,0,337,284,0,0,121
5633,2813,500,431,0,444,285,0,0,131
5634,3306,500,603,764,0,290,0,0,152
5635,4796,500,994,787,0,419,0,0,177
5636,5378,500,365,0,825,544,0,0,209
5637,4674,500,907,0,1084,499,0,0,212
5638,2155,500,364,0,287,214,0,0,118
5639,2957,500,209,0,569,304,500,0,136
5640,1388,500,89,0,117,140,0,0,85
5641,4219,500,761,784,647,423,0,0,192
5642,4676,500,503,381,617,468,0,0,183
5643,6581,500,831,0,1103,665,0,0,276
5644,1870,500,173,266,109,174,0,0,95
5645,2664,500,253,356,210,255,0,0,114
5646,3174,500,437,460,264,305,0,0,136
5647,3985,500,569,330,460,393,0,0,159
5648,3673,500,818,0,498,364,0,0,170
5649,7681,500,0,646,1273,778,500,0,267
5650,3773,500,503,0,742,415,0,0,157
5651,6234,500,339,1338,0,545,0,0,213
5652,2386,500,439,238,188,228,0,0,114
5653,742,500,68,0,116,78,500,0,52
5654,1799,500,163,0,213,179,0,0,102
5655,7105,500,778,783,726,686,0,0,260
5656,4337,500,457,449,452,422,500,0,156
5657,1325,500,165,84,105,129,0,0,84
5658,3045,500,255,383,142,282,500,0,101
5659,4148,500,779,540,549,407,0,0,197
5660,14321,900,1329,0,2310,1448,0,0,524
5661,4010,500,761,416,366,388,0,0,150
5662,18975,900,2090,3289,1155,1757,0,0,633
5663,4674,500,503,836,262,431,0,0,202
5664,2652,500,187,271,301,260,500,0,114
5665,3085,500,315,0,496,319,0,0,137
5666,980,500,190,98,183,101,500,0,65
5667,4197,500,810,935,0,368,0,0,175
5668,1813,500,397,351,0,159,0,0,92
5669,8529,500,447,1318,353,778,500,0,262
5670,2306,500,106,0,391,238,500,0,102
5671,2600,500,384,0,252,251,0,0,120
5672,3317,500,331,0,440,342,500,0,128
5673,987,500,90,0,121,100,0,0,74
5674,1832,500,161,315,0,160,500,0,77
5675,6491,500,1046,934,0,568,0,0,211
5676,3286,500,559,452,570,339,0,0,152
5677,2487,500,271,0,356,249,0,0,126
5678,2549,500,188,466,0,223,0,0,114
5679,5981,500,341,674,599,572,0,0,238
5680,2766,500,488,0,271,281,0,0,115
5681,4674,500,508,0,667,471,0,0,182
5682,7413,500,914,1542,0,649,0,0,256
5683,2768,500,295,294,284,268,0,0,126
5684,9549,500,1175,1485,0,835,0,0,270
5685,908,500,87,141,22,82,0,0,72
5686,2193,500,223,315,113,204,0,0,106
5687,3039,500,333,478,414,304,0,0,135
5688,2847,500,700,449,225,268,0,2280,107
5689,1418,500,62,211,0,125,500,0,64
5690,4389,500,289,766,0,395,0,0,153
5691,1965,500,75,0,235,202,0,0,94
5692,4975,500,267,0,664,500,0,0,196
5693,1863,500,143,0,212,183,0,0,103
5694,6883,500,429,901,0,602,0,0,219
5695,3982,500,299,669,541,393,0,0,176
5696,1541,500,165,0,282,158,0,0,99
5697,3071,500,331,265,345,300,500,0,123
5698,6877,500,775,0,893,676,0,0,289
5699,4674,500,661,821,402,443,6680,0,44
5700,3242,500,324,0,355,319,0,0,140
5701,1982,500,151,294,0,174,0,0,90
5702,7257,500,1544,1327,1213,741,0,0,295
5703,1799,500,58,156,123,174,500,0,73
5704,2356,500,398,330,232,226,0,0,121
5705,5285,500,579,0,737,530,0,4584,102
5706,18440,900,1072,3187,1371,1723,0,0,624
5707,25773,900,2758,5497,0,2255,0,0,816
5708,2867,500,196,372,150,265,0,0,119
5709,3474,500,359,0,607,361,0,0,151
5710,4276,500,416,0,441,431,0,0,163
5711,2292,500,0,364,0,201,0,0,113
5712,2483,500,1117,0,385,252,500,0,109
5713,3620,500,444,664,0,317,0,0,129
5714,4638,500,256,468,507,452,500,0,164
5715,1148,500,122,0,176,122,500,0,62
5716,2226,500,214,175,259,220,0,0,110
5717,1897,500,369,188,232,185,0,0,108
5718,6812,500,683,598,927,676,0,0,260
5719,1043,500,54,149,116,101,0,0,80
5720,5764,500,316,0,807,576,0,0,219
5721,12533,900,2173,2399,858,1165,0,0,475
5722,3139,500,520,562,265,298,0,0,147
5723,2501,500,292,294,292,243,0,0,128
5724,4300,500,255,607,615,429,0,0,199
5725,3200,500,436,0,349,322,0,0,138
5726,6890,500,419,982,0,602,0,0,235
5727,3590,500,612,426,326,343,0,0,166
5728,1294,500,139,0,230,138,0,0,89
5729,5626,500,784,775,0,492,0,0,196
5730,3265,500,597,0,169,303,500,0,112
5731,5070,500,555,647,523,491,0,0,201
5732,2185,500,187,0,194,219,0,0,104
5733,2519,500,311,392,0,227,0,0,119
5734,2708,500,1123,273,275,265,0,0,120
5735,2860,500,261,0,233,277,0,0,124
5736,3636,500,297,578,0,318,0,0,133
5737,2074,500,179,0,232,210,0,0,99
5738,3971,500,658,0,440,388,0,1635,131
5739,3455,500,433,424,0,303,0,0,127
5740,2492,500,582,325,209,236,0,0,128
5741,3698,500,543,624,121,335,0,0,156
5742,1804,500,247,167,176,176,0,0,95
5743,2912,500,160,295,216,278,0,0,118
5744,3877,500,906,0,544,387,500,0,159
5745,1714,500,288,90,134,171,500,0,66
5746,2429,500,277,0,384,251,0,0,129
5747,804,500,87,78,110,79,0,0,75
5748,6498,500,418,845,388,605,0,0,225
5749,2481,500,182,250,234,239,0,0,118
5750,2176,500,167,0,224,216,0,0,102
5751,2371,500,133,154,241,236,500,0,86
5752,3772,500,377,747,0,330,0,0,147
5753,5635,500,575,0,663,549,0,0,223
5754,4822,500,501,0,597,477,500,0,180
5755,3646,500,518,536,112,331,0,0,134
5756,9463,500,1363,1704,0,831,0,0,319
5757,5455,500,314,0,652,533,0,0,212
5758,646,500,78,0,105,66,0,0,69
5759,3079,500,286,0,223,293,0,0,134
5760,2330,500,563,367,167,221,0,0,109
5761,1924,500,58,158,125,186,500,0,74
5762,1598,500,203,0,255,172,0,889,79
5763,9855,900,1117,1026,975,944,0,0,359
5764,7159,500,871,0,1138,721,0,0,286
5765,7436,500,916,1466,0,651,500,0,231
5766,6532,500,1030,1429,0,572,0,0,228
5767,5091,500,314,0,657,508,0,0,194
5768,1538,500,94,0,271,161,500,0,106
5769,1621,500,93,207,0,142,500,0,64
5770,3705,500,401,581,0,324,0,0,140
5771,3588,500,696,0,505,364,0,0,154
5772,3719,500,392,394,361,358,0,0,156
5773,4521,500,333,0,710,468,0,0,193
5774,2825,500,459,0,424,293,0,0,134
5775,7583,500,463,1510,0,664,0,0,255
5776,5370,500,291,529,502,517,0,0,198
5777,5643,500,333,0,963,574,0,0,248
5778,5217,500,911,409,698,521,0,0,203
5779,3631,500,844,0,548,375,0,0,160
5780,2528,500,125,401,0,221,0,0,106
5781,2602,500,461,379,162,246,0,0,117
5782,1258,500,109,0,221,128,0,0,92
5783,1955,500,228,266,240,197,0,0,99
5784,4115,500,586,624,0,361,0,0,164
5785,2673,500,485,0,217,266,0,0,113
5786,2759,500,223,314,0,241,0,0,110
5787,1996,500,280,148,188,195,0,0,98
5788,5064,500,1048,0,906,521,0,0,209
5789,2324,500,333,279,377,241,0,0,132
5790,2796,500,192,263,287,273,0,0,120
5791,2173,500,220,437,0,190,500,0,84
5792,3515,500,690,563,215,338,0,0,138
5793,5686,500,365,1168,0,498,0,0,213
5794,6937,500,450,0,1192,715,0,0,282
5795,1769,500,335,211,108,167,500,0,73
5796,2881,0,193,133,351,288,0,0,111
5797,2838,500,336,0,495,291,0,0,140
5798,6102,500,984,1224,0,533,0,0,202
5799,3705,500,333,0,603,376,0,0,166
5800,3707,500,397,792,0,324,500,0,150
5801,2221,500,155,218,0,195,0,0,93
5802,2231,500,213,171,254,221,0,0,104
5803,5135,500,316,0,777,512,0,0,228
5804,5945,500,665,0,627,577,0,2207,169
5805,2041,500,141,0,199,200,0,0,99
5806,4705,500,436,0,685,476,0,0,182
5807,2098,500,236,0,184,199,0,0,112
5808,3075,500,390,0,404,312,0,0,131
5809,7852,500,547,912,939,763,0,0,297
5810,1803,500,298,95,189,187,0,0,86
5811,9084,500,515,0,1662,937,0,0,349
5812,4025,500,232,666,0,352,0,0,143
5813,9134,500,1040,832,1072,891,500,0,317
5814,3770,500,252,773,0,340,0,0,154
5815,3139,500,297,379,0,274,500,0,108
5816,6226,500,321,1216,0,545,0,0,215
5817,3073,500,403,467,324,300,0,0,135
5818,1561,500,175,151,40,144,500,1145,40
5819,6632,500,779,709,713,645,500,0,234
5820,1343,500,93,0,182,140,500,0,67
5821,2646,500,192,0,347,265,500,0,110
5822,3661,500,493,0,347,354,0,0,147
5823,2869,500,357,280,435,286,0,0,142
5824,3915,500,395,0,457,384,0,0,159
5825,1485,500,221,0,221,149,500,0,90
5826,1582,500,173,0,213,159,0,0,94
5827,3524,500,464,0,222,329,0,0,149
5828,7829,500,869,1134,0,684,0,0,262
5829,4646,500,299,0,644,469,0,0,192
5830,4348,500,634,485,434,432,0,0,178
5831,5428,500,800,660,622,526,0,0,222
5832,5812,500,682,511,649,567,0,0,230
5833,1599,500,90,124,83,151,0,0,80
5834,15431,900,1887,3261,0,1351,0,0,510
5835,3102,500,328,606,0,271,0,0,124
5836,5394,500,368,0,900,549,0,1814,201
5837,3161,500,445,0,543,333,0,0,141
5838,1510,500,0,125,278,156,0,0,98
5839,5237,500,336,976,0,458,0,0,192
5840,8316,500,1247,1435,0,727,0,0,284
5841,1964,500,118,237,173,192,0,0,94
5842,2189,500,371,282,163,209,500,0,90
5843,4444,500,491,515,486,442,0,0,183
5844,2815,500,313,316,293,272,500,0,118
5845,1686,500,73,0,166,166,0,0,89
5846,7635,500,429,1505,0,668,900,1722,188
5847,3979,500,227,0,444,394,0,0,158
5848,6165,500,670,0,867,619,500,0,216
5849,7751,500,512,0,1239,789,0,0,280
5850,3878,500,438,785,0,339,0,0,151
5851,1575,500,275,86,102,152,0,0,82
5852,2907,500,298,0,461,299,500,0,123
5853,1855,500,119,171,61,171,0,0,82
5854,1709,500,150,0,281,172,0,0,108
5855,15520,900,1092,1423,2249,1542,0,0,560
5856,2928,500,449,430,152,272,0,0,119
5857,2100,500,267,0,225,216,500,0,84
5858,4788,500,523,0,606,474,0,0,192
5859,2826,500,329,0,362,278,0,0,135
5860,3193,500,332,322,349,322,500,0,119
5861,1675,500,93,261,0,146,0,0,92
5862,2557,500,170,486,0,224,0,0,115
5863,1849,500,146,0,170,183,0,0,90
5864,4944,500,524,0,856,509,0,0,216
5865,3145,500,487,375,331,304,0,0,146
5866,3167,500,751,0,546,323,0,0,161
5867,2280,500,99,0,349,246,0,0,108
5868,3608,500,818,573,0,316,0,0,146
5869,3801,500,351,691,0,342,0,0,144
5870,3003,500,443,0,460,309,0,0,150
5871,1117,500,293,272,0,98,0,0,93
5872,1837,500,551,0,270,183,0,0,111
5873,3048,500,562,372,0,267,0,0,120
5874,2412,500,293,148,341,238,0,0,125
5875,1153,500,167,182,108,114,0,0,81
5876,5305,500,1022,1216,0,466,0,0,202
5877,1679,500,65,0,235,176,500,0,73
5878,1633,500,265,157,55,153,500,0,65
5879,2758,500,337,0,281,269,0,0,121
5880,7063,500,570,1492,0,618,500,0,246
5881,1567,500,87,0,220,155,0,0,104
5882,4075,500,490,0,712,414,0,0,190
5883,8026,500,472,1113,0,702,0,0,261
5884,1708,500,150,0,281,172,0,0,107
5885,4406,500,299,795,0,385,0,0,161
5886,2516,500,454,0,497,260,0,0,137
5887,2486,500,105,338,0,224,0,0,97
5888,4349,500,395,616,0,380,0,0,148
5889,3306,500,653,732,0,290,1093,0,122
5890,3632,500,390,584,379,352,0,0,154
5891,4800,500,548,0,881,494,0,0,210
5892,3595,500,253,479,275,338,0,0,154
5893,2432,500,183,184,310,239,0,0,130
5894,2970,500,511,362,325,287,0,0,138
5895,1833,500,194,155,257,184,0,0,108
5896,1258,500,91,143,23,114,0,0,75
5897,3123,500,473,555,0,273,0,0,119
5898,4763,500,254,833,0,416,0,0,170
5899,4812,500,497,0,873,500,0,0,203
5900,6075,500,320,0,1320,654,0,0,252
5901,7058,500,774,0,517,662,0,0,259
5902,2046,500,113,0,387,216,0,0,121
5903,1299,500,201,176,112,124,0,0,83
5904,5699,500,692,1210,0,499,0,0,218
5905,8300,500,976,773,1133,820,0,0,315
5906,1822,500,58,73,184,185,0,0,89
5907,3140,500,329,0,504,320,0,0,144
5908,4579,500,131,0,485,458,0,0,177
5909,3190,500,556,538,313,308,0,0,145
5910,6938,500,1221,893,823,673,0,0,278
5911,6520,500,842,0,847,647,0,0,245
5912,1476,500,142,0,165,146,0,0,87
5913,2894,500,277,143,631,315,0,0,135
5914,3926,500,0,0,616,396,500,0,159
5915,6487,500,371,0,763,633,0,0,249
5916,3160,500,281,0,515,327,0,0,140
5917,14211,900,881,2859,0,1279,0,0,458
5918,7613,500,542,0,1224,788,0,0,295
5919,18167,900,1112,1691,2344,1777,500,0,630
5920,2159,500,125,106,206,217,0,0,95
5921,5418,500,346,0,796,548,0,0,210
5922,10090,900,1002,1983,0,884,0,0,321
5923,1413,500,120,0,216,141,0,0,96
5924,2649,500,260,0,340,267,0,0,118
5925,5570,500,517,0,894,572,0,0,215
5926,2243,500,97,268,103,214,0,0,99
5927,1113,500,485,0,127,116,0,0,74
5928,2429,500,189,392,122,230,0,0,124
5929,2324,500,165,319,0,204,0,0,95
5930,2639,500,219,0,363,271,0,0,119
5931,1367,500,97,133,179,141,500,0,67
5932,2433,500,133,377,227,234,0,0,122
5933,1648,500,255,267,0,144,0,0,90
5934,2879,500,288,0,481,299,500,0,117
5935,6082,500,554,0,848,605,0,0,239
5936,4615,500,261,838,0,404,500,0,153
5937,3670,500,230,0,516,374,500,0,130
5938,4235,500,488,0,538,413,500,0,168
5939,2408,500,353,370,264,236,0,0,112
5940,4736,500,281,866,0,414,500,0,153
5941,2565,500,157,151,240,251,0,0,112
5942,13918,900,826,2062,1571,1345,0,4403,394
5943,3356,500,462,416,169,311,562,0,117
5944,4690,500,0,0,933,485,0,0,216
5945,2609,500,159,0,327,261,0,0,119
5946,1766,500,118,170,60,163,0,0,82
5947,8430,500,505,704,1073,833,0,0,305
5948,1442,500,87,186,0,126,0,0,78
5949,5698,500,312,0,652,558,0,3583,139
5950,3818,500,0,0,411,371,0,0,157
5951,5949,500,381,0,792,594,500,0,201
5952,2903,500,185,202,290,285,0,0,119
5953,1459,500,0,274,0,128,0,0,91
5954,2615,500,224,424,0,229,0,0,107
5955,11521,900,1164,1694,853,1081,0,0,407
5956,3732,500,252,773,0,336,0,0,157
5957,2450,500,1095,643,0,214,0,0,135
5958,2105,500,170,0,292,215,0,0,108
5959,2025,500,169,148,233,202,0,0,98
5960,5322,500,570,560,445,507,0,0,198
5961,1335,500,192,157,137,131,500,0,69
5962,2887,500,327,0,344,283,0,0,135
5963,5879,500,593,1083,0,514,500,0,182
5964,5300,500,658,1291,0,464,0,0,205
5965,1854,500,154,0,201,185,500,0,78
5966,8592,500,1010,1574,728,810,0,0,324
5967,4717,500,521,648,0,413,0,0,181
5968,3864,500,0,495,209,359,0,0,136
5969,1409,500,79,0,331,152,0,0,95
5970,2279,500,404,311,0,200,0,0,97
5971,3580,500,541,0,501,367,500,0,146
5972,10226,900,664,1111,1233,1000,0,0,382
5973,4042,500,807,0,524,401,0,0,169
5974,12121,900,1484,0,2012,1227,0,0,469
5975,11498,900,1311,2069,727,1096,0,0,421
5976,1902,500,123,0,319,192,0,0,116
5977,4776,500,570,404,750,479,0,0,208
5978,2646,500,225,0,288,261,0,0,115
5979,1875,500,111,0,205,199,0,0,90
5980,5278,500,338,0,676,541,500,0,179
5981,9612,900,1842,0,1736,980,500,0,397
5982,2094,0,368,302,0,184,2646,0,0
5983,991,500,0,66,79,96,0,0,77
5984,3586,500,217,585,0,314,0,0,129
5985,2438,500,133,251,216,233,0,0,119
5986,5936,500,580,0,881,598,0,0,224
5987,5445,500,673,0,873,562,0,0,227
5988,1869,500,64,217,0,164,0,0,84
5989,2025,500,124,0,333,211,0,0,109
5990,4008,500,258,833,0,351,0,0,162
5991,3679,500,311,0,506,374,5370,0,45
5992,1355,500,64,139,85,128,0,0,84
5993,3153,500,293,576,0,276,0,0,131
5994,3706,500,214,390,243,350,0,0,137
5995,4446,500,956,323,775,457,0,0,184
5996,3794,500,507,536,230,357,0,0,149
5997,10160,900,1235,962,1619,1023,0,0,400
5998,4257,500,695,488,444,412,500,222,154
5999,1821,500,333,289,0,159,0,0,86
6000,2201,500,83,0,351,238,0,0,101
6001,1800,500,57,155,64,166,0,0,84
6002,1660,500,413,366,0,150,0,0,94
6003,10934,900,1185,2367,0,984,0,0,387
6004,3526,500,229,0,451,353,0,0,146
6005,9382,500,1059,0,1124,919,0,0,337
6006,5567,500,554,0,899,582,0,0,228
6007,3226,500,437,460,230,306,0,0,126
6008,1829,500,306,275,177,176,0,0,101
6009,1735,500,61,58,118,168,0,0,89
6010,3536,500,385,0,537,359,500,0,149
6011,9021,500,917,1819,0,790,0,0,298
6012,10843,900,696,1743,620,1032,0,0,369
6013,3539,500,258,0,517,364,0,0,157
6014,5529,500,257,0,785,558,0,0,211
6015,5459,500,946,1095,0,492,0,0,190
6016,1256,500,100,0,129,131,0,0,79
6017,2632,500,106,336,115,250,0,0,113
6018,2120,500,201,0,281,218,0,0,113
6019,6066,500,325,0,894,628,0,0,229
6020,5315,500,350,0,764,526,0,0,212
6021,1706,500,73,0,166,168,0,0,91
6022,7936,500,1671,0,1147,797,500,0,287
6023,1949,500,258,263,0,170,0,0,89
6024,2490,500,218,0,306,253,0,0,110
6025,7384,500,445,643,884,721,500,0,274
6026,3871,500,574,315,553,393,0,0,155
6027,3308,500,164,0,518,343,0,0,148
6028,2366,500,253,439,0,208,0,0,110
6029,2230,500,157,0,287,230,0,0,105
6030,6152,500,743,867,694,596,0,0,242
6031,1431,0,98,0,180,147,1330,0,38
6032,4634,500,504,626,367,440,0,0,177
6033,3600,500,254,488,0,315,0,0,145
6034,1918,500,116,280,0,168,565,0,76
6035,1059,500,195,0,160,106,0,0,84
6036,1362,500,79,0,121,138,0,0,79
6037,3516,500,445,0,670,363,0,0,165
6038,4012,500,385,503,0,351,0,0,142
6039,8092,500,551,1298,474,750,0,0,282
6040,9588,900,1137,1132,1018,923,0,0,571
6041,3445,500,741,394,449,353,500,0,135
6042,2699,500,571,324,171,256,0,0,111
6043,2937,500,468,0,0,257,0,0,124
6044,2795,500,126,403,0,244,0,0,113
6045,3456,500,521,0,449,342,0,663,144
6046,3319,500,404,0,563,350,0,0,142
6047,3441,500,349,269,544,348,0,0,158
6048,3545,500,445,0,564,366,0,0,173
6049,4330,500,661,657,212,400,0,0,158
6050,3081,500,601,0,504,320,0,0,137
6051,2507,500,134,155,243,249,0,0,110
6052,8117,500,790,1561,0,711,0,0,256
6053,3910,500,422,668,203,359,0,0,163
6054,1670,500,174,347,0,146,0,0,95
6055,1838,500,340,0,231,187,0,0,95
6056,3034,500,398,0,447,310,0,0,134
6057,4049,500,562,427,443,407,0,0,159
6058,1322,500,65,0,194,136,500,0,69
6059,2408,500,343,0,292,242,500,0,95
6060,1132,500,167,0,164,115,500,0,66
6061,2102,500,158,329,107,193,0,0,105
6062,44395,3115,6544,0,0,3996,0,0,0
6063,3377,500,223,394,0,296,0,0,128
6064,1530,500,97,142,0,133,0,0,78
6065,2639,500,225,245,220,253,0,0,116
6066,2207,500,224,0,286,222,0,0,110
6067,6014,500,341,607,705,585,0,0,234
6068,2494,500,227,0,348,256,0,0,121
6069,2519,500,344,176,241,247,0,1871,104
6070,1804,500,144,0,176,180,0,0,90
6071,3223,500,254,412,168,301,0,0,121
6072,3040,500,728,316,397,299,0,0,141
6073,2562,500,158,293,269,250,500,0,109
6074,2130,500,226,203,243,212,0,0,111
6075,1028,500,186,156,77,97,0,0,77
6076,3711,500,525,0,391,375,0,0,151
6077,1749,500,212,225,85,163,0,0,88
6078,3752,500,347,492,0,329,0,0,150
6079,3682,500,506,536,229,346,500,0,123
6080,2993,500,299,0,400,301,0,0,131
6081,1995,500,142,281,0,174,0,0,103
6082,3645,500,333,365,335,350,0,0,151
6083,1970,500,143,192,163,193,0,0,106
6084,1741,500,0,175,137,167,0,0,90
6085,3033,500,330,0,376,302,0,0,131
6086,3170,500,354,0,488,319,500,0,131
6087,4273,500,259,0,733,440,500,0,168
6088,8001,500,864,1147,0,700,0,0,258
6089,3816,500,219,0,550,382,500,0,148
6090,1259,500,0,0,110,121,0,0,82
6091,2738,500,191,394,123,259,0,0,119
6092,2701,500,157,435,0,236,0,0,113
6093,4327,500,374,530,343,414,0,0,176
6094,3024,500,409,329,239,290,0,0,122
6095,3329,500,464,0,328,325,0,0,142
6096,1763,500,94,228,111,165,0,0,97
6097,2522,500,225,377,0,221,0,0,101
6098,1955,500,0,206,176,191,0,0,99
6099,3070,500,457,469,117,281,0,0,126
6100,5175,500,551,0,775,522,0,948,181
6101,2288,500,195,148,250,226,0,0,109
6102,2713,500,310,0,433,276,0,0,133
6103,2904,500,375,0,341,290,0,0,128
6104,15700,900,1856,2470,1574,1500,0,0,569
6105,1717,500,113,0,179,171,500,0,73
6106,3131,500,456,547,404,309,0,0,154
6107,4254,500,408,0,615,429,500,0,156
6108,4789,500,526,350,764,491,0,0,192
6109,2492,500,316,0,338,255,0,0,112
6110,1979,500,65,159,59,182,0,0,93
6111,7445,500,964,0,1479,769,0,0,311
6112,3428,500,306,246,468,349,0,0,137
6113,4178,500,410,809,0,365,0,0,169
6114,5276,500,550,560,613,517,0,0,209
6115,2390,500,116,218,427,253,0,0,121
6116,3966,500,555,358,567,398,0,0,174
6117,8382,500,872,731,1236,842,0,546,274
6118,5118,500,337,0,656,524,0,0,201
6119,1889,500,157,307,0,165,500,0,75
6120,4930,500,259,0,698,499,0,0,190
6121,4461,500,261,700,221,410,0,0,170
6122,4033,500,613,758,0,353,0,1445,156
6123,2605,500,318,0,346,266,0,0,112
6124,6000,500,580,0,1013,616,0,0,234
6125,1578,500,299,204,58,145,0,0,87
6126,3332,500,0,0,546,340,0,0,153
6127,2947,500,189,231,421,298,500,0,119
6128,4031,500,616,0,606,412,0,0,160
6129,7180,500,1592,0,1044,723,0,0,284
6130,3808,500,503,0,0,334,0,0,143
6131,10226,900,1195,2190,0,895,0,0,355
6132,1880,500,220,0,338,193,0,0,110
6133,6049,500,725,0,940,609,0,0,237
6134,5383,500,662,0,967,551,500,0,214
6135,2160,500,0,95,202,214,0,0,103
6136,2675,500,374,581,0,234,500,0,109
6137,1083,500,85,149,28,97,0,0,74
6138,1454,500,169,206,0,127,0,0,91
6139,4254,500,272,797,0,372,0,0,161
6140,5670,500,579,0,874,588,0,0,234
6141,5298,500,292,0,766,535,0,0,207
6142,1302,500,93,0,182,136,500,0,62
6143,4479,500,676,866,0,392,0,0,170
6144,8684,500,910,1507,427,795,0,0,298
6145,2067,500,294,0,346,219,0,944,84
6146,3063,500,192,470,0,269,0,0,113
6147,5735,500,541,592,613,558,0,0,213
6148,1615,500,90,124,83,153,0,0,81
6149,1334,500,109,144,167,135,0,0,93
6150,4122,500,495,859,0,360,500,0,149
6151,3338,500,518,0,431,333,0,0,145
6152,2491,500,132,341,0,218,0,0,100
6153,3029,500,205,0,442,308,0,0,134
6154,3728,500,382,0,556,384,0,0,165
6155,1698,500,162,286,0,149,500,0,71
6156,1915,500,118,0,236,198,0,0,94
6157,8274,500,1456,1872,0,745,900,0,251
6158,2360,500,179,445,0,207,0,0,113
6159,2767,500,216,410,0,242,0,0,128
6160,2589,0,264,242,220,250,3323,0,44
6161,3549,500,333,292,408,348,0,0,153
6162,3931,500,498,0,539,387,0,0,175
6163,3832,500,857,615,383,366,0,0,183
6164,3275,500,338,0,476,343,0,0,142
6165,663,500,0,0,168,72,500,0,56
6166,3972,500,612,758,0,348,0,0,147
6167,18077,900,548,2946,1220,1683,0,0,582
6168,3606,500,617,0,596,377,500,0,146
6169,2216,500,222,376,0,200,0,0,103
6170,14223,900,1619,2590,688,1300,0,0,504
6171,3078,500,298,0,166,288,500,0,105
6172,1605,500,334,0,227,163,0,0,93
6173,3904,500,619,0,503,388,0,0,159
6174,1681,500,258,0,218,166,0,0,98
6175,4165,500,417,329,649,428,0,0,165
6176,2688,500,147,309,117,250,0,0,111
6177,4838,500,281,867,0,423,0,0,168
6178,3109,500,207,474,188,289,0,0,132
6179,2216,500,219,454,0,200,0,0,110
6180,4765,500,131,0,673,480,0,0,183
6181,2699,500,274,303,282,261,0,0,124
6182,4315,500,485,919,0,388,0,0,184
6183,1013,500,88,125,62,94,500,0,59
6184,4923,500,258,0,635,492,0,0,183
6185,5008,500,352,1015,0,438,0,0,191
6186,3268,500,214,399,295,313,0,0,139
6187,4271,500,495,0,592,424,0,0,183
6188,3051,500,151,391,0,267,0,0,126
6189,3122,500,460,257,280,301,0,0,132
6190,1124,500,61,151,55,103,0,0,79
6191,2204,500,374,235,235,215,0,0,104
6192,4589,500,748,304,723,469,0,427,188
6193,2300,500,267,355,0,201,0,0,112
6194,2364,500,401,507,0,207,0,0,115
6195,2319,500,179,350,0,203,0,0,98
6196,3103,500,0,397,0,272,500,0,120
6197,1072,500,275,95,118,106,0,0,78
6198,3628,500,589,594,0,317,0,0,159
6199,4595,500,867,876,0,401,500,0,150
6200,6166,500,342,1137,0,539,0,0,222
6201,5765,500,1127,1141,0,504,0,0,192
6202,5759,500,316,0,858,580,0,0,238
6203,996,500,232,143,83,94,0,0,76
6204,2645,500,186,370,260,254,0,0,135
6205,6527,500,348,0,971,659,0,0,251
6206,6445,500,694,1095,350,611,0,0,238
6207,5559,500,1160,0,831,580,0,0,216
6208,3159,500,353,285,382,309,0,0,146
6209,8477,500,571,0,1728,886,0,0,337
6210,2552,500,456,0,243,248,0,0,113
6211,6644,500,879,600,860,657,0,0,261
6212,1885,500,117,234,58,171,0,0,91
6213,1937,500,263,181,216,192,0,0,99
6214,1639,500,101,235,0,143,500,0,67
6215,2781,500,277,458,451,283,0,0,140
6216,2816,500,153,0,357,288,0,0,122
6217,3975,500,397,0,621,405,0,0,165
6218,3537,500,439,553,0,310,0,0,150
6219,1398,500,92,205,0,123,0,0,81
6220,1256,500,70,200,0,110,0,0,83
6221,3413,500,1100,477,341,327,500,0,150
6222,3119,500,317,600,0,272,500,0,107
6223,2520,500,0,216,319,246,0,0,130
6224,5748,500,299,0,718,564,0,0,238
6225,2139,500,447,0,235,210,0,0,112
6226,6573,500,858,0,1019,669,0,0,250
6227,2701,500,458,0,602,287,0,0,140
6228,1118,500,295,229,101,106,0,0,84
6229,8669,500,1080,838,1256,862,0,0,337
6230,3192,500,277,414,113,291,0,0,123
6231,1981,500,371,0,283,198,500,0,93
6232,4569,500,601,876,0,400,0,0,161
6233,2708,500,376,0,284,264,0,0,124
6234,2215,500,188,267,186,213,0,0,104
6235,2690,500,411,284,337,268,0,0,123
6236,5391,500,793,0,870,546,0,0,224
6237,3044,500,203,429,114,278,0,0,123
6238,1665,500,219,183,135,167,0,0,90
6239,2863,500,295,163,534,296,0,0,143
6240,2561,500,409,0,391,260,0,0,120
6241,1691,500,115,205,80,157,0,0,87
6242,1824,500,367,0,220,177,0,0,102
6243,9062,500,1025,1041,949,875,0,0,328
6244,6873,500,1118,780,654,660,0,0,257
6245,1027,500,54,172,60,95,0,0,81
6246,2100,500,189,142,259,214,1151,0,75
6247,4968,500,547,1004,0,435,0,0,186
6248,2442,500,336,0,254,239,0,0,114
6249,10936,900,1316,1045,1510,1081,500,0,407
6250,4320,500,502,0,493,421,0,0,175
6251,1871,500,341,0,232,190,0,0,95
6252,2550,500,223,364,123,236,0,0,111
6253,1283,500,78,0,328,139,0,0,94
6254,1232,500,123,187,89,116,0,0,81
6255,9398,500,509,1494,736,887,0,0,315
6256,8044,500,890,702,997,816,0,0,292
6257,1694,500,98,198,0,148,500,0,63
6258,1669,500,95,0,273,170,0,0,101
6259,1621,500,149,273,0,142,500,0,72
6260,2206,500,269,0,338,233,0,0,103
6261,5387,500,647,825,534,516,0,1549,182
6262,1287,500,96,0,114,125,500,0,66
6263,3518,500,653,0,591,356,0,0,162
6264,2637,500,128,0,459,279,0,0,122
6265,5574,500,311,459,555,537,500,0,196
6266,2755,500,253,498,0,241,0,0,117
6267,9438,500,623,1836,0,826,0,0,300
6268,1619,500,181,0,293,166,0,0,102
6269,2312,500,132,287,125,217,0,0,101
6270,2224,500,466,326,200,219,0,0,108
6271,2330,500,150,0,400,242,0,0,112
6272,3491,500,317,471,0,306,0,0,126
6273,1645,500,115,205,149,160,0,0,88
6274,7412,500,434,0,1236,748,0,0,291
6275,1492,500,56,176,63,138,0,0,84
6276,3239,500,0,472,0,284,0,0,118
6277,2513,500,156,0,293,254,0,0,109
6278,1930,500,141,0,178,194,0,0,94
6279,21251,900,2523,0,2763,2089,0,0,752
6280,1953,500,97,179,341,206,0,0,105
6281,1168,500,58,57,169,118,0,0,82
6282,2400,500,160,191,225,236,0,0,105
6283,2286,500,189,0,393,233,0,0,123
6284,4293,500,443,764,0,376,0,0,162
6285,1909,500,73,230,116,179,0,0,92
6286,28160,900,3472,2751,4121,2796,0,0,1011
6287,3137,500,378,458,429,309,0,0,162
6288,6082,500,617,1128,0,548,0,0,204
6289,2663,500,117,174,251,261,0,0,113
6290,3214,500,353,0,327,310,0,0,153
6291,2018,500,119,207,163,202,500,0,79
6292,2261,500,211,265,0,198,0,0,100
6293,4421,500,222,423,363,421,0,0,169
6294,6976,500,872,1501,0,610,0,0,253
6295,1549,500,56,0,115,149,0,0,84
6296,2574,500,408,0,324,255,0,0,122
6297,3128,500,334,0,364,309,0,0,137
6298,4658,500,543,956,0,408,0,0,177
6299,1564,500,109,93,235,162,0,0,88
6300,2034,500,0,206,135,192,0,0,99
6301,5636,500,338,1066,0,507,0,0,196
6302,3510,500,194,0,340,343,0,0,139
6303,2836,500,594,0,437,288,0,0,138
6304,4748,500,328,0,822,498,0,0,207
6305,2092,500,229,0,266,212,0,0,104
6306,3966,500,539,0,686,412,0,0,164
6307,2765,500,386,0,294,277,500,0,102
6308,2326,500,219,480,0,203,0,0,108
6309,5753,500,571,895,279,530,0,0,204
6310,12003,900,1536,0,726,1113,500,0,406
6311,1954,500,412,304,175,189,500,0,82
6312,1954,500,220,314,112,182,0,0,105
6313,2255,500,205,0,347,241,500,0,97
6314,3897,500,202,0,524,393,0,0,154
6315,6719,500,1180,0,782,653,0,0,272
6316,2673,500,164,230,228,267,500,0,105
6317,1625,500,252,0,222,173,500,0,73
6318,10652,900,775,2109,0,958,0,0,339
6319,3794,500,656,0,489,372,0,0,176
6320,4218,500,298,794,0,369,0,0,165
6321,1575,500,223,0,212,161,0,0,97
6322,1910,500,178,234,0,168,0,0,84
6323,3021,500,184,449,0,265,0,0,113
6324,4548,500,821,866,584,445,0,0,204
6325,2445,500,269,0,270,237,0,0,125
6326,3647,500,486,0,739,392,0,5764,40
6327,8129,500,912,0,1359,827,0,0,304
6328,5724,500,898,0,773,574,0,0,226
6329,6799,500,396,1171,558,640,500,0,242
6330,3951,500,215,587,210,365,0,0,152
6331,8137,500,971,1745,0,712,500,5144,150
6332,1651,500,229,0,86,155,500,0,72
6333,5882,500,316,0,645,573,500,0,206
6334,1763,500,95,0,161,169,0,0,100
6335,4755,500,465,0,729,486,0,0,222
6336,3801,500,286,440,542,388,0,0,170
6337,8408,500,481,0,1326,853,0,0,300
6338,16359,900,1022,0,3186,1689,900,0,575
6339,1566,500,61,0,229,165,0,0,88
6340,4870,500,507,482,392,465,0,0,175
6341,2913,500,329,0,331,298,0,0,122
6342,2240,500,308,289,0,202,0,0,100
6343,5207,0,533,540,484,501,0,0,182
6344,3382,500,1106,0,619,346,0,0,169
6345,9335,500,553,1550,482,857,0,0,316
6346,2545,500,256,283,508,267,500,0,124
6347,1941,500,342,0,233,197,0,0,94
6348,3556,500,380,0,323,339,500,0,137
6349,1322,500,113,221,0,116,0,0,79
6350,4566,500,486,916,0,400,0,0,173
6351,1822,500,165,0,171,178,500,0,82
6352,7578,500,430,0,902,741,0,0,273
6353,1846,500,167,146,173,178,0,0,98
6354,4706,500,309,845,0,412,0,0,168
6355,1660,500,178,0,191,168,0,0,98
6356,3950,500,492,675,0,346,0,0,137
6357,2111,500,161,225,59,192,0,0,92
6358,2121,500,116,149,177,215,500,0,78
6359,2576,500,323,0,337,258,500,0,109
6360,6946,500,1116,0,948,693,0,0,257
6361,6044,500,694,568,800,596,0,0,244
6362,8106,500,588,0,1677,849,0,0,317
6363,3466,500,650,0,429,338,0,0,152
6364,5488,500,569,816,390,513,0,0,213
6365,2333,500,257,0,336,242,500,0,102
6366,3318,500,588,397,331,319,0,5057,40
6367,1824,500,167,146,173,176,0,0,98
6368,2759,500,585,482,105,251,0,0,123
6369,2870,500,294,372,263,276,0,0,133
6370,13210,900,2369,0,1521,1279,0,0,513
6371,2573,500,128,114,387,265,0,0,125
6372,18254,900,1088,2509,2031,1760,0,0,632
6373,2261,500,172,0,291,242,0,0,101
6374,2044,500,175,240,0,178,0,0,90
6375,2810,500,509,363,374,276,0,0,138
6376,2624,500,127,226,227,254,500,0,95
6377,7900,500,868,0,1567,816,0,3967,236
6378,2210,500,257,431,0,194,0,0,104
6379,6420,500,699,0,935,665,0,9218,40
6380,3088,500,192,0,499,316,0,0,139
6381,3399,500,407,0,574,344,500,0,152
6382,3642,500,564,330,462,360,0,0,155
6383,3993,500,0,0,680,409,500,0,229
6384,7467,500,737,1459,0,653,500,0,234
6385,5141,500,1155,0,1207,553,0,0,237
6386,9746,900,1169,0,1624,1022,0,0,391
6387,6203,500,896,889,0,542,500,0,202
6388,6387,500,707,0,939,644,0,0,235
6389,7353,500,851,849,889,718,0,0,279
6390,4101,500,660,0,265,382,500,0,157
6391,6291,500,364,643,701,614,0,0,227
6392,1383,500,0,206,172,136,0,0,90
6393,3939,500,339,0,523,409,0,0,154
6394,2572,500,1117,0,274,251,0,0,122
6395,2574,500,343,329,126,241,0,0,105
6396,3880,500,822,650,302,365,500,0,162
6397,9372,900,721,0,1757,963,0,0,401
6398,3357,500,499,498,0,294,500,0,127
6399,2594,500,396,574,0,227,0,0,123
6400,5987,500,724,0,939,602,0,0,237
6401,4558,500,459,910,0,399,0,0,173
6402,2336,500,336,0,361,240,0,0,116
6403,2458,500,220,432,0,215,0,0,111
6404,2207,500,124,333,105,203,0,0,113
6405,2920,500,190,246,327,284,0,0,135
6406,1911,500,105,0,273,197,0,0,108
6407,4272,500,308,586,428,409,0,0,179
6408,3420,500,549,0,280,323,0,0,151
6409,1932,500,306,0,255,191,500,0,93
6410,4302,500,482,376,533,424,0,0,178
6411,10408,900,609,1122,982,995,500,0,364
6412,1168,500,111,0,222,121,500,0,71
6413,2241,500,331,0,392,228,0,0,123
6414,7077,500,725,1349,0,619,0,0,233
6415,8637,500,2181,2053,0,756,0,0,296
6416,4482,500,631,414,503,436,0,0,186
6417,3069,500,300,0,401,308,0,0,140
6418,3618,500,517,513,0,316,0,0,413
6419,4511,500,0,0,663,459,0,0,174
6420,2496,500,108,0,340,257,500,0,97
6421,2992,500,224,265,342,291,0,0,149
6422,1810,500,301,401,0,158,500,0,86
6423,3859,500,254,0,633,400,0,0,162
6424,5509,500,1165,0,1128,601,0,0,232
6425,3975,500,530,741,0,347,0,0,154
6426,1208,500,324,0,215,123,2370,0,36
6427,4337,500,829,0,0,390,0,0,171
6428,2743,500,387,0,462,291,0,0,135
6429,4540,500,493,0,543,446,500,0,168
6430,1934,500,155,77,231,196,0,0,97
6431,6270,500,400,0,758,618,0,0,227
6432,6035,500,725,0,973,609,0,0,240
6433,5549,500,0,0,659,547,0,0,194
6434,1884,500,176,291,113,176,0,0,99
6435,2734,500,425,493,121,249,500,0,113
6436,2320,500,453,0,330,236,0,0,109
6437,1697,500,91,0,119,166,0,0,82
6438,1169,500,98,88,158,118,0,0,80
6439,1344,500,73,38,132,143,0,0,76
6440,1996,500,404,276,260,201,0,0,108
6441,2167,500,89,273,51,196,0,0,102
6442,1890,500,103,0,253,194,0,0,104
6443,3077,500,323,0,607,328,0,0,144
6444,869,500,38,144,0,76,500,0,52
6445,2339,500,311,268,169,222,0,0,106
6446,5402,500,626,1152,0,471,0,1155,177
6447,2677,500,283,0,467,273,0,0,138
6448,3965,500,503,680,0,357,0,0,144
6449,1876,500,90,265,294,193,0,678,89
6450,1926,500,114,0,180,190,0,0,95
6451,6981,500,1125,0,999,702,0,0,252
6452,2664,500,0,402,0,233,0,0,120
6453,5408,500,278,1052,0,473,0,0,205
6454,10255,900,1131,1554,835,967,0,0,385
6455,2144,500,435,0,246,220,0,0,103
6456,1221,500,212,232,112,116,0,0,90
6457,6251,500,668,962,438,583,0,0,236
6458,3122,500,473,0,382,307,0,0,142
6459,3594,500,901,0,596,364,0,0,179
6460,3167,500,326,494,166,293,0,0,134
6461,2562,500,410,0,437,264,0,0,130
6462,6188,500,417,650,543,590,0,0,229
6463,3812,500,359,429,327,367,0,0,144
6464,2979,500,470,475,444,303,500,0,127
6465,2975,500,592,386,218,281,0,0,127
6466,5066,500,878,795,0,456,0,0,196
6467,3641,500,599,0,548,376,0,685,129
6468,1821,500,419,243,134,173,0,0,96
6469,9529,500,626,1819,0,834,0,0,307
6470,4393,500,628,861,0,385,0,0,165
6471,2235,500,213,254,197,216,0,0,109
6472,6756,500,821,0,1073,680,0,0,272
6473,1570,500,126,189,92,148,0,0,84
6474,1105,500,0,128,0,97,0,0,72
6475,12055,900,1464,1845,0,1055,0,0,408
6476,2090,500,105,0,313,215,0,0,107
6477,1547,500,95,79,138,156,0,0,84
6478,2212,500,223,178,224,216,0,0,106
6479,3911,500,1663,450,527,388,0,0,171
6480,3620,500,372,374,340,348,0,0,150
6481,4563,500,503,626,372,434,0,0,172
6482,1492,500,148,269,0,130,0,0,89
6483,3344,500,335,0,511,353,0,0,141
6484,3973,500,683,733,382,379,0,0,177
6485,4285,500,386,604,171,392,0,0,154
6486,1561,500,94,0,277,159,0,0,98
6487,4087,500,623,861,0,358,0,0,158
6488,2190,500,280,256,129,212,0,0,103
6489,5214,500,1030,0,467,508,0,0,224
6490,4201,500,572,592,367,401,0,1510,132
6491,1266,500,113,166,58,117,1130,0,52
6492,2480,500,94,272,304,255,0,0,109
6493,5538,500,608,896,415,522,500,0,186
6494,2359,500,417,0,239,236,500,0,86
6495,2234,500,156,0,271,219,0,0,120
6496,2300,500,319,0,322,229,0,0,119
6497,1501,500,159,177,215,150,500,0,82
6498,3992,500,228,0,513,402,0,0,157
6499,3946,500,221,419,342,375,0,0,161
6500,30006,900,3282,979,1417,2742,0,0,997
6501,4983,500,519,900,0,435,0,0,168
6502,4265,500,496,0,282,410,0,0,172
6503,2157,500,220,0,324,221,0,0,109
6504,2540,500,127,0,341,258,0,0,125
6505,3250,500,399,299,272,314,0,0,136
6506,1675,500,219,306,150,159,500,0,86
6507,1462,500,113,0,170,145,0,0,87
6508,1604,500,0,201,167,155,0,0,94
6509,5329,500,911,582,553,519,0,0,199
6510,5445,500,318,1000,0,476,0,0,186
6511,1836,0,113,0,179,181,500,0,60
6512,1980,500,141,144,250,199,500,0,86
6513,1560,500,252,0,82,152,0,0,81
6514,2273,500,133,0,382,231,500,0,111
6515,7222,500,817,1280,502,673,500,0,255
6516,3155,500,210,626,0,276,0,0,133
6517,5023,500,528,0,587,495,0,0,187
6518,2304,500,220,482,0,202,0,0,108
6519,5999,500,674,1286,0,525,500,0,208
6520,3185,500,251,0,472,331,0,0,134
6521,3222,500,226,0,497,338,0,0,153
6522,6475,500,956,0,1054,669,0,0,274
6523,3419,500,449,508,521,351,0,0,153
6524,4544,500,453,0,926,488,0,0,185
6525,1437,500,105,150,136,140,0,0,84
6526,2126,500,332,235,251,210,500,0,95
6527,6072,500,671,1265,0,531,0,0,223
6528,4457,500,319,406,534,434,0,0,187
6529,2830,500,454,417,160,261,0,0,131
6530,2793,500,191,393,123,256,0,0,118
6531,1936,500,189,270,0,170,0,0,99
6532,12537,900,0,1759,0,1097,0,653,230
6533,5222,500,315,0,824,530,0,0,206
6534,5498,500,630,0,735,543,0,0,217
6535,4955,500,0,0,950,510,0,0,235
6536,3133,500,280,245,503,323,0,0,139
6537,3657,500,306,598,0,320,0,0,130
6538,3978,500,396,332,457,390,0,0,168
6539,1657,500,109,132,136,170,0,0,83
6540,3785,500,444,345,588,382,0,0,170
6541,2009,500,130,190,174,193,500,0,85
6542,2695,500,0,183,453,276,0,0,132
6543,3800,500,522,0,548,382,0,0,159
6544,1817,500,228,382,0,159,0,0,103
6545,1984,500,184,230,146,188,0,0,101
6546,2396,500,225,224,207,231,0,0,110
6547,24278,900,2880,0,2821,2355,0,0,850
6548,1314,500,85,181,0,116,0,0,75
6549,1204,500,205,121,187,120,0,0,88
6550,1426,500,280,89,130,143,0,0,84
6551,1861,500,132,0,278,190,0,0,103
6552,2414,500,502,0,281,237,0,0,123
6553,6299,500,380,725,769,614,0,0,246
6554,1241,500,94,194,0,108,0,0,76
6555,9924,500,543,1049,917,948,0,0,332
6556,3268,500,336,484,0,286,0,0,140
6557,2209,500,179,292,57,199,0,0,99
6558,5262,500,338,408,617,519,0,0,196
6559,4646,500,288,0,818,473,0,0,217
6560,1431,500,113,0,227,148,0,0,91
6561,9304,500,620,1528,777,883,500,0,311
6562,4577,500,550,957,0,412,500,0,168
6563,2483,500,366,408,177,233,0,0,118
6564,14537,900,2550,0,2763,1491,500,0,532
6565,2178,500,147,336,122,202,0,0,107
6566,3552,500,806,0,767,375,0,0,171
6567,4066,500,261,0,677,413,0,0,181
6568,995,500,90,0,166,101,0,0,81
6569,2718,500,196,379,0,237,0,0,102
6570,3840,500,690,0,330,373,0,0,172
6571,4976,500,981,0,540,485,0,0,187
6572,6178,500,580,0,670,602,0,0,219
6573,1274,500,112,169,90,122,0,0,79
6574,4247,500,291,0,661,433,0,0,179
6575,7991,500,552,0,889,775,0,0,287
6576,2619,500,423,0,554,274,0,0,147
6577,10445,900,1049,2078,0,914,13309,0,57
6578,2191,500,167,90,224,218,500,0,85
6579,863,500,87,141,22,78,0,0,74
6580,4540,500,536,0,611,466,0,0,186
6581,7010,500,838,1233,1046,701,0,0,276
6582,4324,500,241,524,0,378,0,0,149
6583,6408,500,676,0,1029,671,0,0,266
6584,2816,500,192,210,287,275,0,0,122
6585,5837,500,424,0,1054,598,0,0,238
6586,12187,900,551,1330,1217,1168,0,0,424
6587,1743,500,111,0,0,158,0,0,86
6588,2245,500,377,0,338,230,0,0,113
6589,2158,500,175,267,110,201,0,0,97
6590,2387,500,222,470,0,209,0,0,106
6591,1365,500,55,209,0,119,0,0,78
6592,1529,500,258,138,184,151,0,0,94
6593,2332,500,319,343,216,223,0,0,117
6594,1660,500,185,248,141,162,0,0,98
6595,3161,500,339,0,299,307,0,0,128
6596,5056,500,1032,0,348,474,0,0,199
6597,2617,500,218,263,138,246,0,0,105
6598,2973,500,131,0,438,309,0,0,131
6599,2480,500,148,0,341,253,0,0,114
6600,1287,500,205,285,0,113,500,0,71
6601,4979,500,506,837,676,494,0,0,199
6602,5079,500,327,0,917,520,0,0,232
6603,2887,500,136,0,277,281,0,0,130
6604,4735,500,301,576,355,447,0,0,181
6605,1973,500,206,313,170,188,0,0,104
6606,2495,500,478,324,158,235,0,0,112
6607,5284,500,605,463,611,517,0,0,200
6608,3305,500,593,464,0,288,0,0,130
6609,3818,500,865,0,595,393,500,0,170
6610,3026,500,276,284,271,301,500,0,119
6611,2324,500,333,411,0,203,0,0,102
6612,7317,500,357,1348,0,641,0,0,243
6613,1863,500,161,316,0,163,0,0,95
6614,18691,900,2196,1771,2152,1813,0,0,663
6615,4293,500,260,699,214,394,0,0,169
6616,1897,500,263,360,0,166,0,0,97
6617,2147,500,261,341,0,188,0,0,95
6618,2550,500,0,0,270,254,0,0,110
6619,1847,500,131,212,110,178,0,0,94
6620,3051,500,620,671,0,267,0,0,129
6621,6145,500,675,0,1371,647,9338,0,127
6622,1067,500,190,97,128,104,0,0,79
6623,4071,500,129,537,418,391,500,0,158
6624,2783,500,423,0,382,276,500,0,121
6625,8238,500,904,0,1399,832,500,0,341
6626,1649,500,143,99,236,170,500,0,75
6627,1748,500,80,0,222,176,0,0,99
6628,3255,500,381,579,0,284,0,0,129
6629,2615,500,452,258,275,252,0,0,130
6630,1477,500,56,176,63,137,0,0,80
6631,4289,500,412,608,230,397,0,0,156
6632,2400,500,269,0,169,231,0,0,105
6633,4876,500,839,898,489,468,0,0,200
6634,12386,900,790,0,2404,1278,0,0,477
6635,3836,500,442,0,582,385,0,0,168
6636,4354,500,738,791,269,404,0,0,183
6637,3009,500,312,0,498,316,500,0,130
6638,4997,500,340,0,779,528,0,0,190
6639,1880,500,168,0,282,192,0,0,102
6640,1485,500,156,138,260,152,0,0,97
6641,3996,500,425,0,271,385,0,0,169
6642,2364,500,134,289,222,233,0,0,105
6643,3729,500,352,0,560,379,500,0,136
6644,1494,500,114,204,147,145,0,0,87
6645,2177,500,97,0,229,216,0,0,102
6646,1339,0,167,0,176,139,235,0,68
6647,2950,500,421,579,0,259,500,0,112
6648,3735,500,703,587,348,361,0,0,153
6649,3866,500,452,350,454,377,0,0,167
6650,1498,500,162,0,218,156,0,0,92
6651,3979,500,448,555,378,382,0,0,168
6652,1895,500,154,333,0,166,500,0,75
6653,1660,500,275,148,235,167,0,0,101
6654,2448,500,168,0,163,235,500,0,84
6655,13948,900,1639,0,1907,1382,0,0,511
6656,2396,500,246,409,163,224,0,0,118
6657,2406,500,255,0,111,228,0,0,115
6658,2321,500,189,0,311,238,0,0,108
6659,4048,500,624,0,560,409,0,0,167
6660,1953,500,193,384,0,176,500,0,86
6661,17853,900,2186,0,3044,1815,0,0,661
6662,1548,500,170,317,0,135,0,0,87
6663,5161,500,311,0,815,534,500,0,211
6664,5715,500,371,455,693,565,0,0,216
6665,2983,500,489,0,412,294,0,0,145
6666,5117,500,578,0,670,510,500,0,184
6667,3181,500,592,644,0,279,0,0,130
6668,3093,500,296,379,0,270,0,0,119
6669,6016,500,881,583,683,583,0,0,256
6670,5208,500,526,0,798,532,0,2139,155
6671,5148,500,1041,0,713,514,0,0,199
6672,2436,500,239,217,303,246,0,0,110
6673,806,500,261,92,121,81,0,0,76
6674,5553,500,766,0,823,558,0,0,227
6675,2144,500,123,397,0,187,0,0,100
6676,13847,900,2410,1354,1655,1350,0,0,521
6677,5190,500,0,0,1005,538,0,0,223
6678,5027,500,325,0,611,490,0,0,211
6679,2267,500,148,225,223,220,0,0,112
6680,1878,500,68,114,173,185,500,0,79
6681,32067,900,3644,5740,2102,2976,0,0,1058
6682,2127,500,194,319,286,213,0,0,110
6683,4969,500,258,469,448,478,0,0,178
6684,2554,500,0,0,392,256,0,0,129
6685,1794,500,163,0,0,157,0,0,87
6686,2209,500,333,0,308,222,0,0,114
6687,3383,500,635,510,213,318,0,0,136
6688,1903,500,330,284,0,167,0,0,97
6689,2530,500,521,441,170,237,0,0,125
6690,1746,500,206,0,0,153,0,0,96
6691,2564,500,482,0,577,273,0,0,139
6692,8030,500,1449,1829,0,703,0,0,282
6693,1813,500,57,85,115,176,0,0,83
6694,5337,500,311,0,855,540,0,0,220
6695,3932,500,660,0,441,382,0,0,168
6696,4338,500,504,0,656,437,0,0,180
6697,4045,500,234,0,523,404,0,0,158
6698,1949,500,197,0,266,197,0,0,103
6699,2975,500,135,379,113,272,0,0,116
6700,3555,500,218,424,0,321,0,0,125
6701,2092,500,121,119,164,205,0,0,92
6702,3136,500,374,680,0,274,0,0,144
6703,4479,500,637,0,604,448,500,0,171
6704,5747,500,690,0,742,563,0,0,242
6705,1669,500,100,0,119,168,0,0,86
6706,2913,500,197,373,200,274,500,0,115
6707,3879,500,532,623,283,366,0,0,158
6708,2697,500,296,0,395,271,0,0,135
6709,5114,500,258,489,475,494,0,0,183
6710,2016,500,471,0,333,205,0,0,111
6711,1522,500,110,171,0,133,0,0,84
6712,2633,500,189,338,0,231,0,0,116
6713,2970,500,297,0,286,288,500,0,112
6714,8268,500,0,680,950,804,0,0,285
6715,10500,900,2286,1314,1104,1012,0,0,409
6716,3423,500,493,0,749,368,500,0,140
6717,4237,500,338,0,663,435,0,0,168
6718,9478,900,1137,0,1144,923,0,0,358
6719,3410,500,355,357,328,329,0,0,146
6720,3763,500,0,0,466,378,0,682,129
6721,2490,500,257,247,230,241,500,0,95
6722,5324,500,548,0,795,549,0,3386,137
6723,4507,500,560,0,655,451,0,0,178
6724,4432,500,641,0,758,470,0,0,187
6725,5072,500,347,0,1071,552,500,0,204
6726,3426,500,332,0,451,345,0,0,151
6727,2874,500,572,0,539,307,500,0,118
6728,1701,500,172,286,0,148,0,0,85
6729,2374,500,575,274,127,223,0,0,109
6730,2363,500,388,0,436,241,0,0,130
6731,2743,500,473,0,466,287,0,2615,93
6732,1480,500,165,174,0,130,500,0,60
6733,5473,500,359,0,725,536,0,0,234
6734,2533,500,270,361,193,239,0,0,122
6735,3278,500,213,0,409,325,0,0,143
6736,3417,500,316,245,370,338,0,0,138
6737,9920,900,1385,0,1714,1013,0,0,391
6738,4615,500,561,484,661,466,0,854,160
6739,5444,500,579,560,609,534,0,0,203
6740,4172,500,0,0,296,395,0,0,158
6741,6424,500,878,0,964,644,500,757,222
6742,3244,500,459,479,106,295,0,0,127
6743,4108,500,531,535,0,359,0,0,144
6744,1366,500,155,0,219,139,500,0,71
6745,1441,500,229,267,112,135,0,0,92
6746,3243,500,138,521,0,283,500,0,106
6747,1621,500,337,183,213,167,500,0,82
6748,4210,500,625,862,0,369,0,0,158
6749,4814,500,335,0,677,480,0,0,194
6750,5976,500,333,0,783,592,0,0,230
6751,7945,500,1295,937,751,760,0,0,288
6752,2656,500,192,0,347,264,0,0,128
6753,2963,500,442,479,174,284,0,0,133
6754,7580,500,942,0,1110,752,0,0,305
6755,4339,500,502,0,443,418,0,0,173
6756,3102,500,365,425,477,312,0,0,148
6757,2227,500,398,0,354,224,500,0,116
6758,3374,500,356,497,241,319,0,0,141
6759,2862,500,234,349,183,272,500,0,97
6760,4198,500,471,825,0,368,0,0,157
6761,8209,500,1467,1487,499,761,0,0,301
6762,2311,500,432,205,291,230,500,0,103
6763,5287,500,572,634,534,521,0,0,226
6764,1990,500,168,302,0,174,0,0,96
6765,6228,500,386,1112,0,545,0,0,201
6766,4764,500,1164,0,821,483,0,0,213
6767,6943,500,1232,0,1215,713,0,0,282
6768,1678,500,0,0,0,147,0,0,92
6769,1505,500,281,301,0,132,0,0,85
6770,2241,500,130,378,0,196,0,0,98
6771,6696,500,1122,1131,398,623,0,0,229
6772,4852,500,331,760,215,443,0,0,178
6773,798,500,0,124,0,70,0,0,68
6774,1265,500,91,79,116,124,0,0,77
6775,5444,500,379,505,681,531,0,0,227
6776,1907,500,104,0,216,186,0,0,105
6777,12917,900,1666,0,2855,1401,0,0,520
6778,3823,500,742,504,225,357,0,0,144
6779,2662,500,293,391,0,233,0,0,125
6780,9910,900,613,1674,636,919,0,0,367
6781,1836,500,99,144,0,160,0,0,78
6782,1400,500,63,119,108,139,0,0,85
6783,2044,500,413,0,398,221,0,0,106
6784,2259,500,342,0,0,198,0,0,92
6785,7553,500,446,0,906,733,0,0,318
6786,1233,500,107,176,92,117,0,0,82
6787,2741,500,188,0,341,272,0,0,128
6788,2359,500,400,507,0,207,547,0,103
6789,3343,500,323,244,357,330,0,0,138
6790,3504,500,467,0,479,354,0,0,147
6791,4812,500,503,865,0,421,0,0,167
6792,2763,500,573,249,172,262,500,0,97
6793,2329,500,126,0,383,240,0,0,117
6794,5242,500,1080,1061,0,459,0,0,177
6795,18787,900,1224,0,3802,1943,0,0,703
6796,1293,500,0,79,168,133,0,0,81
6797,9833,500,553,1856,0,861,500,0,290
6798,1858,500,186,0,357,194,0,0,109
6799,2013,500,309,0,381,211,0,0,112
6800,2770,500,474,483,0,242,0,0,116
6801,1373,500,240,0,172,138,0,0,92
6802,4686,500,501,859,0,410,0,0,166
6803,2251,500,130,279,109,215,0,0,102
6804,2554,500,189,368,0,224,0,3467,40
6805,2507,500,194,280,327,247,500,0,113
6806,1622,500,101,275,126,152,0,0,98
6807,4503,500,292,0,500,443,0,0,162
6808,5243,500,616,1015,0,458,0,0,188
6809,2150,500,220,242,221,207,0,0,114
6810,3882,500,390,781,0,340,0,0,145
6811,1761,500,302,270,164,167,500,0,88
6812,2676,500,244,0,644,304,0,0,135
6813,5980,500,763,1120,0,523,0,0,193
6814,4690,500,437,0,675,488,0,0,192
6815,2341,500,223,0,372,245,0,0,116
6816,2085,0,96,265,56,189,0,0,77
6817,2321,500,127,0,510,252,0,0,125
6818,4012,500,382,0,406,392,0,0,151
6819,6337,500,1083,918,0,554,0,0,224
6820,1472,500,110,172,62,136,0,0,84
6821,1742,500,117,227,0,152,500,0,68
6822,3346,500,220,0,484,348,0,0,144
6823,2644,500,128,0,344,276,0,0,125
6824,2937,500,349,521,0,257,0,0,117
6825,3129,500,299,295,299,304,0,0,129
6826,7734,500,1610,0,1324,789,0,0,316
6827,4935,500,534,689,334,462,0,0,194
6828,2456,500,202,0,215,240,0,0,105
6829,3826,500,469,378,331,367,0,0,149
6830,2494,500,99,0,227,246,0,0,102
6831,3798,500,587,0,619,391,0,0,159
6832,11595,900,836,1062,1777,1161,0,0,436
6833,2500,500,390,0,444,256,0,0,131
6834,2091,500,179,249,219,200,0,0,116
6835,3782,500,386,383,381,378,0,0,158
6836,1737,500,167,0,285,178,0,0,101
6837,1608,500,230,317,0,140,500,0,76
6838,2240,500,188,246,186,215,0,0,111
6839,5178,500,828,0,811,520,0,0,221
6840,2894,500,205,0,442,303,0,0,132
6841,1450,500,79,0,332,157,0,0,96
6842,1756,500,118,170,60,162,0,0,81
6843,5574,500,589,913,281,512,0,0,201
6844,3500,500,218,303,318,340,0,0,135
6845,1824,500,380,0,287,191,0,0,103
6846,6929,500,1126,1257,351,635,500,0,248
6847,5965,500,445,489,1066,607,0,0,247
6848,4282,500,438,629,0,375,500,0,152
6849,2917,500,598,0,445,306,0,0,142
6850,2828,500,218,0,352,277,0,0,138
6851,3040,500,296,379,0,266,0,0,119
6852,2630,500,476,217,276,258,0,0,119
6853,4473,500,412,586,0,391,500,0,146
6854,1611,500,113,239,0,141,500,0,68
6855,3175,500,460,470,174,295,0,0,131
6856,3321,500,285,515,0,290,0,0,120
6857,1960,500,156,0,178,194,0,0,93
6858,5950,500,694,558,683,577,500,0,223
6859,4628,500,737,456,623,456,0,0,199
6860,4334,500,519,688,458,428,0,0,189
6861,2157,500,213,166,254,214,0,0,107
6862,5278,500,629,0,897,537,0,0,226
6863,5151,500,991,0,724,511,500,0,200
6864,1002,500,93,109,111,97,0,0,78
6865,4228,500,280,631,228,391,0,0,152
6866,2193,500,347,0,171,216,0,0,93
6867,10462,900,618,0,1886,1070,0,0,449
6868,1434,500,0,0,125,147,0,0,77
6869,3908,500,418,657,225,362,0,0,162
6870,3620,500,384,0,555,376,0,0,166
6871,4207,500,696,390,521,414,500,0,162
6872,4444,500,503,482,433,427,0,0,168
6873,2059,500,335,219,173,196,0,0,109
6874,2214,500,476,0,331,225,0,0,114
6875,1680,500,174,129,175,165,500,0,80
6876,5598,500,1142,0,952,576,8769,0,47
6877,6878,500,486,0,1045,688,0,0,267
6878,2686,500,157,269,231,263,0,0,110
6879,3031,500,472,183,431,302,0,0,148
6880,2964,500,392,533,0,267,0,0,123
6881,4294,500,472,0,654,427,500,0,179
6882,6862,500,556,588,956,685,9559,0,60
6883,6862,500,0,1238,0,618,0,0,220
6884,1739,500,209,0,248,173,0,0,104
6885,2587,500,187,271,306,254,0,0,126
6886,2231,500,170,0,235,225,0,0,103
6887,3241,500,463,257,327,316,0,0,135
6888,5728,500,326,1026,0,501,0,0,195
6889,8379,500,917,914,944,817,0,0,299
6890,1977,500,100,377,0,174,0,0,100
6891,2674,500,193,0,456,277,0,0,128
6892,3673,500,316,0,580,381,0,0,151
6893,2131,500,143,282,0,186,0,0,101
6894,3948,500,553,0,763,407,0,0,197
6895,3919,500,374,411,538,403,0,0,162
6896,1137,500,105,197,121,110,0,0,83
6897,2776,500,290,0,334,275,0,0,128
6898,3026,500,456,232,416,309,0,0,136
6899,3300,500,459,572,0,289,0,0,123
6900,2772,500,273,282,218,271,0,0,125
6901,3142,500,215,0,479,318,500,0,136
6902,1633,500,238,162,0,142,0,0,81
6903,1685,500,273,0,280,172,500,0,88
6904,3489,500,357,428,522,354,0,0,148
6905,6406,500,447,0,1047,668,0,0,248
6906,3722,500,0,395,402,359,0,0,166
6907,1897,500,88,236,168,182,0,0,96
6908,4844,500,288,526,485,465,0,0,192
6909,4780,500,294,374,498,466,500,0,167
6910,6216,500,458,584,991,624,0,0,260
6911,5089,500,580,815,926,529,0,0,206
6912,2478,500,170,358,217,238,0,304,109
6913,3291,500,225,485,394,326,500,0,127
6914,4637,500,844,0,591,475,0,0,177
6915,5498,500,662,503,849,554,0,0,232
6916,1220,500,169,149,39,112,574,0,64
6917,2417,500,222,243,223,233,0,0,115
6918,1994,500,367,418,0,175,0,0,101
6919,1543,500,170,206,0,135,0,0,87
6920,3448,500,0,312,336,334,0,0,140
6921,2838,500,454,527,203,265,0,0,136
6922,3290,500,511,642,0,288,0,0,132
6923,1952,500,222,305,108,181,0,0,101
6924,6025,500,380,0,1040,613,0,0,250
6925,4047,500,0,0,480,414,0,0,170
6926,1337,500,80,100,75,134,0,0,77
6927,3575,500,216,0,557,369,0,0,146
6928,4779,500,324,0,706,482,0,0,190
6929,2739,500,457,0,433,277,4406,0,43
6930,7420,500,848,0,1224,759,0,0,280
6931,2935,500,511,290,397,290,0,0,147
6932,13850,900,1502,2999,0,1212,0,0,472
6933,3089,500,500,512,0,270,0,0,121
6934,2050,500,117,0,185,212,500,0,78
6935,6013,500,351,929,270,550,0,0,210
6936,4571,500,420,827,0,412,0,0,153
6937,12368,900,1557,0,2032,1245,0,0,488
6938,3372,500,579,0,555,343,0,0,158
6939,2702,500,326,0,442,273,0,1258,116
6940,3255,500,402,395,0,285,0,0,121
6941,6665,500,341,1208,0,583,0,0,229
6942,1569,500,303,266,0,137,0,0,82
6943,2057,500,230,267,241,207,0,0,100
6944,3546,500,714,270,554,363,0,0,159
6945,5879,500,995,697,675,573,0,0,237
6946,825,500,69,0,118,87,500,0,54
6947,3644,500,218,0,549,375,0,0,170
6948,3634,500,739,507,280,346,0,0,149
6949,3413,500,224,300,442,336,0,0,160
6950,1868,0,260,233,107,175,1829,0,35
6951,12614,900,855,1828,812,1172,0,0,445
6952,1693,500,113,0,179,169,0,0,91
6953,6713,500,345,874,516,635,0,666,213
6954,3167,500,210,0,449,327,0,0,140
6955,5382,500,787,782,449,511,500,665,160
6956,1510,500,140,182,118,145,0,0,87
6957,2582,500,226,0,385,265,0,0,119
6958,1953,500,115,223,347,212,0,0,98
6959,2305,500,179,0,284,233,0,0,121
6960,3533,500,371,370,362,343,0,0,158
6961,3318,500,604,0,574,344,0,5340,40
6962,1460,500,113,0,164,145,0,0,87
6963,2349,500,409,348,0,206,0,0,95
6964,1783,500,127,336,0,156,0,0,96
6965,3730,500,609,0,397,368,0,0,149
6966,2131,500,70,116,243,218,0,0,98
6967,1726,500,337,0,229,175,0,0,94
6968,4367,500,302,0,735,446,0,0,188
6969,3135,500,191,0,392,311,0,0,149
6970,1474,500,209,209,122,142,500,0,74
6971,5932,500,316,599,702,583,0,969,217
6972,1870,500,158,0,204,189,0,0,92
6973,2823,500,452,561,0,248,0,0,115
6974,4738,500,324,807,324,441,0,0,189
6975,2421,500,340,328,125,226,0,0,104
6976,2381,500,666,429,150,222,0,0,113
6977,1875,500,464,329,153,176,0,0,107
6978,2178,500,1089,632,0,190,0,0,116
6979,3352,500,191,369,256,322,0,0,133
6980,12993,900,860,1413,1359,1254,0,0,448
6981,2756,500,292,508,0,241,0,0,117
6982,3836,500,503,493,224,359,0,0,147
6983,13317,900,1402,2791,0,1165,0,0,445
6984,2292,500,269,0,306,235,0,0,109
6985,1502,500,246,0,200,156,500,0,68
6986,8608,500,908,804,1466,875,0,0,324
6987,3614,500,652,0,436,353,0,0,167
6988,3259,500,0,582,0,285,0,0,136
6989,1801,500,95,0,281,184,0,0,102
6990,4752,500,315,0,654,468,0,0,202
6991,3081,500,277,0,391,309,0,0,135
6992,8868,500,1450,1374,594,827,0,0,322
6993,6704,500,1482,0,1001,679,0,0,267
6994,6136,500,693,962,339,568,500,0,200
6995,2561,500,463,263,435,259,0,0,136
6996,1007,500,89,146,118,100,0,0,77
6997,1571,500,333,0,227,160,0,0,93
6998,1246,500,78,0,119,127,0,0,76
6999,1341,500,88,122,81,127,0,0,77
7000,2135,500,153,0,287,215,0,0,109
7001,5428,500,351,0,860,545,0,0,225
7002,11471,900,1811,2517,0,1004,0,0,406
7003,2636,500,146,308,117,245,500,0,93
7004,1366,500,113,290,0,119,0,0,87
7005,2247,500,91,228,0,196,0,0,100
7006,2511,500,126,225,220,242,0,0,118
7007,2956,500,229,370,357,299,0,0,122
7008,1490,500,115,168,59,138,0,0,80
7009,2829,500,425,587,0,248,500,0,107
7010,4083,500,404,799,0,357,0,0,155
7011,3951,500,627,755,0,346,500,0,128
7012,3341,500,404,0,589,343,500,0,138
7013,6827,500,745,1155,516,642,0,0,251
7014,3278,500,442,539,144,300,0,0,138
7015,2150,500,160,0,256,211,500,0,97
7016,2050,500,168,0,232,207,0,0,97
7017,1952,500,431,182,234,192,0,0,106
7018,5792,500,584,780,529,556,0,0,205
7019,3227,500,195,642,0,282,0,0,136
7020,1770,500,166,273,162,170,0,0,97
7021,3095,500,380,0,385,323,500,0,114
7022,2816,500,0,0,400,287,0,0,123
7023,4289,500,867,0,466,416,0,0,185
7024,2276,500,221,364,110,209,0,0,113
7025,8212,500,814,1610,0,720,0,0,270
7026,6983,500,401,0,870,683,0,0,266
7027,4121,500,217,621,266,385,0,0,159
7028,9035,500,1567,1084,1106,886,500,0,291
7029,3716,500,200,599,219,344,0,0,153
7030,2436,500,145,384,0,213,500,0,79
7031,7844,500,777,1538,0,706,500,0,245
7032,2370,500,200,294,259,238,0,0,106
7033,2969,500,349,501,441,298,0,0,145
7034,2097,500,561,0,387,219,0,0,121
7035,2831,500,519,419,219,270,0,0,120
7036,9893,500,1004,1990,0,865,0,0,322
7037,5048,500,546,669,414,478,0,0,191
7038,1743,500,303,204,59,161,0,0,88
7039,1987,500,152,0,285,200,0,3125,40
7040,4253,500,501,0,492,414,0,0,179
7041,1775,500,155,192,188,182,0,0,92
7042,2999,500,469,471,209,280,500,0,120
7043,1479,500,163,216,0,130,0,0,90
7044,6272,500,1101,0,705,607,0,0,255
7045,8405,500,552,747,1138,831,0,0,308
7046,3703,500,902,481,387,367,500,0,158
7047,585,500,56,55,62,58,500,0,49
7048,1775,500,175,130,176,174,0,0,94
7049,6447,500,414,974,386,599,0,0,225
7050,5990,500,381,0,771,614,0,0,223
7051,5498,500,578,0,950,583,0,0,215
7052,1864,500,248,167,177,182,0,0,95
7053,2751,500,228,0,341,276,0,0,120
7054,3733,500,382,758,0,327,0,0,152
7055,1405,500,222,0,339,155,0,0,103
7056,2690,500,409,283,223,257,0,0,125
7057,3938,500,372,530,367,379,0,0,169
7058,7479,500,883,1007,568,704,0,0,268
7059,2440,500,166,320,0,214,500,0,83
7060,4256,500,222,0,716,440,0,0,180
7061,3277,500,317,0,500,339,0,0,138
7062,4677,500,495,0,831,482,1115,0,173
7063,2682,500,200,510,0,235,0,0,125
7064,3472,500,460,674,0,304,500,479,111
7065,1703,500,80,0,222,172,0,0,93
7066,6591,500,763,0,1126,672,0,1458,231
7067,1113,500,121,0,116,112,0,0,75
7068,2278,500,171,148,178,219,0,0,100
7069,5049,500,776,777,0,441,500,0,185
7070,2365,500,231,174,226,230,3553,0,41
7071,2681,500,315,489,246,254,0,0,134
7072,6005,500,744,980,309,553,0,663,200
7073,4864,500,522,700,359,457,0,0,191
7074,1312,500,96,220,0,115,500,0,63
7075,1583,500,99,0,200,163,0,0,86
7076,3618,500,900,0,535,361,0,0,164
7077,20546,900,2404,2975,1842,1948,0,0,719
7078,3203,500,484,0,188,305,0,0,145
7079,3597,500,439,746,0,315,0,0,149
7080,6976,500,403,0,1194,709,0,0,283
7081,1848,500,88,236,167,178,0,0,96
7082,3496,500,227,0,474,362,500,0,141
7083,5609,500,577,0,0,491,500,0,186
7084,2354,500,221,383,0,206,0,0,104
7085,2929,500,160,295,204,279,0,0,126
7086,4506,500,311,394,744,458,500,0,174
7087,28551,900,3337,5224,2215,2671,0,0,973
7088,2199,500,279,329,0,192,0,0,93
7089,7624,500,867,1628,0,667,0,0,239
7090,1796,500,360,282,0,157,0,0,96
7091,4979,500,282,868,0,435,0,0,181
7092,5717,500,547,779,0,500,0,0,193
7093,7110,500,785,0,1227,730,10353,0,48
7094,1861,500,162,230,163,179,0,0,97
7095,2675,500,226,293,209,255,500,0,100
7096,3918,500,409,380,416,384,500,0,138
7097,2481,500,369,375,0,217,0,0,113
7098,4186,500,467,0,626,435,0,0,181
7099,6147,500,368,1173,0,551,0,0,216
7100,26415,4700,0,0,0,0,0,0,0
7101,5311,500,536,0,826,540,0,0,225
7102,5597,500,360,889,445,528,0,0,207
7103,4798,500,484,914,0,420,0,0,183
7104,2382,500,252,280,270,230,0,0,124
7105,6672,500,347,665,640,643,0,0,230
7106,6423,500,369,1173,0,562,0,0,219
7107,4507,500,617,692,371,438,0,0,189
7108,2883,500,595,0,438,293,0,0,136
7109,4436,500,276,686,169,403,0,0,166
7110,2112,500,259,140,167,204,0,0,97
7111,2979,500,429,492,122,271,0,0,127
7112,2642,500,318,312,359,261,500,0,126
7113,4210,500,413,407,337,402,0,0,158
7114,5192,500,792,0,1001,536,0,0,221
7115,2508,500,578,580,0,219,500,0,104
7116,7273,500,861,1674,0,636,0,0,251
7117,3346,500,196,643,0,293,500,0,128
7118,4598,500,558,1110,0,403,0,0,182
7119,7274,500,813,826,706,697,552,0,257
7120,2657,500,410,0,336,264,0,0,125
7121,4520,500,319,0,671,467,0,0,187
7122,2762,500,580,0,394,287,0,0,118
7123,1686,500,244,0,0,148,0,0,78
7124,4052,500,0,388,462,396,0,0,172
7125,3456,500,216,0,554,362,500,0,145
7126,3210,500,589,0,503,332,0,0,139
7127,1918,500,200,155,184,186,0,0,101
7128,2108,500,0,238,63,192,0,0,97
7129,1523,500,242,0,130,156,500,0,62
7130,2022,500,114,288,0,177,0,0,103
7131,3557,500,0,627,0,311,0,0,147
7132,6203,500,562,0,1124,646,0,0,239
7133,6859,500,356,1125,318,627,0,0,243
7134,2997,500,185,0,356,310,0,0,123
7135,1608,500,195,181,81,151,0,0,81
7136,2609,500,276,0,562,282,0,0,131
7137,5949,500,642,1280,0,520,0,0,223
7138,3066,500,189,0,332,304,0,0,127
7139,1721,500,108,0,259,183,500,0,74
7140,4085,500,569,619,170,375,0,0,156
7141,4483,500,500,0,468,451,0,0,170
7142,3183,500,310,485,217,298,500,0,122
7143,3892,500,628,0,662,395,0,0,182
7144,9322,500,1483,2064,0,816,0,0,329
7145,2041,500,157,151,226,202,0,0,98
7146,2982,500,194,0,352,298,0,0,127
7147,2400,500,368,519,0,210,0,0,116
7148,1795,500,178,267,166,174,0,0,97
7149,3344,500,253,683,0,293,0,0,140
7150,9293,500,999,1559,613,866,0,0,321
7151,5496,500,342,693,0,481,0,0,185
7152,4343,500,634,387,500,425,0,0,188
7153,1588,500,87,0,277,166,0,0,103
7154,2110,500,0,284,0,185,0,0,88
7155,2378,500,688,343,170,228,0,0,111
7156,4514,500,518,0,725,456,0,6712,40
7157,3181,500,431,0,0,286,0,0,130
7158,3537,500,447,468,246,333,0,0,134
7159,27552,2748,0,0,0,0,0,0,0
7160,2165,500,160,0,284,215,0,0,114
7161,3128,500,218,584,0,273,0,0,126
7162,2141,500,126,0,354,217,500,0,109
7163,1768,500,102,153,294,180,0,2844,38
7164,10422,900,1102,1585,762,975,0,0,371
7165,2007,500,211,0,245,197,0,0,109
7166,3551,500,556,771,0,311,500,4917,40
7167,4666,500,520,648,0,409,0,0,180
7168,4121,500,909,0,429,400,0,0,166
7169,2378,500,347,232,226,232,500,0,97
7170,2403,500,160,404,0,211,0,0,106
7171,2681,500,334,0,415,267,0,0,139
7172,2520,500,357,0,289,257,0,0,118
7173,10247,900,624,0,1323,1006,0,0,410
7174,2183,500,161,227,223,218,0,0,118
7175,5163,500,331,0,788,527,0,0,199
7176,3166,500,598,322,226,309,500,0,121
7177,3444,500,222,0,382,338,0,0,136
7178,3493,500,434,424,0,306,0,0,131
7179,1707,500,327,285,0,149,0,0,96
7180,2602,500,212,450,420,262,0,0,128
7181,2421,500,554,376,195,229,0,0,124
7182,6841,500,822,935,1145,697,0,0,269
7183,1758,500,166,0,285,184,0,0,97
7184,2592,500,570,200,228,252,0,0,112
7185,2979,500,427,587,0,261,500,0,103
7186,3492,500,285,371,237,331,0,0,137
7187,4130,500,302,0,814,432,0,0,181
7188,2041,500,119,140,147,199,0,0,91
7189,4893,500,300,833,0,428,0,0,162
7190,4809,500,304,0,680,485,0,0,188
7191,2520,500,193,0,307,263,579,0,98
7192,3290,500,486,492,221,307,0,0,141
7193,1397,500,171,0,211,140,0,0,93
7194,4470,500,458,909,0,391,0,0,178
7195,4300,500,959,1018,0,376,0,0,173
7196,3380,500,153,0,446,344,0,0,135
7197,1246,500,0,68,82,120,0,0,76
7198,5303,500,536,0,615,522,0,0,195
7199,9330,500,620,0,1132,912,0,0,332
7200,1086,500,107,81,148,111,0,0,78
7201,1334,500,123,135,60,126,500,0,63
7202,2334,500,126,0,389,241,0,0,118
7203,2070,500,265,0,224,207,0,0,102
7204,7421,500,868,1096,523,694,500,0,246
7205,1718,500,175,291,112,160,500,0,83
7206,1759,500,336,271,107,164,0,0,96
7207,1838,500,175,161,113,173,500,0,77
7208,4460,500,673,585,387,429,0,0,166
7209,3975,500,229,0,638,409,0,0,169
7210,5194,500,608,0,953,538,0,0,227
7211,1493,500,57,179,237,158,0,0,88
7212,21569,900,1352,3648,782,1951,0,0,685
7213,1438,500,101,89,162,145,0,0,84
7214,3366,500,514,711,0,294,0,0,141
7215,1087,500,94,109,112,106,500,0,65
7216,1838,500,199,158,83,173,0,0,83
7217,2460,500,425,0,233,244,0,0,109
7218,7487,500,552,0,1456,793,0,0,302
7219,1728,500,279,86,104,167,0,0,85
7220,3608,500,368,0,0,316,0,0,142
7221,1929,500,375,366,0,168,0,0,99
7222,1502,500,199,241,0,132,500,0,65
7223,4829,500,573,0,731,485,500,0,184
7224,1483,500,92,177,0,131,0,0,76
7225,4777,500,932,1100,0,418,0,0,189
7226,5298,500,478,1043,0,464,0,0,178
7227,7651,500,485,0,995,757,0,0,273
7228,4846,500,526,416,579,476,0,0,193
7229,3659,500,647,788,0,321,500,0,126
7230,2375,500,201,0,458,258,0,0,120
7231,3185,500,276,363,198,300,0,0,121
7232,1945,500,245,180,127,193,0,0,89
7233,4345,500,406,578,328,411,0,0,168
7234,2439,500,185,281,297,238,0,0,124
7235,6159,500,635,911,0,539,500,0,205
7236,5700,500,606,934,429,536,0,0,213
7237,1518,0,89,0,117,148,0,0,65
7238,1688,0,0,0,114,163,0,0,72
7239,3345,500,353,533,205,311,0,0,138
7240,2956,500,255,360,0,259,0,0,118
7241,2028,500,124,237,0,177,0,0,84
7242,3837,500,490,663,0,346,0,0,142
7243,2172,500,145,155,215,213,0,0,107
7244,4787,500,501,0,608,474,0,0,192
7245,1763,500,130,268,113,165,0,0,95
7246,4222,500,555,0,599,421,0,0,191
7247,8198,500,1138,0,1256,844,0,0,312
7248,1756,500,117,0,233,182,0,0,92
7249,1885,500,96,0,276,192,0,0,103
7250,11222,900,2066,1152,1612,1112,0,0,455
7251,1950,500,115,136,117,187,500,0,73
7252,2849,500,129,0,346,289,0,0,119
7253,7200,500,483,786,784,697,0,0,271
7254,5436,500,1154,0,815,549,500,0,199
7255,2618,500,164,358,161,245,0,0,111
7256,3923,500,896,944,0,343,0,0,149
7257,4171,500,268,597,566,420,0,107,160
7258,2850,500,0,546,0,250,0,0,134
7259,1954,500,310,292,289,203,0,0,112
7260,1589,500,230,0,190,161,0,0,89
7261,1738,500,149,293,0,152,0,0,89
7262,2391,500,373,416,0,210,0,0,103
7263,5600,500,662,0,951,573,500,0,214
7264,4152,500,228,581,322,391,0,0,167
7265,3702,500,747,743,0,324,0,0,141
7266,1351,500,71,201,0,119,0,0,84
7267,3052,500,463,0,451,319,0,0,135
7268,3142,500,139,0,567,338,0,0,137
7269,3035,500,296,379,0,265,0,0,114
7270,2025,500,444,387,126,188,0,0,109
7271,1459,500,62,177,57,134,500,0,66
7272,2644,0,0,0,446,271,0,0,121
7273,1686,500,141,286,110,157,0,0,100
7274,2444,500,180,0,442,256,0,704,100
7275,2955,500,319,0,387,296,0,0,134
7276,4093,500,490,846,0,358,0,0,162
7277,6032,500,344,992,678,585,0,0,231
7278,1603,500,259,171,139,153,0,0,93
7279,7445,500,437,1086,859,723,0,0,276
7280,8409,500,972,1673,0,736,500,0,263
7281,2778,500,327,0,397,283,500,0,106
7282,1602,500,96,0,297,178,2673,0,40
7283,7543,500,858,0,1043,751,0,0,283
7284,1678,500,258,0,213,167,0,0,101
7285,3386,500,211,499,141,309,0,0,134
7286,1964,500,127,238,0,172,500,0,80
7287,2631,500,227,320,0,231,0,0,110
7288,4609,500,537,964,0,404,0,0,178
7289,5077,500,813,459,578,496,0,0,199
7290,6785,500,694,1065,510,641,9130,0,49
7291,1841,500,57,180,64,170,0,0,84
7292,2325,500,223,330,118,215,0,0,106
7293,4037,500,426,403,369,389,0,0,162
7294,1521,500,253,343,0,133,0,0,94
7295,1919,500,82,0,344,207,0,0,99
7296,3396,500,222,322,337,330,0,0,140
7297,2087,500,104,153,248,208,0,0,104
7298,9888,500,654,2027,0,865,0,0,326
7299,5169,500,510,0,577,503,0,0,206
7300,1325,500,237,298,0,116,0,0,86
7301,3499,500,211,319,310,338,500,0,126
7302,2967,500,223,429,170,274,0,0,132
7303,3895,500,452,350,454,380,0,0,167
7304,7558,500,900,1390,739,721,0,0,294
7305,2730,500,223,434,0,239,0,0,114
7306,1456,500,273,185,168,150,500,0,74
7307,2425,500,131,339,0,218,500,0,81
7308,3132,500,351,0,215,293,500,0,133
7309,8478,500,830,1642,0,743,0,0,275
7310,8709,500,1080,837,1184,860,0,0,335
7311,5892,500,575,0,744,585,0,0,213
7312,3292,500,213,0,381,324,0,0,146
7313,2927,500,148,467,0,257,0,0,125
7314,1441,500,121,0,217,148,500,0,83
7315,2490,500,238,432,0,218,0,0,108
7316,4406,500,469,0,782,462,0,0,193
7317,2316,500,114,0,335,240,0,847,98
7318,3601,500,819,0,609,366,0,0,170
7319,2389,500,403,368,160,223,0,0,124
7320,2154,500,154,307,0,189,0,0,91
7321,4387,500,329,507,434,419,0,0,191
7322,6378,500,699,699,665,618,0,0,238
7323,4645,500,132,0,810,494,0,0,192
7324,2276,500,158,0,436,244,0,0,130
7325,2414,500,168,0,462,250,0,0,135
7326,4527,500,517,0,670,468,0,670,174
7327,3273,500,431,424,0,287,0,0,127
7328,1882,500,329,284,0,165,500,0,86
7329,1597,500,173,129,174,157,0,0,92
7330,15962,900,1057,1763,1687,1539,500,0,528
7331,2552,500,225,331,119,236,0,0,107
7332,2905,500,293,162,332,283,0,0,139
7333,4710,500,332,509,487,455,0,0,191
7334,4541,500,492,0,616,447,500,0,196
7335,4958,500,531,540,493,478,0,0,195
7336,3806,500,237,0,602,381,0,0,187
7337,2242,500,200,289,293,229,0,0,106
7338,2863,500,227,0,228,276,4094,0,42
7339,4132,500,942,641,352,391,0,0,176
7340,2117,500,226,0,249,210,0,0,106
7341,7548,500,545,1726,0,661,0,1540,232
7342,7414,500,1372,0,1242,751,0,0,308
7343,2112,500,144,329,222,205,0,0,116
7344,2456,500,408,0,440,253,558,0,115
7345,13149,900,2819,0,2531,1396,0,0,525
7346,2110,500,372,235,223,205,500,0,94
7347,1522,500,302,266,0,133,0,0,82
7348,2847,500,128,0,0,257,0,0,112
7349,3105,500,189,0,333,308,0,0,125
7350,4620,500,542,541,485,445,0,661,173
7351,10449,900,1842,0,1603,1051,500,0,398
7352,1674,500,256,0,128,162,500,0,70
7353,7532,500,551,0,1430,774,0,0,310
7354,7779,500,524,1111,1023,768,0,0,285
7355,3264,500,493,265,410,321,0,0,150
7356,2571,500,577,0,398,276,0,0,112
7357,2063,500,151,227,93,193,0,0,91
7358,4433,500,748,445,522,430,0,0,191
7359,3192,500,0,187,519,326,0,0,152
7360,6079,500,1362,911,607,584,0,0,249
7361,1396,500,78,0,331,151,0,0,95
7362,3057,500,341,0,384,312,0,0,145
7363,6547,500,1077,0,852,650,0,0,253
7364,1345,500,70,269,0,118,0,0,84
7365,6346,500,1420,753,605,609,0,0,226
7366,1284,500,292,206,57,118,0,0,81
7367,6630,500,683,1356,0,580,0,0,234
7368,4056,500,273,0,551,406,0,0,176
7369,2961,500,116,360,113,271,0,0,116
7370,4206,500,261,467,379,400,0,0,174
7371,20712,900,1276,0,3613,2111,0,0,731
7372,4176,500,445,529,468,409,0,0,169
7373,5196,500,803,548,509,504,0,0,192
7374,5302,500,548,0,579,513,900,0,178
7375,9985,900,610,0,1982,1041,0,0,383
7376,3753,500,464,673,0,329,500,0,128
7377,2236,500,172,0,231,229,0,0,103
7378,20125,900,2075,4310,0,1761,0,118,626
7379,4812,500,329,0,794,493,0,0,192
7380,4441,500,973,573,541,446,0,0,191
7381,6845,500,359,529,939,677,0,0,262
7382,4808,500,322,0,754,505,500,0,173
7383,5162,500,1120,962,214,470,0,0,192
7384,2873,500,322,407,0,251,0,0,124
7385,5672,500,311,575,428,551,500,0,194
7386,2340,500,156,0,281,243,0,0,109
7387,5199,500,831,0,820,538,0,0,216
7388,2155,500,142,179,200,211,0,1799,55
7389,6895,500,437,0,0,614,0,0,222
7390,2192,500,198,296,173,210,0,0,103
7391,1583,500,193,215,0,139,0,0,79
7392,4402,500,1663,867,272,411,0,0,170
7393,2581,500,135,0,490,267,0,0,140
7394,2737,500,146,392,0,247,0,0,108
7395,1476,500,302,223,57,136,0,0,83
7396,3513,500,615,0,538,363,0,0,168
7397,7006,500,2117,0,1599,766,0,0,324
7398,2461,500,141,248,278,248,0,0,107
7399,5248,500,613,631,599,507,0,0,212
7400,2916,500,153,0,494,299,0,0,136
7401,1873,500,175,255,135,178,0,0,94
7402,5699,500,570,1128,0,499,0,0,198
7403,3001,500,457,470,173,279,0,0,125
7404,3646,500,338,0,424,362,0,0,144
7405,910,500,74,0,114,92,500,0,57
7406,4298,500,501,490,403,411,0,0,174
7407,3214,500,693,396,382,314,0,0,144
7408,2207,500,559,0,207,213,500,0,96
7409,1685,500,0,0,114,162,0,0,85
7410,2397,500,222,0,223,231,0,0,114
7411,3171,500,193,472,0,285,0,0,122
7412,2206,500,178,0,336,222,0,0,124
7413,1519,500,236,242,155,148,0,0,93
7414,2301,500,92,267,126,216,0,0,98
7415,1819,500,552,0,331,186,500,0,96
7416,4908,500,1132,951,269,452,0,0,202
7417,1518,500,92,177,0,134,0,0,76
7418,2023,500,89,0,226,200,500,0,96
7419,4518,500,295,858,0,395,500,0,155
7420,2286,500,230,303,0,200,0,0,93
7421,1182,500,122,187,89,111,0,0,80
7422,8191,500,1912,1860,0,728,0,0,286
7423,2234,500,164,0,290,223,0,0,112
7424,3911,500,372,482,374,391,0,0,151
7425,4751,500,258,0,797,489,500,0,177
7426,3145,500,301,148,466,323,0,0,136
7427,4418,500,548,893,0,387,500,0,153
7428,1076,0,54,172,60,99,0,0,63
7429,3731,500,499,0,515,388,0,0,154
7430,5451,500,343,951,0,476,0,0,179
7431,2368,500,232,0,290,237,0,0,117
7432,8637,500,955,1003,925,833,0,0,310
7433,3046,500,127,395,232,291,0,0,122
7434,3211,500,291,0,476,332,0,0,132
7435,3058,500,330,0,459,310,0,0,148
7436,3092,500,463,0,507,319,0,0,140
7437,1616,500,259,0,337,172,0,0,103
7438,5334,0,790,0,774,535,0,0,198
7439,3684,500,193,0,607,379,0,0,155
7440,4057,500,571,458,460,396,0,0,170
7441,2359,500,371,0,601,266,0,0,129
7442,2116,500,252,247,220,204,0,0,108
7443,1405,500,0,0,180,148,0,0,81
7444,6218,500,681,721,594,594,500,0,226
7445,4261,500,620,710,227,393,0,0,167
7446,1796,500,257,320,0,157,0,0,91
7447,1019,500,161,0,170,106,0,0,78
7448,5341,500,293,0,864,547,0,0,204
7449,5129,500,370,0,798,530,0,0,212
7450,1770,500,334,322,0,155,500,0,70
7451,5228,500,607,0,801,528,0,0,219
7452,7373,500,1190,0,789,717,0,0,275
7453,2246,500,200,328,113,207,0,0,106
7454,2947,500,426,0,329,296,500,0,117
7455,2156,500,318,0,387,220,500,0,106
7456,2800,500,470,478,133,257,0,0,128
7457,2962,500,1137,0,335,295,0,0,118
7458,4256,500,719,958,0,372,0,0,172
7459,1437,500,169,286,0,125,500,0,71
7460,1689,500,140,341,0,148,0,0,95
7461,6428,500,666,998,383,598,0,0,238
7462,2499,500,520,441,169,234,0,0,122
7463,4455,500,455,0,627,452,500,0,147
7464,2105,500,75,140,117,200,0,0,90
7465,4523,500,226,0,683,462,500,0,172
7466,8727,500,1009,0,619,819,0,0,320
7467,4451,500,565,609,416,441,0,0,176
7468,2794,500,225,316,124,258,0,0,114
7469,8202,500,937,747,1001,804,0,0,304
7470,5974,500,372,1193,0,523,0,0,212
7471,3815,500,421,569,276,358,0,0,163
7472,5916,500,686,1144,0,518,0,0,204
7473,4398,500,793,442,707,443,0,0,208
7474,2764,500,216,0,0,242,0,0,102
7475,5027,500,538,962,0,440,0,0,331
7476,3052,500,0,0,475,318,0,0,152
7477,3714,500,439,528,396,357,0,0,166
7478,4029,500,0,593,182,369,0,0,157
7479,1216,500,322,166,104,115,0,0,85
7480,1363,500,92,116,120,133,0,0,82
7481,3357,500,300,441,187,314,0,0,128
7482,806,500,177,0,106,81,0,0,72
7483,4216,500,991,428,458,408,2208,0,117
7484,1601,500,73,0,165,157,0,0,88
7485,3352,500,281,0,340,329,500,0,120
7486,2427,500,182,0,346,244,0,0,122
7487,5510,500,396,0,865,552,0,0,227
7488,3448,500,676,0,359,337,0,0,143
7489,4142,500,491,0,607,425,0,0,184
7490,4193,500,218,416,395,403,500,0,156
7491,1567,500,64,0,168,157,0,0,84
7492,1497,0,0,90,120,148,0,0,63
7493,1549,500,157,200,178,158,0,0,91
7494,4255,500,973,0,923,446,0,0,212
7495,3462,500,433,390,340,338,0,0,137
7496,6224,500,991,1151,0,545,0,0,228
7497,4311,500,839,0,555,430,0,0,168
7498,2707,500,320,0,347,277,0,0,117
7499,2296,500,264,268,0,200,0,3260,40
7500,6676,500,1469,0,1056,668,0,0,292
7501,8275,500,448,707,1002,811,0,0,304
7502,9143,500,1260,0,1368,914,0,0,351
7503,2998,500,0,417,159,277,0,0,128
7504,3938,500,388,0,435,389,0,0,154
7505,3326,500,611,0,607,340,0,0,160
7506,4326,500,507,0,0,378,0,0,164
7507,1902,500,216,173,271,190,0,0,107
7508,2152,500,325,135,157,208,0,0,94
7509,4412,500,394,0,502,448,0,0,166
7510,7585,500,851,654,1150,768,0,0,280
7511,4303,500,300,688,0,377,0,0,164
7512,1443,500,292,163,107,143,0,0,86
7513,2236,500,126,0,387,231,0,0,118
7514,1750,500,108,0,180,179,500,0,80
7515,7671,500,783,0,1193,773,500,0,290
7516,3509,500,322,256,421,351,0,0,144
7517,2548,500,192,208,253,253,0,0,115
7518,4399,500,496,504,480,426,0,0,190
7519,8412,500,902,1652,0,736,0,0,283
7520,14285,900,1554,0,0,1286,0,654,472
7521,3168,500,380,0,535,321,0,0,156
7522,1762,500,0,132,167,174,500,0,75
7523,3841,500,657,618,313,362,0,0,167
7524,3286,500,278,0,331,324,0,0,128
7525,3280,500,384,0,291,319,0,0,129
7526,6364,500,337,0,751,627,0,0,224
7527,2467,500,429,0,298,241,0,0,129
7528,3290,500,376,679,0,288,500,0,132
7529,693,500,79,0,163,75,0,0,72
7530,3127,500,156,477,0,274,500,0,102
7531,4005,500,801,667,0,350,0,0,149
7532,3072,500,586,400,380,308,500,0,134
7533,2354,500,201,0,457,256,0,0,117
7534,3840,500,667,727,0,336,0,0,160
7535,3181,500,326,647,0,278,0,0,137
7536,4299,500,498,0,749,451,0,0,195
7537,4898,500,972,1012,0,441,0,0,182
7538,2829,500,1129,339,282,276,500,0,182
7539,1167,500,91,57,163,117,0,0,82
7540,4606,500,1000,426,462,446,1114,0,160
7541,3053,500,485,563,0,267,0,0,138
7542,4643,500,1684,0,612,465,0,0,193
7543,3453,500,362,0,296,331,0,0,157
7544,1491,500,71,226,113,140,0,0,94
7545,5065,500,561,0,559,508,0,0,191
7546,1859,500,257,341,0,162,500,2779,40
7547,3686,500,265,523,0,322,4773,0,43
7548,7593,500,505,1419,0,664,0,0,249
7549,6565,500,750,0,751,659,0,0,255
7550,3183,500,335,0,457,322,0,0,141
7551,1701,500,122,178,115,163,0,0,84
7552,5304,500,835,921,375,497,0,0,196
7553,2833,500,468,381,279,279,0,0,117
7554,2191,500,179,372,176,207,0,0,115
7555,3784,500,521,337,569,382,0,0,165
7556,2990,500,200,234,325,292,0,0,130
7557,2897,500,360,201,229,280,0,0,114
7558,4948,500,667,0,906,510,0,0,222
7559,1943,500,62,0,120,188,0,0,86
7560,1974,500,192,0,245,198,0,0,102
7561,3002,500,542,354,310,290,0,0,146
7562,3757,500,285,637,208,346,0,0,161
7563,1572,500,202,136,114,151,500,0,71
7564,5317,500,293,0,814,555,0,0,204
7565,3303,500,365,0,384,323,0,0,148
7566,3037,500,325,410,0,266,0,0,129
7567,7606,500,898,0,1267,775,0,0,293
7568,2020,500,152,258,168,193,0,0,108
7569,2973,500,304,0,366,296,500,0,109
7570,1314,500,307,258,143,127,0,0,94
7571,3676,500,630,426,467,363,0,1843,120
7572,2664,500,234,0,230,260,1149,0,84
7573,3016,500,212,0,558,313,0,0,146
7574,6206,500,354,466,786,611,0,0,234
7575,3139,500,361,0,551,323,500,0,143
7576,2691,500,117,0,316,271,0,0,117
7577,3002,500,460,0,440,298,0,0,141
7578,3253,500,355,0,569,335,0,0,154
7579,3659,500,0,0,673,385,0,0,166
7580,4012,500,562,768,0,351,0,0,147
7581,3990,500,1666,0,711,420,0,120,180
7582,5229,500,556,1109,0,471,0,0,200
7583,3195,500,323,0,488,329,0,0,135
7584,6039,500,693,568,733,590,0,0,250
7585,2447,500,350,444,0,214,500,0,94
7586,1645,500,80,0,337,178,0,0,97
7587,3186,500,354,179,483,321,500,0,126
7588,4966,500,551,536,488,478,0,0,188
7589,6408,500,385,1033,393,595,8281,0,48
7590,4770,500,357,0,716,475,0,0,203
7591,2429,500,263,0,281,240,500,0,101
7592,1516,500,126,118,66,144,0,0,77
7593,2815,500,190,0,545,292,0,0,139
7594,1727,500,141,229,154,164,0,0,100
7595,5275,500,854,941,302,488,500,0,195
7596,4310,500,507,0,798,443,0,0,194
7597,1881,500,157,0,139,182,0,0,89
7598,4183,500,293,856,0,366,0,0,165
7599,5005,500,1138,636,485,479,0,0,213
7600,1796,500,151,0,273,186,0,0,106
7601,2946,500,382,0,437,297,500,0,131
7602,3547,500,433,389,272,339,0,0,135
7603,2172,500,148,224,222,210,0,0,107
7604,6043,500,397,763,464,570,0,0,223
7605,3083,500,321,0,551,325,0,0,153
7606,4820,500,607,0,889,494,0,0,213
7607,2371,500,148,401,0,207,0,0,104
7608,5133,500,314,715,0,449,0,0,188
7609,4646,500,331,508,441,444,500,0,177
7610,3559,500,248,0,534,359,0,0,159
7611,2109,500,0,0,230,212,0,0,100
7612,4652,500,342,0,721,467,500,0,182
7613,2282,500,153,264,112,211,0,0,103
7614,4289,500,425,703,0,375,0,0,169
7615,2177,500,317,264,220,208,0,0,120
7616,3785,500,359,357,326,364,500,0,135
7617,3670,500,283,0,0,321,0,0,155
7618,28959,900,3629,0,5102,2949,0,0,1055
7619,1438,500,257,186,0,127,500,0,58
7620,1387,500,77,94,57,136,0,0,75
7621,4779,500,504,356,932,502,0,0,187
7622,4083,500,344,486,0,357,0,0,147
7623,1835,500,329,393,0,161,0,0,97
7624,3396,500,466,0,334,333,500,0,128
7625,1789,500,159,125,223,181,0,0,152
7626,3468,500,553,348,412,337,500,0,146
7627,3516,500,229,0,450,352,0,0,149
7628,4075,500,260,468,489,396,0,0,181
7629,6703,500,685,1134,0,604,500,0,236
7630,4979,500,573,835,411,472,0,0,183
7631,4071,500,221,0,707,421,0,0,178
7632,3467,500,708,0,386,342,0,0,146
7633,4031,500,390,0,606,414,0,0,171
7634,3004,500,221,471,164,278,0,0,130
7635,3964,500,384,0,532,410,566,0,144
7636,14145,900,1556,2138,960,1318,500,0,463
7637,2745,500,188,245,309,266,0,0,132
7638,3269,500,331,0,500,330,0,0,152
7639,3224,500,301,231,388,324,0,0,132
7640,4556,500,339,428,560,443,0,0,199
7641,2020,500,157,123,186,200,0,0,94
7642,5945,500,671,0,1023,631,0,0,233
7643,2321,500,126,0,383,239,0,0,117
7644,4879,500,609,896,788,490,0,0,214
7645,2199,500,260,170,278,218,0,0,113
7646,2489,500,519,467,104,227,0,0,121
7647,1462,500,233,161,0,127,500,0,55
7648,3978,500,1658,0,614,399,0,0,181
7649,2728,500,284,0,302,267,0,0,133
7650,3520,500,829,0,500,348,0,831,147
7651,4858,500,804,0,783,498,0,0,201
7652,2396,0,335,0,186,234,0,0,91
7653,3206,500,198,0,295,312,0,0,132
7654,4295,500,918,0,664,439,0,0,170
7655,7551,500,967,1539,0,680,0,0,255
7656,1514,500,147,292,0,133,0,0,87
7657,3971,500,383,595,222,368,500,0,138
7658,2359,500,188,391,121,223,0,0,123
7659,2396,500,0,0,170,230,0,0,125
7660,1429,500,204,203,113,137,0,0,89
7661,1960,500,108,394,0,172,0,0,104
7662,2407,500,394,424,205,229,0,0,123
7663,3026,500,224,0,519,315,0,0,153
7664,2013,500,232,348,237,196,0,0,112
7665,2627,500,164,358,172,247,0,0,115
7666,1490,500,148,162,172,146,0,0,95
7667,1906,500,135,361,0,166,500,0,82
7668,2500,500,224,244,218,240,0,0,115
7669,4127,500,423,422,402,399,0,0,164
7670,11558,900,700,2226,0,1011,0,1072,346
7671,2111,500,344,0,348,216,0,3519,40
7672,1665,500,144,285,60,156,0,0,95
7673,3320,500,184,544,247,311,0,0,144
7674,3670,500,639,300,383,360,0,0,143
7675,4070,500,410,0,606,408,500,0,157
7676,6126,500,325,547,983,617,0,0,261
7677,1006,500,0,76,163,104,0,0,76
7678,6547,500,767,524,959,654,0,0,257
7679,2555,500,171,0,417,264,0,0,124
7680,2171,500,83,0,262,224,0,0,95
7681,3693,500,217,607,517,367,0,0,162
7682,13468,900,945,0,0,1212,0,0,446
7683,11921,900,2257,0,2176,1219,0,0,492
7684,1715,500,111,145,114,162,0,0,91
7685,3937,500,270,796,0,344,500,0,145
7686,1275,500,108,170,0,112,0,0,80
7687,3477,500,436,749,0,313,0,0,149
7688,4073,500,730,561,0,357,0,0,156
7689,5969,500,1043,0,662,583,0,0,224
7690,3669,500,485,784,0,331,0,0,155
7691,2129,500,267,237,278,219,0,0,104
7692,3411,500,377,683,0,299,0,0,140
7693,3619,500,519,0,489,360,0,0,164
7694,24377,2418,0,0,0,0,0,0,0
7695,2295,500,266,205,367,233,0,0,121
7696,3089,500,452,430,153,287,0,0,125
7697,3235,500,191,434,165,300,0,0,126
7698,4389,500,671,0,729,452,500,0,172
7699,2148,500,279,257,110,205,0,0,111
7700,4758,500,521,0,893,498,0,0,208
7701,2912,500,510,363,380,286,0,0,140
7702,1953,500,162,0,228,199,500,0,80
7703,5290,500,497,0,716,527,0,0,206
7704,2212,500,376,0,338,226,0,0,108
7705,2077,500,466,251,285,213,0,0,117
7706,1935,500,155,0,346,207,0,0,106
7707,5352,500,319,0,659,521,0,0,225
7708,2772,500,471,320,238,264,0,0,129
7709,5890,500,810,0,908,596,0,0,239
7710,5070,500,541,0,0,444,0,0,207
7711,5056,500,328,0,627,501,0,0,196
7712,1907,500,96,231,271,193,0,0,105
7713,4906,500,265,472,504,477,0,0,173
7714,4500,500,527,0,735,465,0,0,193
7715,1815,500,92,0,121,177,0,0,87
7716,3089,500,350,460,0,278,500,0,126
7717,4423,500,300,665,0,399,0,0,166
7718,4691,500,504,0,778,475,0,0,208
7719,1127,500,237,0,193,117,0,0,83
7720,3829,500,390,0,624,394,0,0,172
7721,2209,500,91,266,125,208,0,0,95
7722,2246,500,144,305,160,213,0,0,104
7723,5652,500,594,932,326,524,500,0,195
7724,5045,500,366,583,785,520,500,0,210
7725,2968,500,315,628,0,259,0,0,133
7726,967,500,88,202,0,85,0,0,75
7727,1860,500,73,246,0,163,0,0,86
7728,1836,500,223,227,0,161,0,0,90
7729,3192,500,0,310,283,305,0,0,132
7730,8604,500,1573,0,1527,875,0,0,359
7731,5260,500,313,709,437,499,0,0,210
7732,4241,500,556,0,513,423,0,0,173
7733,5086,500,1175,0,1007,531,0,0,222
7734,1917,500,129,189,173,184,0,0,104
7735,4525,500,486,916,0,396,500,0,163
7736,5607,500,632,0,418,527,500,0,201
7737,4434,500,534,482,593,454,500,0,172
7738,6935,500,874,1255,312,632,0,0,250
7739,4990,500,337,840,346,466,0,0,195
7740,2775,500,308,0,305,270,0,0,129
7741,2507,500,109,0,582,296,0,0,116
7742,2501,500,133,301,228,240,0,0,119
7743,1486,500,78,0,132,156,500,0,62
7744,2342,500,374,218,176,225,0,0,107
7745,2465,500,231,0,485,275,0,0,113
7746,5250,500,370,0,644,512,0,0,221
7747,6416,500,383,0,1222,668,0,0,257
7748,3998,500,221,503,332,379,0,0,166
7749,4062,500,859,0,503,403,0,0,176
7750,4715,500,336,0,0,412,0,0,175
7751,6908,500,442,0,765,672,0,0,270
7752,3467,500,628,667,0,303,0,0,131
7753,4408,500,501,910,0,397,0,0,168
7754,2577,500,210,271,0,225,0,0,104
7755,1627,500,163,0,220,164,0,0,97
7756,1894,500,119,118,162,185,0,0,92
7757,5383,500,0,541,671,529,7083,0,58
7758,1401,500,213,274,0,123,500,0,68
7759,4736,500,725,796,0,414,0,0,178
7760,4618,500,631,621,0,405,0,0,158
7761,1993,500,0,277,0,174,2667,0,0
7762,3215,500,208,381,239,304,0,0,134
7763,2444,500,267,288,59,228,0,0,101
7764,8188,500,543,937,857,786,0,0,311
7765,1951,500,209,358,0,170,0,0,95
7766,1762,500,148,151,142,170,0,0,91
7767,5091,500,777,0,664,502,7535,0,40
7768,2474,500,225,0,383,254,0,0,118
7769,2930,500,411,367,163,273,0,674,103
7770,2312,500,143,322,0,202,0,0,106
7771,3648,500,519,467,213,341,0,0,138
7772,1765,500,116,0,174,175,0,0,94
7773,2595,500,381,187,240,254,0,0,112
7774,1932,500,342,0,227,196,0,0,94
7775,3376,500,462,469,118,309,0,0,131
7776,5160,500,534,0,608,508,500,0,184
7777,2038,500,304,399,0,178,0,0,100
7778,13119,900,813,2626,0,1148,0,238,419
7779,4701,500,298,575,366,445,0,0,176
7780,2603,500,194,222,288,254,0,0,130
7781,20558,900,2355,3646,1742,1942,0,3672,621
7782,2527,500,146,284,0,221,0,0,107
7783,1896,500,254,259,0,170,2821,0,40
7784,4148,500,175,660,0,363,0,3874,51
7785,4165,500,278,0,692,426,0,0,184
7786,1862,500,113,0,179,184,500,0,76
7787,5287,500,1022,1215,0,463,0,0,201
7788,3725,500,610,762,0,335,0,0,148
7789,2646,500,187,395,0,238,0,0,139
7790,1328,500,96,165,120,131,0,0,81
7791,2178,500,157,281,113,203,900,0,70
7792,2461,500,189,261,221,235,0,0,126
7793,1562,500,56,211,0,137,500,0,64
7794,6140,500,748,1346,0,538,0,0,230
7795,2421,500,564,348,0,212,0,0,108
7796,21066,900,1387,0,4646,2214,0,0,789
7797,3431,500,215,0,508,351,0,0,146
7798,4503,500,498,0,649,450,0,0,196
7799,3799,500,478,0,424,376,0,0,157
7800,1852,500,222,0,537,212,500,0,103
7801,6035,500,886,0,1169,624,0,0,258
7802,6215,500,434,1299,0,544,0,0,232
7803,2735,500,242,0,312,282,0,0,117
7804,2003,500,167,162,173,196,0,0,94
7805,8725,500,1543,852,1256,869,0,0,341
7806,7596,500,878,1499,0,666,500,0,236
7807,5511,500,348,492,717,542,0,0,225
7808,12933,900,1433,2288,596,1181,0,0,454
7809,4431,500,412,541,611,445,0,0,180
7810,6216,500,774,0,1117,636,0,0,260
7811,968,500,90,0,278,108,1944,0,38
7812,4050,500,622,0,615,407,500,0,163
7813,18493,900,2343,0,3389,1892,500,0,688
7814,3923,500,202,475,338,388,0,0,150
7815,11235,900,1194,1718,0,983,0,0,388
7816,2826,500,413,0,338,281,0,0,127
7817,1907,500,74,0,273,197,0,0,98
7818,3008,500,496,537,225,283,0,0,140
7819,5358,500,582,0,656,528,500,0,192
7820,1455,500,337,0,247,154,0,0,103
7821,856,500,115,158,0,75,0,0,69
7822,2926,500,251,198,304,290,0,0,120
7823,4348,500,407,803,0,381,0,0,156
7824,2980,500,320,0,387,298,0,0,135
7825,4549,500,503,625,316,427,0,0,175
7826,5016,500,305,1020,0,439,0,0,193
7827,2810,500,202,428,113,264,0,0,121
7828,1853,500,175,255,135,176,0,0,97
7829,3171,500,457,636,0,278,0,0,127
7830,3814,500,393,395,362,367,0,0,152
7831,3552,500,230,499,160,326,0,0,141
7832,3941,500,910,0,658,403,0,0,168
7833,3175,500,374,435,219,301,0,0,128
7834,1797,500,0,303,0,157,0,0,96
7835,1416,500,239,211,0,125,0,0,74
7836,7434,500,456,1074,0,651,0,0,252
7837,2141,500,521,456,0,188,500,0,88
7838,3088,500,352,356,331,298,0,0,147
7839,3278,500,276,0,141,302,500,0,109
7840,2347,500,105,244,143,222,0,0,103
7841,2434,500,226,0,284,243,0,0,111
7842,2665,500,296,0,437,280,0,0,129
7843,1320,500,87,130,0,115,0,0,75
7844,3679,500,736,796,0,331,500,0,142
7845,2026,500,163,0,0,183,0,0,93
7846,5674,500,1339,557,1010,586,0,0,230
7847,3015,500,378,580,0,263,0,0,128
7848,3532,500,896,482,428,343,0,0,165
7849,3030,500,321,0,433,307,0,0,136
7850,1977,500,123,222,215,190,0,0,111
7851,2743,500,186,485,0,240,0,0,119
7852,2134,500,145,0,284,216,0,0,112
7853,3374,500,822,359,457,333,0,0,154
7854,2739,500,355,270,310,271,0,0,121
7855,1520,500,149,228,56,138,0,0,88
7856,1664,500,73,0,166,164,0,0,90
7857,1375,500,113,0,226,143,0,0,89
7858,1476,500,252,173,126,143,0,0,87
7859,2949,500,252,493,0,258,500,0,101
7860,4700,500,494,0,725,488,0,0,204
7861,10309,900,1215,1230,1143,996,500,0,379
7862,4194,500,0,692,0,367,0,0,148
7863,2018,500,114,147,116,191,500,0,77
7864,27050,900,3202,0,3242,2634,0,0,938
7865,3560,500,525,0,431,355,0,0,148
7866,3820,500,828,0,537,380,0,0,178
7867,3159,500,257,500,0,277,0,0,119
7868,7779,500,581,0,976,766,0,0,288
7869,7408,500,1288,0,807,713,0,0,299
7870,4451,500,324,0,391,423,500,0,168
7871,6965,500,774,1119,354,642,0,0,241
7872,14044,900,1518,3028,0,1229,500,0,461
7873,7896,500,552,0,900,767,0,0,286
7874,3839,500,474,0,669,402,0,0,160
7875,4841,500,476,418,555,473,0,0,200
7876,4204,500,865,408,448,407,500,0,160
7877,3459,500,250,0,627,356,0,0,159
7878,4215,500,495,528,452,411,0,0,169
7879,26452,900,1088,5354,0,2314,0,0,802
7880,3042,500,369,0,494,308,0,0,149
7881,2344,500,428,455,0,211,0,0,112
7882,4471,500,637,0,609,447,0,0,183
7883,2038,500,177,116,190,200,0,0,100
7884,4076,500,419,745,0,357,0,0,153
7885,2511,500,365,488,0,226,500,0,95
7886,1970,0,222,0,284,203,0,0,98
7887,4028,500,444,0,504,398,0,0,169
7888,4209,500,914,477,555,421,0,0,174
7889,1784,500,173,141,197,176,0,0,98
7890,9742,900,557,0,1493,1009,0,0,400
7891,2869,0,223,264,341,279,0,0,130
7892,1373,500,331,0,215,137,0,0,94
7893,8162,500,607,0,1384,838,0,0,297
7894,5503,500,788,0,827,558,0,0,215
7895,3622,500,314,171,464,364,0,0,147
7896,3693,500,663,0,603,374,0,0,175
7897,4305,500,450,542,246,401,0,0,159
7898,4350,500,292,0,657,442,500,0,167
7899,3308,500,431,424,0,290,0,0,125
7900,2929,500,275,411,254,282,0,0,127
7901,1881,500,106,231,0,165,0,0,86
7902,3573,500,324,0,449,355,0,0,149
7903,3297,500,506,0,689,353,500,0,140
7904,3392,500,210,245,454,344,0,0,137
7905,3759,500,382,659,0,329,0,0,131
7906,3946,500,441,570,243,367,0,0,164
7907,1968,500,0,338,0,172,500,0,79
7908,2311,500,0,347,112,213,0,0,111
7909,1622,500,175,156,212,163,500,0,91
7910,1618,500,128,189,220,160,0,0,103
7911,2826,500,301,0,657,316,0,0,142
7912,3795,500,395,0,548,383,0,0,163
7913,8152,500,577,0,1322,823,0,0,318
7914,3666,500,441,0,578,367,0,0,172
7915,6823,500,712,1414,0,596,0,0,241
7916,1688,500,245,167,175,165,0,0,94
7917,6678,500,696,1080,451,625,0,0,273
7918,4674,500,458,0,710,486,0,0,188
7919,1829,500,74,0,227,188,0,0,95
7920,1849,500,156,211,81,173,0,0,87
7921,3039,500,219,630,0,266,0,0,136
7922,3939,500,386,0,667,416,0,0,168
7923,1699,500,64,0,176,172,0,0,87
7924,1305,500,302,0,169,134,500,0,73
7925,5494,500,1080,782,498,524,0,0,205
7926,3179,500,193,0,0,279,500,0,104
7927,3759,500,409,0,433,367,0,0,164
7928,3165,500,226,0,485,320,0,0,154
7929,17652,900,1823,3631,0,1545,0,4657,453
7930,4213,500,455,720,219,388,0,0,172
7931,5007,500,532,541,550,487,0,0,197
7932,6569,500,441,731,906,651,0,0,260
7933,4304,500,327,757,0,387,0,0,178
7934,4330,500,509,937,0,379,0,0,180
7935,5037,500,512,596,380,478,0,0,182
7936,1805,500,339,0,231,184,0,0,93
7937,1938,500,222,0,274,194,0,0,152
7938,3630,500,252,0,566,370,0,0,155
7939,5765,500,838,0,928,581,0,0,241
7940,5626,500,545,1078,0,492,0,0,197
7941,1962,500,277,298,222,193,0,0,102
7942,6612,500,1523,1254,824,649,0,0,273
7943,4024,500,296,793,0,352,0,0,162
7944,4536,500,303,0,492,444,0,0,187
7945,7735,500,528,1497,0,677,500,0,245
7946,2378,500,133,271,0,208,0,0,96
7947,1424,500,45,144,59,132,0,0,82
7948,5044,500,527,962,0,441,0,0,179
7949,2362,500,150,272,350,241,0,0,124
7950,1037,500,234,0,134,103,0,0,80
7951,2023,500,116,286,0,177,0,0,91
7952,10855,900,1116,1598,0,949,0,0,367
7953,7055,500,1632,1407,0,618,0,0,264
7954,2837,500,381,0,435,286,0,0,131
7955,8971,500,1535,1458,657,838,0,0,339
7956,4034,500,733,603,335,381,0,0,172
7957,5045,500,614,1015,0,441,0,0,191
7958,2476,500,128,191,303,245,0,0,119
7959,2071,500,260,341,0,181,0,0,96
7960,2557,500,525,0,179,240,0,0,125
7961,2471,500,107,302,108,228,0,0,100
7962,6493,500,939,1290,0,568,0,0,213
7963,899,500,223,0,120,92,0,0,73
7964,1595,500,93,312,0,139,0,0,92
7965,7338,500,1035,0,848,712,0,0,283
7966,2535,500,274,0,325,251,0,0,123
7967,3200,500,462,322,219,311,0,0,135
7968,3311,500,0,342,0,290,0,0,123
7969,1640,500,97,198,0,143,500,0,63
7970,3763,500,370,481,0,330,0,0,137
7971,1621,500,88,0,177,157,0,0,99
7972,6264,500,689,1006,859,626,0,0,237
7973,2498,500,290,379,0,218,0,0,124
7974,2216,500,186,336,0,194,0,0,111
7975,1874,500,255,139,164,181,0,0,97
7976,839,500,74,0,113,85,0,0,72
7977,1242,500,0,78,167,128,500,0,67
7978,3393,500,316,450,267,322,0,0,142
7979,5423,500,293,0,820,552,0,0,209
7980,1996,500,81,0,226,201,0,0,98
7981,3504,500,224,576,0,307,0,0,134
7982,3147,500,480,0,400,314,0,0,129
7983,3576,500,196,0,677,384,0,0,149
7984,7270,500,592,1525,0,636,0,0,261
7985,4580,500,449,441,348,435,0,0,158
7986,2005,500,116,0,183,200,500,0,76
7987,6657,500,443,1130,480,622,0,0,247
7988,4081,500,423,519,0,357,0,0,144
7989,5060,500,343,442,776,509,0,0,205
7990,2961,500,230,0,358,308,500,0,113
7991,1411,500,88,0,116,138,0,0,80
7992,6232,500,1531,1004,576,592,500,658,209
7993,4532,500,656,652,0,397,0,0,173
7994,1901,500,112,217,63,173,0,0,88
7995,1713,500,141,0,333,177,0,0,110
7996,5057,500,649,849,0,442,0,0,173
7997,2389,500,573,451,112,225,0,0,116
7998,3231,500,190,549,0,282,0,0,130
7999,2001,500,159,0,220,193,0,0,111
8000,8651,500,923,1838,0,757,0,0,300
8001,3478,500,597,540,0,305,0,0,141
8002,2749,500,182,447,0,241,0,0,112
8003,3440,500,355,285,391,337,0,0,147
8004,2520,500,159,282,0,220,0,0,97
8005,4840,500,755,0,577,474,0,0,195
8006,3238,500,301,0,376,324,0,0,131
8007,3040,500,298,295,298,296,0,0,134
8008,6520,500,891,0,963,655,500,0,228
8009,2636,500,223,286,205,261,0,0,111
8010,3102,500,500,512,0,271,0,0,121
8011,3762,500,385,425,331,357,0,0,162
8012,2584,500,223,316,180,244,0,0,117
8013,5542,500,344,553,524,533,0,0,199
8014,2828,500,473,479,0,247,0,0,111
8015,1361,500,78,0,246,141,0,0,92
8016,1334,500,65,139,130,130,0,0,83
8017,2185,500,193,283,258,219,0,0,104
8018,1214,500,279,94,120,120,500,0,63
8019,4226,500,519,748,274,393,0,0,177
8020,2513,500,150,289,63,227,0,0,104
8021,9813,500,554,1036,1153,959,0,0,347
8022,2506,500,179,516,0,219,500,0,103
8023,2517,500,215,310,85,231,0,0,106
8024,1914,0,164,319,0,168,0,0,77
8025,34972,900,5647,7871,0,3147,0,0,1136
8026,5586,500,1071,0,991,567,0,0,236
8027,2267,500,193,0,474,244,0,0,125
8028,2370,500,186,0,199,233,0,0,99
8029,2270,500,115,0,355,233,0,0,117
8030,3061,500,419,0,457,316,0,0,130
8031,1434,500,201,109,170,143,0,0,90
8032,3691,500,0,599,0,323,500,0,124
8033,1675,500,89,0,234,168,0,0,102
8034,10384,900,563,1546,0,908,0,3549,275
8035,2986,500,470,252,404,300,0,0,138
8036,1937,0,63,0,175,196,0,0,69
8037,2192,500,345,163,111,206,0,0,90
8038,1549,500,0,0,298,159,0,0,104
8039,1648,500,159,315,0,144,0,0,100
8040,4011,500,668,0,558,402,0,0,166
8041,1240,500,0,68,82,120,0,0,77
8042,4865,500,490,970,0,426,0,0,181
8043,5744,500,895,0,558,555,0,0,203
8044,3718,500,286,426,374,356,0,0,168
8045,1622,500,316,341,0,146,0,0,95
8046,4847,500,507,0,550,475,500,0,171
8047,4506,500,327,755,0,394,0,0,184
8048,3901,500,194,0,554,396,500,0,142
8049,6848,500,1139,623,907,681,0,0,264
8050,2831,500,493,0,311,284,0,0,117
8051,1973,500,176,0,258,206,0,0,101
8052,3825,500,578,699,223,353,0,0,164
8053,2554,500,147,330,113,235,0,0,112
8054,1725,500,62,0,178,174,0,0,86
8055,3326,0,353,532,160,305,0,0,125
8056,2493,500,172,276,63,227,0,0,99
8057,1469,500,256,272,169,143,0,0,96
8058,3251,500,601,0,340,320,0,0,130
8059,2452,500,250,0,302,243,0,0,122
8060,2653,500,321,0,459,285,0,0,121
8061,2107,500,116,0,236,215,0,0,96
8062,1463,500,150,0,335,157,0,0,98
8063,2119,500,177,348,0,186,0,0,102
8064,2523,500,128,0,573,279,0,0,128
8065,2086,500,253,247,270,205,0,0,115
8066,3089,500,321,0,388,309,0,0,135
8067,1038,500,235,0,191,108,0,0,83
8068,3342,500,231,0,543,338,0,0,158
8069,1230,500,108,171,171,121,0,0,88
8070,7998,500,526,0,1037,790,0,0,295
8071,1415,500,97,89,115,138,0,0,81
8072,4041,500,416,0,547,403,0,0,166
8073,2774,500,587,0,341,284,500,0,111
8074,2274,500,244,0,335,229,0,0,124
8075,2225,500,228,314,0,195,0,0,92
8076,3089,500,180,0,502,314,0,0,147
8077,2237,500,375,187,224,217,0,0,104
8078,2924,500,285,417,151,272,500,0,103
8079,6765,500,692,0,936,672,0,0,254
8080,1063,500,112,87,134,106,0,0,80
8081,22147,900,2574,0,3226,2197,0,0,802
8082,2384,500,444,0,356,247,0,0,110
8083,5536,500,619,0,876,559,0,0,251
8084,2613,500,134,508,0,235,0,0,117
8085,3966,500,243,0,671,408,0,0,168
8086,3071,500,450,619,0,268,0,0,132
8087,4471,500,747,0,644,463,500,0,175
8088,3450,500,211,534,0,302,0,0,123
8089,5568,500,320,557,551,538,0,0,207
8090,2347,500,518,398,164,228,0,0,113
8091,3029,500,403,369,235,289,0,0,132
8092,3253,500,198,0,559,331,0,0,153
8093,1511,500,229,318,0,132,0,0,89
8094,6812,500,434,785,785,659,0,0,251
8095,6376,500,414,534,879,636,0,0,252
8096,1817,500,306,0,205,177,0,0,108
8097,2977,500,186,0,291,292,500,0,107
8098,3287,500,328,651,0,287,0,0,137
8099,3225,500,387,561,0,283,0,0,125
8100,6730,500,353,681,622,646,0,0,233
8101,1677,500,94,179,0,148,500,0,58
8102,2001,500,118,137,112,196,2927,0,40
8103,3728,500,450,0,451,363,0,0,164
8104,3434,500,347,574,387,334,0,0,150
8105,1065,500,63,0,133,105,0,0,81
8106,2869,500,408,504,0,252,0,0,121
8107,4361,500,704,0,741,461,0,0,187
8108,1756,500,181,288,138,166,0,0,101
8109,5231,500,559,0,0,457,0,0,198
8110,1557,500,416,166,294,160,500,0,88
8111,3052,500,151,0,354,301,0,0,136
8112,1484,500,282,89,131,148,0,0,82
8113,5152,500,303,0,672,530,0,0,203
8114,4165,500,936,1059,0,365,0,0,170
8115,1940,500,211,166,251,193,500,0,93
8116,5354,500,489,693,515,518,500,0,187
8117,1918,500,0,281,0,168,500,0,75
8118,8236,500,1303,0,983,808,0,11830,40
8119,2087,500,143,324,189,200,0,0,109
8120,7505,500,861,0,940,738,0,0,283
8121,17917,900,2028,3131,1562,1700,0,0,617
8122,2149,500,132,0,354,224,0,0,111
8123,2355,500,267,365,164,219,0,0,120
8124,2942,500,453,560,0,258,0,0,119
8125,5343,500,668,1153,0,467,0,0,197
8126,3242,500,382,0,513,325,0,0,159
8127,2146,500,307,228,0,188,0,0,95
8128,1271,500,99,150,110,126,0,0,82
8129,8235,500,1108,746,908,800,0,0,297
8130,3333,500,191,460,112,303,558,0,118
8131,4472,500,490,514,480,432,0,0,187
8132,5484,500,566,1125,0,480,500,0,187
8133,3321,500,369,303,392,324,0,0,151
8134,5638,500,904,0,904,588,0,0,235
8135,1285,500,127,253,0,112,500,0,67
8136,4319,500,268,688,690,439,0,0,185
8137,1956,500,147,0,281,195,0,0,113
8138,4280,500,216,817,0,374,500,0,146
8139,4204,500,278,324,700,435,0,0,168
8140,6232,500,372,0,923,627,500,0,228
8141,4037,500,552,387,608,404,0,0,177
8142,1316,500,205,194,83,123,0,0,88
8143,1927,500,163,231,112,181,500,0,81
8144,2408,500,108,0,326,246,0,0,117
8145,2856,500,210,0,320,277,0,0,144
8146,1514,500,396,0,227,151,0,0,102
8147,1737,500,117,227,0,152,0,0,86
8148,4941,500,470,623,0,432,0,0,164
8149,6729,500,703,933,866,661,0,0,264
8150,5834,500,685,913,0,510,500,2808,139
8151,4059,500,628,483,375,387,0,0,181
8152,3364,500,224,300,458,333,0,0,161
8153,3764,500,0,0,550,375,0,0,173
8154,6697,500,1291,437,1034,669,0,0,276
8155,8313,500,447,1306,374,760,0,0,275
8156,4245,500,426,0,562,425,0,0,165
8157,4994,500,0,704,0,437,0,0,190
8158,1632,500,128,0,220,161,0,0,101
8159,6286,500,694,0,772,637,0,1777,193
8160,3811,500,806,361,428,372,0,0,167
8161,10539,900,1212,985,1497,1048,0,0,420
8162,3255,500,248,365,342,314,0,0,147
8163,3077,500,653,474,254,301,500,0,130
8164,5005,500,308,0,599,486,0,0,222
8165,1911,500,128,336,0,168,0,0,96
8166,4885,500,563,0,675,505,0,0,194
8167,3057,500,386,538,0,268,0,0,114
8168,3321,500,363,176,526,339,0,0,149
8169,2052,500,147,224,221,199,500,0,91
8170,1884,500,165,194,160,183,0,0,95
8171,2091,500,225,232,119,199,0,0,91
8172,1555,500,124,224,0,136,0,0,85
8173,4334,500,659,846,0,380,0,0,159
8174,8042,500,577,737,1387,817,0,0,311
8175,2789,500,308,455,255,267,0,0,132
8176,3020,500,455,676,0,265,0,0,134
8177,6702,500,945,1442,0,586,0,0,239
8178,3491,500,186,0,568,355,0,0,164
8179,1295,500,215,0,275,136,0,0,92
8180,3023,500,584,0,417,302,0,0,142
8181,5139,500,371,0,861,533,500,0,218
8182,1821,500,549,0,214,177,0,0,105
8183,8814,500,1024,1504,517,816,500,0,291
8184,3341,500,224,533,193,310,0,0,147
8185,3559,500,602,627,276,335,0,0,153
8186,1527,500,121,153,127,149,0,0,83
8187,2564,500,269,365,166,239,0,0,125
8188,1210,500,91,79,115,119,0,0,78
8189,3123,500,822,428,396,306,500,0,135
8190,3627,500,226,484,165,335,0,0,144
8191,3191,500,384,0,341,316,0,0,127
8192,2961,500,228,368,165,278,0,0,114
8193,2151,500,442,431,0,188,0,0,107
8194,4499,500,496,503,431,431,0,0,183
8195,7660,500,402,631,917,752,0,121,275
8196,4869,500,526,760,311,455,0,0,179
8197,6285,500,687,0,872,626,0,0,251
8198,8551,500,604,0,1359,859,0,0,323
8199,2050,500,297,0,256,211,0,0,100
8200,3137,500,349,362,235,294,0,0,143
8201,6691,500,723,939,0,586,0,0,225
8202,2192,500,225,0,284,221,0,0,110
8203,1788,500,175,130,176,175,0,0,98
8204,1991,500,167,0,225,201,0,0,97
8205,3849,500,407,0,547,382,0,0,174
8206,14010,900,1421,2858,0,1226,0,0,456
8207,4431,500,279,624,0,387,0,0,166
8208,10577,900,607,2011,0,926,0,0,326
8209,875,500,157,84,100,85,0,0,83
8210,6651,500,346,0,931,666,0,0,243
8211,4264,500,411,0,682,435,500,0,153
8212,2264,500,215,0,256,232,0,0,114
8213,3459,500,530,734,0,303,500,0,133
8214,2804,500,0,407,266,270,0,0,130
8215,1602,500,165,0,221,159,0,0,97
8216,3282,500,439,0,459,342,0,0,134
8217,2471,500,173,149,180,238,0,0,102
8218,1501,500,222,256,0,131,0,0,88
8219,5153,500,609,891,407,485,0,0,204
8220,3423,500,627,0,570,346,0,0,167
8221,3746,500,227,595,0,328,0,0,141
8222,1481,500,101,122,65,140,0,0,77
8223,3730,500,224,532,169,343,500,3374,48
8224,5152,500,771,960,0,451,0,0,171
8225,5458,500,984,0,710,536,0,0,227
8226,87171,8670,0,0,0,7846,0,0,0
8227,1764,500,209,165,226,173,0,0,103
8228,7953,500,1302,0,1021,804,0,0,294
8229,3564,500,200,0,559,363,0,0,167
8230,2657,500,236,400,0,232,0,0,105
8231,5935,500,720,0,1046,625,0,0,246
8232,4259,500,844,792,0,373,0,0,150
8233,2193,500,130,339,0,192,0,0,101
8234,7658,500,897,697,1176,771,0,0,293
8235,2629,500,173,397,0,230,500,0,89
8236,3698,500,380,679,0,323,0,0,134
8237,4659,500,508,0,724,475,0,0,194
8238,2652,500,189,338,0,233,500,0,97
8239,2342,500,520,400,322,236,0,0,115
8240,2578,500,469,422,325,252,0,0,129
8241,3275,500,496,687,0,287,0,0,140
8242,1300,500,159,160,159,126,500,0,78
8243,15700,900,2019,0,3096,1622,0,0,614
8244,3128,500,282,0,491,321,0,0,143
8245,2379,500,237,0,238,233,0,0,109
8246,2009,500,266,0,406,217,0,0,113
8247,5051,500,488,965,0,442,0,0,181
8248,9715,900,1385,0,1691,993,0,0,375
8249,1826,500,80,0,171,178,0,0,93
8250,944,500,92,161,60,88,0,0,76
8251,13022,900,0,0,0,1140,500,0,382
8252,6385,500,774,0,951,638,0,0,255
8253,4863,500,671,0,536,476,0,0,185
8254,818,500,69,0,117,86,0,0,70
8255,2546,500,275,367,0,223,500,0,86
8256,6358,500,368,1174,0,556,0,0,210
8257,1699,500,118,171,108,164,0,0,86
8258,4208,500,222,0,778,442,0,0,176
8259,1432,500,72,203,106,136,2245,0,38
8260,5992,500,669,819,574,573,500,0,221
8261,1344,500,170,0,221,136,0,0,95
8262,7036,500,758,1514,0,615,0,0,255
8263,7450,500,430,0,1001,737,0,0,316
8264,7841,500,789,1129,485,728,0,0,267
8265,7676,500,455,1480,0,671,0,0,252
8266,2123,500,429,0,252,213,0,0,106
8267,6494,500,712,1141,273,608,0,0,243
8268,4607,500,426,0,660,466,6659,0,55
8269,2821,500,135,203,282,276,0,1903,78
8270,6657,500,1112,0,995,669,500,0,251
8271,9200,500,965,0,1414,930,0,0,336
8272,14586,900,1099,1660,1352,1388,0,0,508
8273,1401,500,110,159,118,134,0,0,85
8274,2718,500,510,271,267,273,0,0,125
8275,4634,500,622,0,0,405,0,1026,129
8276,1531,500,169,0,0,138,0,0,93
8277,2492,500,263,242,219,240,0,0,109
8278,4321,500,556,407,513,421,500,0,165
8279,20077,900,2387,3689,1905,1907,0,0,1403
8280,8303,500,966,980,891,801,0,0,311
8281,2015,500,187,238,197,203,0,0,100
8282,4343,500,674,226,574,436,0,0,171
8283,2024,500,91,266,239,202,500,0,85
8284,2867,500,228,0,262,280,0,0,122
8285,3417,500,225,0,627,352,0,0,167
8286,5998,500,663,0,881,605,0,0,229
8287,1424,500,161,0,273,148,0,0,97
8288,11872,900,815,1938,632,1093,0,0,398
8289,4997,500,911,0,938,520,0,0,223
8290,3318,500,0,465,239,313,0,0,139
8291,2365,500,166,319,0,207,0,0,95
8292,2211,500,82,152,176,216,0,0,96
8293,11150,900,1961,1113,1243,1079,500,0,419
8294,5245,500,365,0,854,549,0,0,210
8295,3190,500,218,0,555,332,0,0,141
8296,1245,500,112,0,223,129,0,0,88
8297,2042,500,115,0,181,202,0,0,90
8298,3151,500,429,0,393,314,0,0,138
8299,3277,500,276,426,141,302,0,0,122
8300,3209,500,457,572,0,281,0,0,122
8301,3453,500,383,580,0,302,500,0,118
8302,1574,500,225,0,267,173,500,0,77
8303,3407,500,551,548,432,339,0,0,143
8304,5973,500,400,0,931,621,0,0,232
8305,3546,500,723,320,402,348,0,0,154
8306,2523,500,447,0,358,261,0,0,111
8307,2595,500,563,370,0,228,0,0,106
8308,2025,500,178,292,114,189,0,0,100
8309,2984,500,332,254,357,293,500,0,118
8310,1965,500,178,0,284,205,0,0,98
8311,7724,500,560,0,1304,814,500,0,270
8312,2122,500,0,0,178,210,0,0,93
8313,2266,500,168,0,225,225,0,0,101
8314,7961,500,433,653,951,782,0,0,286
8315,2512,500,158,102,383,263,0,0,118
8316,3881,500,827,0,604,404,0,0,167
8317,2118,500,132,0,291,222,0,0,99
8318,5972,500,579,0,916,605,0,0,243
8319,3101,500,394,0,373,313,0,0,126
8320,2149,500,167,159,151,206,0,0,99
8321,6529,500,222,0,969,653,0,0,276
8322,2267,500,330,427,0,199,0,0,110
8323,7480,500,494,0,977,740,0,0,271
8324,10671,900,622,2064,0,933,0,0,333
8325,4695,500,502,0,509,460,500,0,167
8326,3958,500,288,0,443,385,0,0,182
8327,10670,900,1855,0,960,1012,500,0,399
8328,1779,500,111,0,346,184,0,0,106
8329,5950,500,634,635,600,575,0,0,221
8330,2986,0,417,0,450,308,0,0,114
8331,2882,500,374,374,0,252,0,0,118
8332,2902,500,0,0,448,296,0,0,142
8333,4935,500,479,790,0,432,0,0,179
8334,847,500,43,0,106,83,500,0,61
8335,5616,500,412,1137,0,492,0,0,203
8336,1809,500,122,150,207,182,0,0,93
8337,2282,500,212,325,84,208,500,0,94
8338,3217,500,310,484,167,298,0,0,134
8339,2880,500,384,0,0,253,0,0,112
8340,1696,500,175,0,284,177,500,0,81
8341,1387,0,226,0,243,149,0,0,78
8342,3152,500,554,507,0,276,0,0,137
8343,2967,500,229,414,302,284,500,0,128
8344,3410,500,192,0,551,347,0,0,156
8345,9505,500,553,518,1194,933,0,0,348
8346,1149,500,149,0,238,119,0,0,88
8347,1532,500,93,145,24,138,0,0,77
8348,3680,500,1112,379,523,368,0,0,162
8349,4101,500,384,547,424,399,0,546,153
8350,3087,500,490,266,408,304,500,0,130
8351,3595,500,469,0,556,367,0,0,160
8352,1333,500,240,0,232,135,0,0,105
8353,2282,500,267,306,0,199,1151,0,64
8354,2341,500,104,396,0,205,0,0,103
8355,1936,500,145,285,61,175,0,0,97
8356,1877,500,268,288,171,181,0,0,101
8357,2168,500,249,215,0,190,0,0,91
8358,2238,500,244,368,351,227,500,0,101
8359,1436,500,83,0,147,153,500,0,63
8360,3917,500,388,0,559,398,0,0,159
8361,1581,500,121,153,128,154,0,0,84
8362,4928,500,334,1083,0,431,0,0,181
8363,3789,500,395,0,456,383,0,0,159
8364,4363,500,720,737,590,435,0,0,185
8365,3366,500,441,0,506,355,0,0,148
8366,2486,500,126,225,220,239,0,0,116
8367,5046,500,513,508,526,492,0,0,177
8368,2117,500,91,266,182,205,0,0,102
8369,1463,500,161,128,166,143,0,0,92
8370,3670,500,441,0,661,375,0,0,178
8371,1810,500,210,204,117,173,0,0,86
8372,3923,500,258,0,831,424,0,0,185
8373,4423,500,320,674,449,423,0,0,187
8374,3803,500,235,0,423,375,0,0,155
8375,9619,900,1040,0,1601,1008,500,0,359
8376,2801,500,522,615,0,245,0,0,125
8377,3318,500,464,0,438,328,0,0,155
8378,9811,900,1135,0,1403,980,0,0,374
8379,4247,500,510,649,363,402,500,0,164
8380,3440,500,380,553,169,317,0,0,143
8381,2380,500,147,0,223,234,0,0,105
8382,4894,500,338,424,637,483,0,0,201
8383,4956,500,559,984,0,434,0,0,182
8384,7587,500,856,1324,638,717,0,0,281
8385,1711,500,79,193,107,162,0,0,89
8386,1861,500,113,173,0,163,500,0,68
8387,2890,500,269,384,0,253,0,0,121
8388,2185,500,155,232,58,198,0,0,90
8389,4231,500,463,857,0,370,0,0,170
8390,4068,500,674,376,567,406,0,0,179
8391,4513,500,288,0,810,459,0,0,199
8392,2902,500,726,199,446,289,0,0,144
8393,2430,500,314,0,273,242,0,0,106
8394,3060,500,152,455,226,289,0,0,131
8395,3194,500,480,259,389,317,500,0,124
8396,1907,500,342,0,232,194,0,0,95
8397,5496,500,991,710,822,563,0,0,238
8398,2320,500,266,269,58,210,0,0,98
8399,2374,500,1108,0,271,232,0,0,119
8400,6355,500,593,1168,0,556,0,0,210
8401,2043,500,258,139,166,198,0,0,99
8402,5566,500,734,0,782,558,0,1087,193
8403,1734,500,154,223,161,166,0,0,99
8404,5396,500,370,0,898,549,500,0,210
8405,1457,500,172,0,274,152,0,0,95
8406,3673,500,468,0,386,359,0,0,142
8407,1723,500,104,91,167,173,0,0,89
8408,3447,500,607,638,159,314,0,0,150
8409,2929,500,299,0,450,299,0,0,132
8410,2783,500,230,0,347,284,0,0,117
8411,1968,500,259,341,0,172,0,0,93
8412,4227,500,261,467,380,402,0,0,178
8413,1810,500,167,0,345,195,0,0,102
8414,3003,500,488,682,0,263,500,0,117
8415,3219,500,159,0,337,319,0,0,129
8416,4094,0,416,0,503,420,0,0,141
8417,5830,500,577,0,711,573,500,0,204
8418,2955,500,425,422,306,286,0,0,133
8419,3387,500,200,0,210,319,500,0,112
8420,5689,500,625,624,627,554,0,0,219
8421,2675,500,181,496,0,234,0,0,111
8422,3364,500,634,302,453,337,0,0,148
8423,7718,500,883,881,929,755,0,2653,259
8424,1849,500,669,352,165,177,0,0,104
8425,9590,900,893,0,1797,997,0,0,348
8426,2190,500,116,0,243,224,0,0,97
8427,8024,500,0,1547,0,702,500,0,267
8428,1311,500,195,97,131,128,0,0,81
8429,1567,500,283,120,148,153,0,0,91
8430,5834,500,891,1160,0,511,0,0,200
8431,3878,500,389,0,606,409,500,0,151
8432,3064,500,441,0,334,298,500,0,122
8433,1660,500,46,175,0,145,0,0,76
8434,2862,500,157,267,338,284,0,0,129
8435,5926,500,656,872,0,517,500,0,199
8436,3003,500,313,0,331,290,0,0,140
8437,3164,500,212,0,447,318,0,0,143
8438,1269,500,71,134,110,120,0,0,87
8439,1304,500,102,200,0,114,500,0,62
8440,3437,500,286,248,357,339,0,0,143
8441,4394,500,670,0,655,445,0,0,185
8442,3226,500,190,357,431,318,0,0,151
8443,993,0,77,156,0,86,500,0,38
8444,1990,500,470,0,327,202,0,0,119
8445,2776,500,212,580,0,243,500,0,114
8446,1644,500,114,204,296,177,0,0,92
8447,36971,900,544,7269,0,3235,0,0,1070
8448,6078,500,597,657,789,602,0,0,232
8449,10284,900,736,0,1490,1024,500,0,372
8450,3014,500,150,422,263,289,0,0,132
8451,5138,500,343,435,593,502,0,0,199
8452,1260,500,117,0,284,134,0,0,93
8453,2981,500,381,557,810,325,0,0,156
8454,3700,500,257,499,406,361,0,0,157
8455,3329,500,361,281,396,328,0,0,146
8456,1538,500,334,0,217,154,0,0,97
8457,8214,500,840,0,984,803,500,0,300
8458,2597,500,157,104,288,260,0,0,113
8459,10633,900,1835,0,1265,1038,0,0,412
8460,1251,500,213,201,101,121,0,0,88
8461,4500,500,228,679,271,418,0,0,173
8462,2185,500,103,334,0,191,0,0,96
8463,3630,500,226,337,372,355,0,0,143
8464,1269,500,236,0,0,112,0,0,76
8465,4172,500,231,0,580,436,0,0,160
8466,6452,500,369,0,1110,659,0,0,269
8467,2372,500,118,0,522,257,0,0,120
8468,2188,500,314,472,0,192,0,0,110
8469,2445,500,365,309,201,233,500,0,99
8470,1972,500,114,74,180,195,0,0,95
8471,4200,500,222,545,222,388,0,0,158
8472,2776,500,237,359,168,261,0,0,117
8473,3198,500,650,0,429,321,0,0,148
8474,3596,500,391,394,360,346,0,0,155
8475,6962,500,460,0,1619,747,0,0,279
8476,1232,500,180,0,189,128,500,0,68
8477,1511,500,174,150,40,139,0,0,77
8478,8658,500,1600,0,1695,900,0,0,352
8479,4245,500,367,0,0,372,0,0,149
8480,2090,500,180,0,398,221,500,0,113
8481,2664,500,384,0,230,266,500,0,97
8482,2505,500,152,420,0,219,0,0,113
8483,3113,500,324,590,0,273,0,0,132
8484,9511,500,1027,1599,650,889,0,0,328
8485,1219,500,212,232,112,116,0,0,87
8486,3151,500,277,0,329,311,0,0,127
8487,6961,500,497,0,1556,745,0,0,273
8488,3202,500,595,479,112,292,0,0,128
8489,3121,500,276,363,198,294,0,0,124
8490,2146,500,416,0,401,232,0,0,107
8491,2332,500,116,269,195,222,500,0,97
8492,5414,500,1148,0,556,524,0,0,209
8493,7603,500,1302,1126,755,733,0,0,280
8494,12682,900,0,1693,1213,1213,500,0,404
8495,15601,900,1919,0,2740,1592,0,0,587
8496,10955,900,995,0,1244,1065,0,0,402
8497,4398,500,469,624,352,416,0,0,176
8498,2728,500,209,0,318,265,0,0,137
8499,7096,500,845,680,880,692,0,0,278
8500,10226,900,1143,1520,920,973,0,0,375
8501,3470,500,357,0,648,371,0,0,148
8502,6282,500,644,990,446,591,0,0,235
8503,3834,500,0,378,422,373,0,0,163
8504,3434,500,466,258,340,337,0,0,138
8505,4193,500,623,0,444,410,0,0,166
8506,1179,500,108,132,110,113,0,0,84
8507,3051,500,150,228,303,296,0,0,129
8508,3272,500,443,630,0,287,0,0,129
8509,5310,500,625,485,658,521,0,0,214
8510,2564,500,256,368,117,236,0,0,113
8511,1434,500,0,0,119,146,2199,0,0
8512,2715,500,292,524,0,237,0,0,120
8513,1839,500,161,0,228,193,0,0,94
8514,2548,500,448,407,0,223,0,0,120
8515,2556,500,0,387,0,230,500,0,87
8516,3671,500,405,704,0,321,0,0,147
8517,9291,900,635,0,1767,962,0,0,388
8518,10383,900,1064,0,2204,1128,0,2134,396
8519,4857,500,518,900,0,424,0,0,171
8520,3071,500,293,0,424,311,0,0,134
8521,19417,1849,0,0,0,0,0,0,0
8522,3752,500,217,0,665,384,500,0,163
8523,1386,500,93,0,183,145,0,0,83
8524,2865,500,220,602,0,251,0,3836,40
8525,10618,900,876,1863,849,996,0,0,391
8526,2546,500,1126,0,445,271,500,0,111
8527,3044,500,293,368,0,267,0,0,120
8528,3957,500,651,785,0,347,0,0,154
8529,2018,500,119,230,0,177,0,0,88
8530,2540,500,234,236,182,241,500,0,97
8531,5525,500,390,0,845,571,0,0,221
8532,2428,500,447,428,0,212,0,0,102
8533,3264,500,412,644,0,285,500,0,122
8534,1774,500,111,258,0,156,500,0,70
8535,1042,0,118,157,0,91,500,0,40
8536,4200,500,819,818,0,368,0,0,152
8537,1660,500,145,153,226,164,0,0,101
8538,4215,500,441,685,220,388,500,0,151
8539,2530,500,207,158,249,251,0,0,105
8540,3616,500,1096,843,0,316,500,0,130
8541,3998,500,289,0,544,398,0,0,172
8542,4781,500,504,836,263,441,0,0,193
8543,7585,500,446,0,928,738,0,0,284
8544,2880,500,382,0,386,294,0,0,138
8545,4114,500,813,0,494,408,500,0,149
8546,3153,500,260,422,289,306,0,0,128
8547,3079,500,377,0,0,269,500,0,103
8548,23530,900,1236,4686,0,2059,0,0,709
8549,4805,500,317,0,679,481,0,0,190
8550,2690,500,249,327,0,235,500,0,90
8551,2619,500,487,177,256,257,500,0,99
8552,23320,900,2439,4851,0,2040,0,0,729
8553,956,500,89,0,174,100,0,0,78
8554,4651,500,419,0,916,510,0,0,189
8555,2894,500,128,339,108,267,0,0,114
8556,1025,500,93,167,89,98,500,0,62
8557,2082,500,365,387,0,182,0,0,101
8558,3112,500,0,0,599,322,0,0,154
8559,1461,0,93,0,118,143,0,0,66
8560,2622,500,257,0,399,267,0,0,129
8561,2384,500,272,263,181,230,0,0,102
8562,2953,500,291,575,0,259,0,0,125
8563,10366,900,1225,0,1932,1074,0,0,390
8564,10022,900,1743,981,1175,976,0,0,394
8565,1808,500,181,287,83,166,0,0,102
8566,2942,500,224,0,453,295,500,0,132
8567,1935,500,104,258,111,180,500,0,87
8568,1404,500,452,130,186,141,0,0,87
8569,3320,500,249,475,398,324,0,0,151
8570,3039,500,0,0,343,299,0,0,133
8571,8225,500,960,657,1193,822,0,0,310
8572,2673,500,289,417,0,241,0,0,129
8573,1678,500,0,202,132,158,0,0,99
8574,2516,500,165,293,533,285,0,0,114
8575,2413,500,154,0,332,239,0,0,128
8576,3436,500,358,693,0,300,0,0,140
8577,3502,500,540,0,616,359,0,0,160
8578,3224,500,226,0,446,322,0,0,143
8579,4144,500,525,411,382,400,0,0,157
8580,1892,500,231,0,233,185,0,0,106
8581,2416,500,147,0,346,249,0,0,112
8582,2127,500,310,0,337,218,0,0,115
8583,1996,500,0,0,114,193,0,0,96
8584,1809,500,264,145,214,180,0,0,100
8585,2547,500,400,410,133,235,0,0,117
8586,3709,500,395,0,617,378,0,0,163
8587,3164,500,407,402,294,316,0,0,132
8588,6189,500,353,520,940,624,0,0,242
8589,3648,500,494,0,587,376,0,0,157
8590,2089,500,294,251,81,193,0,0,92
8591,2209,500,130,246,0,193,0,0,99
8592,3909,500,825,0,468,381,0,0,184
8593,1454,500,335,0,386,159,0,0,101
8594,1939,500,114,148,175,196,0,0,95
8595,4789,500,455,350,495,464,0,0,191
8596,3427,500,196,465,0,300,0,0,140
8597,5494,500,828,636,486,523,0,0,212
8598,1908,500,105,0,279,198,0,0,109
8599,5333,500,255,966,0,466,0,0,182
8600,3900,500,374,387,381,378,0,0,156
8601,966,500,105,81,146,98,0,0,77
8602,1648,500,110,257,0,145,0,0,84
8603,10979,900,756,1587,1024,1046,0,712,386
8604,5516,500,1001,0,954,567,0,0,231
8605,1619,500,333,248,178,158,0,0,92
8606,8278,500,853,754,1056,814,0,0,321
8607,5578,500,386,897,181,504,0,0,200
8608,3289,500,209,0,469,343,500,0,124
8609,3313,500,331,0,0,298,900,0,106
8610,4648,500,323,0,704,468,0,0,189
8611,4682,500,897,699,385,442,0,0,191
8612,2534,500,108,0,230,255,500,0,92
8613,2442,500,376,303,124,226,0,0,107
8614,2145,500,115,192,170,210,0,0,99
8615,3166,500,276,423,161,295,0,0,122
8616,5151,500,354,0,824,518,0,0,221
8617,1347,500,88,0,115,132,0,0,80
8618,3724,500,609,844,0,326,0,0,146
8619,2264,500,91,266,126,213,0,0,97
8620,1867,500,218,320,115,173,0,0,106
8621,1694,500,165,0,278,176,0,0,97
8622,2370,500,134,0,323,242,0,0,126
8623,4942,500,338,0,683,493,0,0,196
8624,2700,500,461,0,348,276,0,0,122
8625,3113,500,431,492,161,287,0,0,131
8626,2390,500,291,381,169,223,0,0,124
8627,1925,500,184,0,196,188,0,0,102
8628,1788,500,230,0,231,175,0,0,108
8629,4725,500,490,705,631,475,0,0,182
8630,6452,500,354,0,786,637,0,0,239
8631,1033,500,120,0,115,104,0,0,76
8632,1541,500,114,0,166,157,500,0,74
8633,3705,500,653,398,387,357,0,0,161
8634,2975,500,385,485,0,261,0,4121,40
8635,8978,500,883,834,1258,890,0,0,341
8636,1239,500,190,181,130,122,0,0,81
8637,6027,500,356,0,1107,625,0,0,234
8638,6341,500,1086,0,1016,658,0,0,250
8639,2049,500,371,235,234,200,0,0,107
8640,962,500,89,0,175,100,0,0,79
8641,1276,500,146,269,0,111,0,0,84
8642,2486,500,323,0,392,253,0,0,123
8643,3494,500,286,248,358,345,0,0,143
8644,2744,500,294,415,158,255,0,0,121
8645,1652,500,201,97,135,162,500,0,68
8646,1179,500,0,0,166,121,500,0,67
8647,2323,500,131,247,0,203,0,0,98
8648,4614,500,510,742,0,403,0,0,165
8649,5830,500,309,855,0,510,0,0,165
8650,4122,500,260,381,337,394,0,0,153
8651,920,500,110,166,56,88,0,0,76
8652,2477,500,448,429,0,216,0,0,177
8653,3134,500,258,344,0,274,563,0,100
8654,1734,500,88,0,222,171,0,0,101
8655,4020,500,913,0,453,390,0,0,183
8656,8612,500,942,751,1011,843,0,0,308
8657,2317,0,530,0,338,232,0,0,106
8658,3276,500,438,460,219,310,0,0,127
8659,3493,500,592,0,361,342,500,0,125
8660,2014,500,225,0,316,206,0,0,110
8661,7124,500,845,654,1143,721,0,0,278
8662,5890,500,1322,1228,0,515,0,0,199
8663,1717,500,102,0,289,176,0,0,103
8664,2978,500,324,0,557,305,0,0,152
8665,6800,500,1761,715,945,674,0,0,267
8666,2758,500,0,200,309,271,0,0,126
8667,2593,500,259,0,339,261,0,0,118
8668,8383,500,447,1320,552,782,0,0,291
8669,1529,500,91,0,149,159,0,0,84
8670,2657,0,155,266,335,263,0,0,107
8671,24275,900,2920,0,3323,2397,500,0,845
8672,4289,500,424,838,0,386,0,0,164
8673,4189,500,451,400,695,423,0,0,184
8674,2691,500,124,336,0,235,0,0,115
8675,5140,500,480,947,0,463,0,0,179
8676,1270,500,497,0,131,133,0,0,78
8677,2153,500,180,0,234,218,500,0,82
8678,2680,500,455,359,116,247,0,0,107
8679,5162,500,333,762,216,472,0,0,180
8680,3045,500,191,0,493,312,0,0,146
8681,937,500,75,0,115,95,573,0,61
8682,2967,500,286,337,299,290,0,0,130
8683,4445,500,594,0,669,464,0,0,183
8684,1939,500,176,0,194,191,0,0,98
8685,3086,500,549,0,264,292,0,0,148
8686,2269,500,148,287,62,205,0,0,103
8687,2103,500,145,0,277,212,0,0,111
8688,1464,500,199,241,0,128,0,0,81
8689,2060,500,165,288,0,181,500,0,76
8690,2608,500,426,265,341,256,0,0,131
8691,1428,500,60,0,167,144,0,0,84
8692,4328,500,815,448,388,417,0,0,166
8693,5435,500,0,0,911,553,0,0,218
8694,1778,500,80,0,282,186,0,0,97
8695,4426,500,559,580,409,428,0,0,164
8696,2494,500,145,307,116,232,0,0,105
8697,1718,500,337,0,169,167,0,0,94
8698,3451,500,366,609,274,325,0,0,150
8699,3492,500,526,0,496,356,0,0,149
8700,4627,500,328,951,0,417,0,0,178
8701,4900,500,506,0,731,491,0,0,206
8702,4127,500,556,0,722,419,0,0,193
8703,23026,900,2800,2244,2995,2256,500,0,812
8704,3616,500,418,0,464,355,0,0,163
8705,6923,500,764,604,839,680,0,3982,166
8706,3008,500,173,325,245,290,0,0,119
8707,2487,500,378,351,181,238,0,0,118
8708,8279,500,921,1647,0,724,500,0,258
8709,1828,500,116,0,175,181,0,0,90
8710,1819,500,112,188,114,172,0,0,89
8711,4729,500,691,0,558,482,0,0,177
8712,3237,500,328,332,335,315,0,0,144
8713,3651,500,359,0,444,363,0,0,154
8714,1247,500,108,185,110,118,0,0,86
8715,4467,500,264,0,645,448,0,0,182
8716,6408,500,346,831,461,603,0,0,262
8717,3318,500,480,417,225,314,0,0,129
8718,2888,500,195,513,0,252,0,0,120
8719,10703,900,625,1151,1077,1029,0,0,379
8720,3122,500,530,462,112,285,0,0,121
8721,5221,500,562,877,337,486,0,0,202
8722,1654,500,67,112,176,164,0,0,93
8723,2812,500,154,0,404,292,500,0,112
8724,3989,500,192,0,0,349,500,0,123
8725,2741,500,357,369,210,263,0,0,115
8726,3242,500,489,300,450,323,0,0,145
8727,3259,500,278,224,308,320,571,0,119
8728,4492,500,301,579,272,419,500,0,159
8729,3365,0,406,395,386,327,0,0,139
8730,8077,500,929,1361,449,746,0,0,282
8731,31838,900,4015,0,5897,3266,0,0,1160
8732,2727,500,129,160,390,281,0,0,117
8733,4122,500,295,0,625,415,0,0,175
8734,2937,500,456,480,161,271,0,0,132
8735,5376,500,629,505,678,527,0,0,221
8736,5212,500,642,443,671,511,0,0,220
8737,4779,500,527,806,264,441,0,0,197
8738,6014,500,297,937,0,527,0,0,203
8739,1552,500,245,0,158,155,0,0,87
8740,2953,500,157,239,252,287,0,0,120
8741,3162,500,196,186,355,316,0,0,121
8742,1557,500,264,0,87,152,500,0,65
8743,3110,500,306,442,113,284,0,0,127
8744,3360,500,221,632,0,294,0,0,137
8745,4575,500,309,588,420,437,0,0,179
8746,9147,500,1036,0,1288,912,0,0,334
8747,2401,500,173,0,297,246,500,0,92
8748,4241,500,554,253,742,433,0,0,190
8749,3108,500,290,0,417,325,500,0,119
8750,16738,900,2055,0,2946,1709,0,0,625
8751,1148,500,90,147,59,106,0,0,74
8752,3360,500,207,375,252,319,0,0,136
8753,7205,500,408,1358,0,631,0,0,235
8754,3766,500,0,0,560,377,0,0,168
8755,3037,500,420,0,441,322,0,0,131
8756,8484,500,1947,0,1617,883,0,0,326
8757,4279,500,1130,0,514,427,0,0,181
8758,7922,500,782,1118,0,693,0,0,261
8759,3723,500,452,0,668,380,500,0,150
8760,3771,500,612,0,501,387,0,0,165
8761,1517,500,161,126,196,151,500,0,77
8762,5256,500,251,897,0,460,0,0,178
8763,27895,900,3557,0,5033,2842,0,0,1034
8764,4043,500,0,0,680,414,0,0,172
8765,3218,500,206,0,489,330,0,0,149
8766,2147,500,178,0,331,215,0,0,118
8767,4656,500,304,328,717,473,0,0,192
8768,4462,500,441,0,0,390,551,0,150
8769,5387,500,293,0,881,553,0,0,211
8770,2068,500,146,380,0,182,0,0,96
8771,11062,900,1406,0,1905,1151,0,0,448
8772,1514,500,94,0,276,154,0,0,100
8773,4142,500,686,893,0,363,0,0,174
8774,2477,500,292,294,292,241,0,0,126
8775,3082,500,460,0,280,297,0,0,132
8776,3403,500,482,418,277,327,0,0,140
8777,3979,500,591,388,507,390,551,0,170
8778,1490,500,148,272,0,130,0,0,85
8779,1799,500,403,297,231,180,500,0,83
8780,1799,500,80,178,108,170,500,0,77
8781,9836,900,554,1409,825,929,0,0,353
8782,11377,900,715,2285,0,995,0,0,377
8783,3533,500,441,0,685,365,0,0,171
8784,2456,500,112,0,330,255,0,0,111
8785,4706,500,446,733,0,412,0,0,170
8786,6080,500,678,874,0,532,0,0,207
8787,1685,500,259,0,224,169,0,0,97
8788,3264,500,319,526,160,300,0,0,143
8789,7214,500,877,1445,0,631,0,0,247
8790,2689,500,223,314,0,235,0,0,112
8791,2848,500,186,0,405,292,1140,0,112
8792,1551,500,166,0,240,157,0,0,105
8793,1737,500,108,188,151,171,0,0,87
8794,1747,500,0,278,0,153,0,0,92
8795,3798,500,825,477,380,365,0,0,163
8796,979,500,0,66,79,95,0,0,77
8797,2880,500,358,373,114,265,0,0,111
8798,4375,500,639,781,0,383,0,0,171
8799,3039,500,275,423,219,288,0,0,125
8800,6147,500,616,0,1306,677,0,0,245
8801,32857,900,3733,5978,1543,2999,0,0,1082
8802,3431,500,516,0,486,341,0,0,164
8803,1675,500,128,284,221,165,552,0,89
8804,1339,500,115,88,138,134,0,0,78
8805,6018,500,993,0,717,590,0,0,237
8806,1343,500,94,214,0,118,0,0,78
8807,2727,500,377,398,182,258,0,0,120
8808,3649,500,464,350,390,360,500,0,129
8809,4553,500,581,0,654,462,0,0,181
8810,2310,500,0,289,0,209,0,0,99
8811,4746,500,254,833,0,415,0,0,170
8812,4808,500,502,631,0,421,0,0,168
8813,3034,500,406,321,279,291,500,0,118
8814,20957,900,4437,4839,0,1834,0,0,719
8815,2245,500,181,0,235,227,0,0,98
8816,7847,500,583,0,1235,787,0,0,303
8817,3487,500,720,224,514,356,500,0,140
8818,2798,500,212,580,0,245,0,0,133
8819,1500,500,243,0,229,152,0,0,94
8820,4303,500,622,1024,0,376,0,0,169
8821,4425,500,925,786,290,413,0,0,185
8822,3038,500,450,620,0,265,0,0,133
8823,1626,500,95,177,176,165,0,0,86
8824,2474,500,158,337,0,216,0,0,93
8825,6983,500,1555,0,764,678,0,0,278
8826,2264,500,222,0,255,221,0,0,114
8827,2186,500,220,0,321,223,0,0,110
8828,5402,500,546,904,358,504,0,0,202
8829,2159,500,141,0,148,206,500,0,82
8830,3186,500,245,0,417,312,0,0,151
8831,4281,500,258,524,342,409,0,0,158
8832,830,500,67,54,64,86,500,0,50
8833,3564,500,797,679,242,333,500,0,140
8834,6582,500,706,943,516,622,500,0,225
8835,4226,500,530,0,556,438,0,0,166
8836,2941,500,184,0,348,305,500,0,106
8837,2502,0,106,360,0,219,0,0,86
8838,7189,500,867,876,853,718,0,0,285
8839,2099,500,165,284,0,188,0,0,90
8840,13362,900,814,0,2454,1375,18905,0,51
8841,3332,500,217,242,362,329,0,0,143
8842,3839,500,406,0,813,414,0,0,193
8843,5638,500,349,927,318,520,0,0,226
8844,6645,500,220,1033,369,613,0,0,240
8845,9285,500,1479,1610,608,866,12738,0,66
8846,1995,500,344,0,258,209,500,0,88
8847,5025,500,533,0,730,509,0,0,190
8848,2216,500,1101,0,270,216,0,0,118
8849,2112,500,261,0,440,222,0,0,119
8850,1313,500,160,0,215,132,0,0,97
8851,3900,500,378,0,551,408,0,0,154
8852,3241,500,210,0,517,333,0,0,141
8853,5647,500,673,1137,0,495,0,0,208
8854,2919,500,183,448,0,256,0,0,111
8855,3498,500,517,712,0,315,500,0,131
8856,4132,500,496,718,0,372,0,597,168
8857,2830,500,173,218,263,273,0,0,124
8858,1957,500,248,216,126,185,0,0,95
8859,4224,500,545,0,529,417,0,0,174
8860,5150,500,1021,0,770,521,0,0,210
8861,2231,500,517,0,326,224,0,0,116
8862,4725,500,526,501,428,453,500,0,173
8863,4514,500,625,920,0,395,0,0,170
8864,5375,500,646,0,428,506,500,0,205
8865,1631,500,260,0,337,174,0,0,101
8866,2454,500,381,0,354,252,0,148,118
8867,1878,500,108,153,141,183,0,0,87
8868,6130,500,1008,0,947,621,0,0,252
8869,3116,500,290,0,417,326,0,0,139
8870,4716,500,490,0,270,437,500,0,167
8871,4916,500,779,0,817,498,0,0,208
8872,4567,500,542,670,516,441,0,0,197
8873,3567,500,194,311,340,348,0,0,132
8874,3003,500,117,171,403,308,0,0,119
8875,2532,500,106,195,260,252,0,0,105
8876,3597,500,211,598,0,315,0,0,133
8877,6324,500,1000,0,707,617,0,1031,203
8878,1647,500,64,60,169,165,0,0,86
8879,3448,500,356,708,0,311,0,0,145
8880,3312,500,384,0,620,341,0,0,161
8881,3368,500,604,848,0,295,500,0,127
8882,2413,500,147,0,218,237,500,0,95
8883,8211,500,1642,1774,0,719,5039,0,174
8884,3717,500,440,441,440,361,0,0,167
8885,20213,900,2314,3571,1785,1916,0,0,694
8886,1817,500,338,163,172,179,0,0,91
8887,4037,500,451,515,593,408,0,0,170
8888,3519,500,209,568,0,308,0,0,129
8889,3527,500,491,379,345,341,0,0,148
8890,3025,500,137,519,0,264,500,0,106
8891,2029,500,168,0,220,203,0,0,95
8892,3532,500,376,749,0,318,500,0,140
8893,4909,500,560,398,493,477,0,0,195
8894,1712,500,210,0,181,172,0,0,89
8895,7150,500,483,0,895,702,0,0,273
8896,3669,500,488,572,342,359,500,0,139
8897,9746,500,964,1908,0,852,0,1191,283
8898,4155,500,287,0,471,406,0,0,177
8899,1890,500,121,173,122,185,0,0,88
8900,2126,500,104,396,0,186,0,0,95
8901,3539,500,607,763,0,319,1097,0,118
8902,5232,500,551,281,742,524,0,0,207
8903,3841,500,373,567,234,359,5307,0,46
8904,2935,500,193,263,226,280,500,0,111
8905,1794,500,175,130,176,176,0,0,94
8906,4584,500,588,697,227,423,0,0,167
8907,7904,500,1926,0,1265,819,0,0,334
8908,3403,500,249,366,332,327,0,0,155
8909,4627,500,905,0,982,486,0,0,216
8910,5881,500,1308,1110,495,557,0,0,241
8911,2072,500,327,389,162,194,0,0,113
8912,3013,500,0,0,453,309,0,0,131
8913,1197,500,0,67,81,116,0,0,77
8914,2599,500,124,389,116,238,0,0,113
8915,10326,900,538,0,0,904,0,0,329
8916,4514,500,844,651,607,465,0,0,176
8917,1130,500,271,89,126,113,0,0,81
8918,2042,500,221,0,332,206,0,0,115
8919,2730,500,382,234,177,259,0,0,116
8920,4928,500,572,0,824,503,0,0,205
8921,5449,500,1162,1137,0,476,0,0,185
8922,2401,500,270,0,292,245,0,0,105
8923,4611,500,301,697,283,430,0,0,175
8924,5456,500,785,296,921,563,0,0,219
8925,9790,900,543,0,1513,981,0,0,377
8926,5113,500,554,0,743,516,0,0,199
8927,2354,500,252,451,0,206,500,0,92
8928,4358,500,301,0,560,431,0,0,179
8929,1069,500,0,141,0,93,0,0,71
8930,4079,500,662,0,555,409,500,0,148
8931,1424,500,154,201,161,138,0,0,92
8932,2120,500,176,263,143,202,0,0,97
8933,3231,500,405,0,484,322,0,0,157
8934,2765,500,296,148,345,273,0,0,128
8935,1307,500,60,0,223,138,0,0,87
8936,1479,500,89,0,118,150,0,0,86
8937,3646,500,568,0,391,356,0,0,156
8938,2290,500,180,293,104,212,0,0,101
8939,12321,900,1501,1197,1672,1214,0,0,473
8940,2393,500,260,342,232,236,0,0,119
8941,2847,500,128,381,146,264,0,0,116
8942,1391,500,71,196,113,135,0,0,89
8943,10433,900,721,1171,1095,1004,0,0,381
8944,2455,500,269,362,187,230,0,0,121
8945,1491,500,172,0,223,151,500,0,78
8946,5605,500,292,803,0,490,0,0,201
8947,2088,500,172,0,403,219,0,0,115
8948,2637,500,183,251,235,254,0,0,115
8949,4668,500,436,0,735,477,0,0,188
8950,2557,500,339,235,256,252,0,0,110
8951,5450,500,290,613,749,538,0,0,235
8952,5421,500,589,1111,0,475,0,0,195
8953,2902,500,352,265,343,284,0,0,144
8954,1434,500,239,0,129,147,500,0,61
8955,2928,500,329,0,331,300,500,0,114
8956,2856,500,193,0,350,286,0,0,128
8957,11492,900,1225,2440,0,1006,0,0,397
8958,3363,500,260,583,0,294,0,0,150
8959,1677,500,56,212,0,147,500,0,62
8960,2743,500,554,168,371,272,0,0,131
8961,2652,500,454,359,116,245,500,0,91
8962,2008,500,150,227,92,188,0,0,91
8963,3503,500,529,0,392,340,0,0,158
8964,9128,900,1676,0,1231,898,0,0,381
8965,1736,500,77,112,213,176,0,0,91
8966,1600,500,128,151,220,158,0,0,107
8967,3454,500,420,604,319,330,0,0,150
8968,1732,500,57,180,123,167,0,0,83
8969,1448,500,80,0,173,154,0,0,80
8970,3705,500,900,0,441,361,500,0,150
8971,2166,500,115,268,194,206,0,0,112
8972,613,500,65,0,80,62,500,0,49
8973,1615,500,146,224,90,151,0,0,89
8974,1861,500,341,237,210,185,0,0,97
8975,1384,500,113,277,0,121,0,0,87
8976,6711,500,674,742,591,639,0,0,249
8977,3630,500,340,671,0,317,0,0,141
8978,1797,500,424,0,235,179,0,0,97
8979,4763,500,511,634,306,446,0,0,182
8980,1617,500,113,0,179,167,0,0,89
8981,4243,500,619,634,162,387,0,0,153
8982,1055,500,58,134,167,107,0,0,81
8983,2815,500,318,0,441,286,500,0,119
8984,2709,500,235,0,230,264,0,0,109
8985,6356,500,350,1263,0,556,0,0,223
8986,3420,500,359,334,474,346,0,0,149
8987,1405,500,110,0,287,149,500,0,78
8988,11432,900,758,1943,586,1048,0,0,398
8989,3360,500,404,0,689,351,0,0,160
8990,5168,500,1149,0,890,529,0,0,223
8991,1468,500,271,149,182,144,0,0,95
8992,5115,500,800,656,390,485,0,0,184
8993,1198,500,107,235,0,105,0,0,80
8994,2019,500,263,194,198,197,0,0,97
8995,3413,500,229,0,575,354,0,0,152
8996,2493,500,0,460,0,218,0,0,115
8997,2880,500,320,0,550,302,0,0,139
8998,7485,500,1337,754,852,724,0,0,269
8999,884,500,88,0,173,92,0,0,77
9000,18076,900,2177,1484,2809,1814,0,0,658
9001,2969,500,462,0,501,307,0,0,137
9002,1493,500,146,225,202,149,0,0,93
9003,5429,500,362,0,855,552,0,0,215
9004,7850,500,0,0,1291,795,0,0,306
9005,2461,500,257,0,337,248,0,0,119
9006,2064,500,228,0,208,208,0,0,95
9007,2101,500,105,298,106,194,3006,0,0
9008,4597,500,550,0,859,473,0,0,203
9009,4098,500,391,0,416,400,0,0,155
9010,1716,500,306,265,0,150,0,0,97
9011,2891,500,127,404,0,253,0,0,113
9012,3293,500,354,0,383,322,500,0,131
9013,3775,500,557,663,0,330,0,0,139
9014,1307,500,168,206,0,114,0,0,89
9015,2210,500,197,0,279,222,0,0,113
9016,2576,500,527,0,384,266,0,0,130
9017,4416,500,628,861,0,398,0,0,167
9018,1863,500,364,304,0,163,0,0,100
9019,1477,500,253,321,0,129,0,0,88
9020,7085,500,703,0,0,620,500,0,225
9021,5043,500,257,814,709,502,0,0,208
9022,2919,500,230,0,403,301,0,0,123
9023,4266,500,0,0,422,415,0,0,163
9024,2132,500,192,375,0,186,0,0,101
9025,4488,500,441,833,0,392,0,0,163
9026,5309,500,813,874,372,499,0,0,202
9027,3524,0,353,276,502,358,0,0,133
9028,3149,500,436,553,163,290,0,0,144
9029,4261,500,400,0,575,429,563,0,152
9030,4094,500,497,0,274,381,0,0,177
9031,7656,500,889,0,1166,774,0,0,286
9032,4154,500,128,800,0,364,0,0,165
9033,5544,500,313,975,0,485,0,0,193
9034,3297,500,331,0,512,338,0,0,143
9035,7468,500,914,1113,0,654,500,0,241
9036,2181,500,98,0,287,222,0,0,110
9037,2001,500,408,359,0,175,0,0,94
9038,6678,500,1059,1063,0,584,0,0,249
9039,1274,500,78,0,120,129,0,0,77
9040,3228,500,464,0,378,320,0,0,140
9041,1696,500,0,251,0,148,500,0,78
9042,1832,500,150,378,0,161,500,0,89
9043,3593,500,492,673,0,315,0,0,142
9044,1556,0,63,0,109,149,0,0,67
9045,2258,500,348,236,157,217,0,0,100
9046,2168,500,126,0,443,229,0,0,119
9047,3700,500,257,493,333,354,0,0,151
9048,2669,500,152,0,349,271,0,0,126
9049,1679,500,162,236,147,161,0,0,92
9050,3984,500,471,378,338,384,0,0,148
9051,1666,0,193,152,221,166,0,0,85
9052,3251,500,474,0,311,313,0,0,135
9053,1342,500,110,0,174,134,0,0,86
9054,1575,500,181,0,309,163,0,0,103
9055,2194,500,155,251,180,214,0,0,100
9056,1218,500,108,101,226,124,0,0,92
9057,3168,500,368,0,440,313,500,0,146
9058,2908,500,234,457,0,254,500,0,98
9059,2677,500,449,504,115,244,0,0,132
9060,2434,500,473,493,0,213,0,0,107
9061,3228,500,289,0,354,317,0,674,121
9062,9287,900,1678,0,1194,910,0,0,358
9063,1621,500,81,0,125,165,0,0,80
9064,3373,500,366,0,385,330,0,0,148
9065,3129,500,334,571,0,274,0,0,123
9066,3845,500,894,851,0,336,0,0,152
9067,10634,900,670,0,1762,1071,0,0,414
9068,10505,900,615,0,1749,1098,14867,0,76
9069,9269,500,1025,1038,973,895,0,0,330
9070,4186,500,617,633,0,377,0,0,146
9071,3018,500,278,0,512,316,500,0,116
9072,1600,500,549,389,0,144,0,0,101
9073,6098,500,325,0,710,599,0,0,219
9074,1393,500,0,80,170,143,0,0,82
9075,5281,500,490,0,578,532,0,0,201
9076,4696,500,129,807,0,411,0,0,163
9077,4286,500,412,607,218,397,0,0,156
9078,4138,500,564,0,601,416,0,0,175
9079,3290,500,316,520,322,317,0,0,151
9080,3023,500,280,422,113,276,0,0,122
9081,5768,500,379,1147,0,504,0,0,213
9082,2337,500,126,253,299,230,0,0,127
9083,1975,500,0,236,62,180,500,0,77
9084,3650,500,424,0,585,371,0,0,154
9085,2678,500,270,487,0,234,0,0,117
9086,25970,900,3037,0,3552,2558,0,0,928
9087,2246,500,254,168,181,219,0,0,98
9088,2003,500,271,251,162,198,0,0,99
9089,1831,500,315,246,129,175,500,0,75
9090,1559,500,195,181,81,147,0,0,81
9091,6512,500,390,0,1040,661,0,0,256
9092,9433,900,686,0,1482,977,0,0,364
9093,2341,500,517,443,168,220,0,0,120
9094,2023,500,130,285,123,190,0,0,100
9095,1767,500,249,143,89,168,0,0,82
9096,1528,500,170,206,0,133,0,0,87
9097,1291,500,143,149,138,125,500,0,73
9098,2948,500,457,271,400,293,0,0,139
9099,8391,500,831,1644,0,755,0,0,275
9100,2880,500,191,339,0,252,0,0,114
9101,3827,500,404,0,537,390,0,0,175
9102,4657,500,463,763,327,436,0,0,185
9103,3214,500,351,591,0,281,0,0,125
9104,4022,500,221,627,226,372,0,0,162
9105,1581,500,149,272,0,138,0,0,86
9106,3376,500,610,0,479,335,0,0,156
9107,2314,500,171,148,178,223,0,0,101
9108,2410,500,294,0,392,249,0,0,138
9109,2577,500,261,431,0,226,0,0,106
9110,4236,500,467,814,0,371,0,0,155
9111,2484,500,161,292,0,218,0,0,105
9112,3947,500,523,0,436,387,0,0,157
9113,2589,500,323,0,326,258,0,0,120
9114,4967,500,484,797,365,467,900,0,159
9115,13165,900,1467,2303,856,1222,0,0,463
9116,2784,500,187,286,261,267,0,0,129
9117,1383,500,204,177,170,139,500,0,80
9118,1839,500,364,304,0,161,500,0,85
9119,9189,900,1134,0,1679,944,0,0,373
9120,12896,900,1561,0,1855,1280,0,0,467
9121,1938,500,262,156,191,189,500,0,85
9122,6311,500,673,0,932,629,0,0,249
9123,3808,500,410,0,649,396,0,0,166
9124,2174,500,132,0,227,215,500,0,87
9125,5283,500,727,603,553,510,0,0,203
9126,2352,500,448,360,114,217,0,0,114
9127,2157,500,81,227,110,204,0,0,101
9128,6063,500,370,658,579,580,0,0,233
9129,1370,500,114,167,58,126,0,0,76
9130,4418,500,328,886,0,386,0,0,178
9131,3508,500,407,407,414,341,0,0,154
9132,3869,500,535,0,582,402,0,0,177
9133,3136,500,128,187,405,318,500,0,114
9134,2949,500,416,0,392,299,0,0,128
9135,3796,500,464,682,221,350,500,0,149
9136,2199,500,146,0,342,224,0,1466,79
9137,1034,500,0,0,166,108,0,0,78
9138,2833,500,222,0,574,306,500,0,124
9139,1456,500,78,0,224,148,0,0,89
9140,2652,500,288,575,0,232,0,0,120
9141,5577,500,554,0,871,581,0,0,218
9142,2486,500,402,506,0,218,0,0,117
9143,2206,500,306,398,0,193,0,0,101
9144,7743,500,826,1289,494,721,0,0,273
9145,2562,500,202,0,435,261,0,0,136
9146,6451,500,1043,0,1137,657,0,1261,240
9147,2224,500,154,0,267,222,0,0,112
9148,4625,500,666,717,279,432,0,0,175
9149,3427,500,309,0,501,348,0,0,154
9150,1438,500,241,167,172,140,0,0,92
9151,2973,500,495,539,213,279,0,0,137
9152,2889,500,690,551,168,267,0,0,131
9153,5974,500,624,0,801,589,500,0,233
9154,1662,500,197,259,291,174,0,0,107
9155,3601,500,599,0,720,381,500,0,155
9156,9297,500,1104,1601,1021,901,0,0,338
9157,30756,900,5519,3906,3678,2990,500,0,1095
9158,1367,500,126,0,181,146,500,0,64
9159,3998,500,413,595,438,392,0,183,155
9160,2976,500,340,0,458,302,500,0,122
9161,3846,500,356,637,0,337,500,3844,40
9162,4165,500,220,405,385,401,0,0,161
9163,3734,500,435,0,486,367,0,0,164
9164,6162,500,578,1137,0,539,0,0,205
9165,4025,500,428,444,597,416,0,0,164
9166,1303,500,239,252,176,128,0,0,90
9167,6531,500,701,559,717,636,0,0,252
9168,2001,500,144,0,270,201,0,0,108
9169,4063,500,445,0,761,421,0,0,178
9170,3665,500,408,512,266,345,500,0,145
9171,1872,500,104,0,216,183,0,0,105
9172,3740,500,406,703,0,328,0,0,144
9173,1850,500,120,173,121,181,0,0,88
9174,2580,500,147,290,57,232,0,0,100
9175,2033,500,163,0,236,207,0,0,97
9176,684,500,237,0,139,72,0,0,75
9177,2173,500,199,328,112,201,0,0,108
9178,5660,500,991,566,855,566,0,0,235
9179,1980,500,140,232,0,174,0,0,93
9180,12236,900,2111,0,1577,1205,0,0,464
9181,6287,500,748,0,1037,638,0,0,246
9182,1678,500,174,291,101,155,0,0,98
9183,3080,500,158,215,318,303,0,0,128
9184,1872,500,143,279,0,164,0,0,88
9185,2834,500,190,0,463,293,0,0,132
9186,3694,500,229,540,222,344,0,0,147
9187,4247,500,306,843,0,372,0,0,166
9188,1505,500,100,234,0,131,0,0,83
9189,13837,900,946,2387,1286,1316,500,0,474
9190,1271,500,280,94,121,126,0,0,79
9191,28168,900,3538,0,4766,2850,0,186,1025
9192,3833,500,638,0,585,389,0,0,169
9193,2306,500,168,180,232,229,0,0,102
9194,2924,500,427,588,0,263,0,0,123
9195,2517,500,115,0,343,253,0,0,120
9196,6492,500,1060,0,786,649,9486,0,57
9197,4341,500,638,0,660,451,0,0,189
9198,6141,500,996,902,499,583,500,0,209
9199,6168,500,412,0,719,602,0,0,231
9200,3968,500,517,813,0,347,0,0,143
9201,4987,500,313,714,0,436,0,0,184
9202,4392,500,690,891,0,384,0,0,160
9203,2679,500,278,423,157,256,0,0,122
9204,4312,500,671,0,836,453,0,0,185
9205,1900,500,344,0,355,208,0,0,103
9206,3298,500,431,422,0,288,0,0,130
9207,3648,500,366,0,451,365,500,0,133
9208,9227,500,1591,894,1289,917,0,0,343
9209,3081,500,509,538,110,279,500,0,126
9210,2523,500,190,195,202,246,0,0,105
9211,2287,500,225,372,110,210,0,0,107
9212,4026,500,498,482,434,388,0,0,177
9213,2191,500,270,0,210,217,500,0,82
9214,4476,500,320,0,777,459,0,0,193
9215,6323,500,0,0,728,620,0,0,216
9216,7187,500,863,1574,0,629,0,0,263
9217,2395,500,90,275,46,215,0,0,97
9218,4924,500,612,1014,0,443,0,0,188
9219,7113,500,464,0,1038,716,0,0,257
9220,4465,500,277,716,0,390,0,0,166
9221,2859,500,540,476,258,271,0,0,136
9222,5925,500,0,1029,0,519,500,0,176
9223,2201,500,223,190,334,222,0,0,116
9224,1915,500,117,177,111,183,500,0,77
9225,2011,500,155,0,283,208,0,0,100
9226,3367,500,0,422,161,311,0,0,132
9227,16958,900,0,2645,1897,1642,0,0,551
9228,3461,500,840,0,540,358,0,0,167
9229,4777,500,513,0,921,519,0,0,192
9230,4213,500,375,0,438,412,0,0,168
9231,4081,500,261,0,489,397,1936,0,135
9232,1791,500,99,199,0,156,0,0,79
9233,64123,6360,0,0,0,0,0,0,0
9234,1671,500,109,200,121,161,500,0,70
9235,1590,500,87,0,332,166,0,0,104
9236,1627,500,257,93,181,164,500,0,71
9237,2405,500,217,162,241,238,0,0,107
9238,4636,500,551,0,767,484,0,0,212
9239,2402,500,227,0,287,242,0,0,111
9240,2489,500,107,0,223,243,0,0,113
9241,6407,500,280,1221,0,562,7750,0,0
9242,7473,500,867,893,902,727,0,0,285
9243,1359,500,62,211,0,120,0,0,79
9244,2129,500,233,262,0,187,0,0,89
9245,2079,500,260,341,0,182,0,0,94
9246,2281,500,347,271,110,213,0,0,95
9247,936,500,112,0,202,100,0,0,80
9248,2916,500,313,0,386,300,0,0,131
9249,4196,500,415,396,389,406,0,0,154
9250,2666,500,316,152,377,266,0,838,111
9251,5974,500,1400,1497,0,523,0,0,213
9252,5116,500,366,0,984,531,0,0,211
9253,1086,500,260,86,97,105,0,0,76
9254,1562,500,163,0,224,157,0,1009,75
9255,1566,500,416,0,244,162,0,0,100
9256,15920,900,1843,2912,1027,1518,0,0,566
9257,2672,500,429,0,503,274,500,0,122
9258,8290,500,847,1254,0,725,0,0,279
9259,10473,900,1131,0,1746,1060,1105,0,390
9260,1615,500,230,0,223,165,0,0,88
9261,2438,500,193,278,287,244,552,0,117
9262,6968,500,359,1361,0,610,0,0,235
9263,3171,500,211,320,272,303,500,0,120
9264,3513,500,449,0,483,353,0,0,154
9265,4447,500,558,0,602,444,0,0,176
9266,6855,500,402,0,1316,707,0,0,276
9267,1382,500,190,0,114,138,0,0,84
9268,4367,500,668,672,184,400,334,0,152
9269,2890,500,318,0,374,288,0,0,131
9270,3447,500,374,747,0,301,0,0,146
9271,3116,500,583,594,219,291,500,0,129
9272,3751,500,392,414,332,357,0,0,159
9273,1509,500,257,0,334,161,500,0,84
9274,3800,500,425,0,742,393,0,0,175
9275,2302,500,445,430,0,201,0,0,102
9276,1974,500,68,144,89,186,0,0,85
9277,3956,500,588,405,400,397,0,0,153
9278,3739,500,506,0,246,351,0,0,152
9279,1963,500,154,0,276,203,0,0,104
9280,3809,500,456,808,0,333,500,0,146
9281,3927,500,1118,376,470,388,0,0,158
9282,788,500,252,89,93,76,0,0,77
9283,5311,500,562,1015,0,478,0,0,188
9284,4360,500,246,538,0,382,0,0,152
9285,5289,500,914,0,784,536,0,0,201
9286,2053,500,222,370,0,180,0,0,108
9287,5936,500,671,0,1323,629,0,719,239
9288,4419,500,264,0,779,454,0,0,194
9289,1445,500,330,274,104,135,0,0,92
9290,2399,500,1101,621,0,216,0,0,111
9291,4590,500,638,0,548,453,0,0,179
9292,2612,500,185,484,0,229,0,0,113
9293,1911,500,142,389,0,167,0,1467,73
9294,2183,500,98,0,340,228,0,0,109
9295,5586,500,648,508,832,560,0,0,220
9296,1498,500,398,0,384,162,0,0,107
9297,1677,500,337,0,219,168,0,0,96
9298,3800,500,391,592,331,363,0,0,155
9299,7283,500,886,716,1022,719,500,0,289
9300,13463,900,1650,0,1819,1324,0,0,513
9301,5067,500,542,964,0,444,0,0,189
9302,7814,500,867,887,784,751,500,0,293
9303,4307,500,904,844,0,377,0,0,168
9304,2713,500,124,390,117,248,0,0,118
9305,1687,500,172,206,0,147,0,0,88
9306,1283,500,109,0,173,128,0,0,86
9307,3790,500,411,0,558,382,0,0,161
9308,9948,900,1220,958,1533,996,500,0,381
9309,6472,500,465,0,1084,656,0,0,257
9310,3233,500,332,496,122,303,0,0,126
9311,4325,500,659,846,0,379,500,0,144
9312,6463,500,1133,809,676,622,0,0,263
9313,4817,500,523,541,536,468,0,0,196
9314,2152,500,221,339,153,203,0,0,110
9315,2419,500,217,0,414,256,0,0,115
9316,2212,500,161,228,223,221,0,0,119
9317,4401,500,784,431,591,435,0,0,185
9318,800,500,87,78,110,78,500,0,62
9319,1818,500,174,240,62,166,500,0,74
9320,1548,500,56,177,63,143,0,0,81
9321,4371,500,470,0,0,382,0,0,181
9322,4459,500,296,608,471,432,0,0,181
9323,5678,500,280,885,381,531,0,0,204
9324,3356,500,351,635,0,294,0,1737,95
9325,2979,500,370,0,656,314,0,0,163
9326,3858,500,838,799,0,347,0,0,148
9327,8969,500,1041,0,1318,898,500,0,317
9328,3197,500,189,452,165,296,500,0,115
9329,5695,500,631,0,703,563,0,0,227
9330,2104,500,109,330,106,194,0,0,108
9331,8307,500,884,1272,0,727,500,0,544
9332,1971,500,348,0,375,203,0,0,123
9333,3755,500,289,0,855,398,0,0,177
9334,8745,500,634,0,1447,906,500,0,324
9335,7379,500,1394,0,1401,757,0,0,297
9336,2582,500,481,249,221,250,0,0,118
9337,1077,500,287,209,56,99,0,0,84
9338,11504,900,1481,0,2219,1184,0,4845,357
9339,3326,500,552,607,318,327,0,0,151
9340,2845,500,135,254,220,272,0,0,121
9341,1563,500,93,178,0,138,0,0,79
9342,1325,500,110,0,168,132,0,0,86
9343,2350,500,174,261,123,228,0,0,98
9344,2347,500,434,402,0,205,0,0,100
9345,5349,500,515,0,839,545,0,0,211
9346,3747,500,436,785,0,328,0,0,165
9347,2128,500,464,0,272,211,0,0,110
9348,2319,500,311,223,169,220,500,0,91
9349,3816,500,335,365,337,367,0,0,149
9350,7539,500,1302,867,810,732,0,0,272
9351,2655,500,280,0,461,279,0,0,140
9352,4088,500,409,588,309,389,0,0,155
9353,3387,500,328,0,433,351,0,0,140
9354,4576,500,509,690,479,441,0,0,186
9355,2419,500,225,0,382,248,0,0,120
9356,1725,500,62,0,172,174,0,0,86
9357,1287,500,59,0,114,129,0,0,84
9358,3532,500,445,0,670,365,0,0,165
9359,2595,500,276,398,192,243,0,0,126
9360,2284,500,479,0,246,223,0,0,113
9361,2349,500,98,0,225,232,0,0,105
9362,1833,500,253,0,145,182,0,0,97
9363,3341,500,334,265,348,327,0,0,140
9364,9599,500,626,1514,430,878,0,0,330
9365,3933,500,201,365,337,377,0,0,153
9366,2694,500,232,455,0,235,0,0,112
9367,6344,500,368,1172,0,555,0,0,210
9368,7216,500,509,637,951,712,0,0,269
9369,2325,500,146,313,111,214,0,0,103
9370,3445,500,219,0,444,345,0,0,143
9371,2822,500,357,323,108,260,1103,0,84
9372,4890,500,655,0,750,497,0,0,199
9373,10269,900,539,1951,0,899,0,0,329
9374,1718,500,197,182,82,162,0,0,86
9375,2613,500,433,0,401,264,0,0,128
9376,6278,500,665,1324,0,550,0,0,229
9377,2630,500,137,401,113,240,0,0,124
9378,2205,500,180,0,263,226,500,0,80
9379,3163,500,535,248,283,306,0,0,127
9380,3029,500,324,471,0,265,0,0,114
9381,3321,500,460,563,0,299,500,0,120
9382,17333,900,0,0,2476,1723,0,0,577
9383,4096,500,623,773,268,380,0,0,177
9384,3231,500,195,464,0,283,0,1717,96
9385,14498,900,870,2823,0,1268,500,0,438
9386,2269,500,0,0,342,226,0,0,127
9387,5102,500,316,470,782,509,0,0,213
9388,1658,500,247,142,88,157,0,0,81
9389,1238,500,93,155,52,114,0,0,77
9390,2749,500,0,0,589,297,0,0,136
9391,1636,500,141,191,165,156,0,0,104
9392,2121,500,189,0,254,217,0,0,110
9393,5281,500,526,981,0,462,0,0,189
9394,2435,500,0,441,0,213,0,0,108
9395,3959,500,259,0,404,386,0,0,161
9396,3585,500,651,443,380,346,0,0,161
9397,4102,500,255,650,320,387,0,0,168
9398,2015,500,213,0,193,201,0,0,97
9399,5058,500,564,895,277,466,0,0,202
9400,6895,500,832,0,1222,707,0,0,275
9401,6940,500,757,623,926,687,0,0,268
9402,2034,500,217,312,0,178,500,0,92
9403,2793,500,224,436,0,244,0,0,110
9404,9396,900,2307,0,1484,943,0,0,405
9405,12637,900,1284,2545,0,1135,0,0,414
9406,5259,500,289,788,216,480,0,0,186
9407,1441,500,169,206,0,126,0,0,84
9408,9005,500,601,0,1060,878,0,1323,288
9409,4056,500,417,629,368,389,0,0,162
9410,1646,500,140,285,55,148,0,0,96
9411,1560,500,158,313,0,136,0,0,90
9412,2202,500,558,252,167,209,0,0,108
9413,3379,500,405,407,435,331,0,0,161
9414,2541,500,181,0,349,263,0,0,123
9415,3286,500,312,486,268,313,0,0,136
9416,3975,500,851,594,222,368,0,0,153
9417,2104,500,253,0,245,214,0,0,100
9418,5941,500,629,431,721,587,0,0,220
9419,3263,500,280,0,402,326,0,0,135
9420,3920,500,903,0,321,372,0,0,173
9421,1083,500,0,86,114,107,0,0,75
9422,3943,500,379,497,201,365,0,0,149
9423,1008,500,232,0,150,101,0,0,80
9424,10659,900,1077,1543,0,932,0,0,342
9425,4139,500,837,655,0,362,0,0,165
9426,7307,500,1298,1302,802,709,0,0,290
9427,10968,900,618,0,1239,1066,0,0,387
9428,2126,500,164,178,166,205,0,0,99
9429,2196,500,349,0,225,223,0,0,96
9430,1154,500,262,86,97,112,0,0,77
9431,2861,500,320,0,535,300,0,0,136
9432,2618,500,193,249,242,258,0,0,107
9433,4951,500,607,891,395,466,0,0,203
9434,7739,500,938,758,950,753,0,0,304
9435,1834,500,309,0,179,185,0,0,89
9436,2395,500,184,0,337,247,0,0,110
9437,3890,500,519,545,356,373,0,0,163
9438,4851,500,541,832,0,437,0,0,180
9439,6112,500,421,0,1172,637,0,0,257
9440,1385,500,56,0,177,141,0,0,87
9441,2725,500,450,574,0,239,0,0,128
9442,2288,500,94,284,79,210,0,0,98
9443,1324,500,54,81,109,129,0,0,78
9444,2299,500,401,0,345,232,0,0,126
9445,2028,500,249,0,354,206,0,0,116
9446,1676,500,116,0,232,174,500,0,74
9447,11047,900,1904,2010,1258,1073,0,0,424
9448,5327,500,1147,0,969,547,0,0,248
9449,1992,500,175,207,0,174,0,0,90
9450,13616,900,1243,2378,854,1262,0,0,402
9451,3684,500,338,0,367,360,500,0,137
9452,2407,500,259,375,0,211,0,0,119
9453,1616,500,57,144,181,164,0,0,89
9454,5899,500,1338,0,697,580,0,0,237
9455,3420,500,382,383,545,346,0,0,157
9456,5459,500,509,0,0,491,0,0,187
9457,1612,500,0,230,0,141,0,0,89
9458,55132,5446,0,0,0,0,0,0,0
9459,2076,500,248,296,0,182,0,0,91
9460,4586,500,304,0,504,450,0,0,171
9461,14144,900,1505,3023,0,1237,0,0,481
9462,2261,500,468,0,235,221,0,0,110
9463,8174,500,543,890,1040,805,0,0,296
9464,11798,900,1894,2198,0,1033,500,0,406
9465,5494,500,539,0,656,539,0,0,213
9466,4187,500,668,619,299,393,500,0,143
9467,4415,500,510,0,790,455,500,0,165
9468,5037,500,364,1010,0,454,0,0,191
9469,8051,500,1579,1229,782,773,500,0,279
9470,2733,500,297,0,458,280,500,0,118
9471,4471,500,495,603,370,423,0,0,181
9472,2814,500,225,438,0,253,0,0,113
9473,3532,500,441,264,409,352,0,0,137
9474,7788,500,946,0,1107,772,551,0,294
9475,2104,500,159,239,417,237,0,0,104
9476,1488,500,88,187,0,130,0,0,77
9477,1301,500,63,0,227,137,0,0,88
9478,2073,500,167,0,167,201,0,0,100
9479,1270,500,73,0,87,126,0,0,74
9480,3264,500,303,430,0,286,0,0,130
9481,1626,500,0,194,51,148,0,0,82
9482,1661,500,287,89,133,166,0,0,85
9483,3428,500,534,619,275,323,0,0,155
9484,2501,500,379,485,0,219,0,0,110
9485,5943,500,366,1169,0,520,0,0,222
9486,4194,500,480,0,520,412,0,0,179
9487,2253,500,416,506,0,198,0,0,112
9488,2789,500,190,468,0,245,0,0,117
9489,1637,500,158,313,0,143,0,0,91
9490,4245,500,559,0,686,440,0,0,166
9491,1937,500,221,0,339,199,0,0,109
9492,4213,500,632,0,677,428,0,0,177
9493,5039,500,682,931,0,454,500,0,162
9494,1968,500,124,0,382,203,0,0,114
9495,2802,500,126,403,0,245,0,0,109
9496,14612,900,1667,2626,949,1356,0,0,518
9497,1590,500,256,234,161,153,0,0,97
9498,3934,500,707,0,0,344,0,0,153
9499,5667,500,324,0,812,571,0,0,216
9500,10651,900,2251,0,1542,1062,0,0,429
9501,7402,500,918,1470,0,666,500,0,227
9502,5262,500,341,0,842,535,0,0,207
9503,4644,500,643,0,671,484,0,0,180
9504,3110,500,196,360,329,298,500,0,134
9505,2462,500,145,346,0,215,567,0,86
9506,2292,500,241,160,393,233,0,0,125
9507,4314,500,452,419,399,417,0,0,163
9508,8241,500,1399,992,733,783,0,0,279
9509,3376,500,333,660,0,295,0,0,138
9510,3805,500,616,427,434,371,0,0,160
9511,6745,500,392,553,835,665,500,0,234
9512,9593,500,1030,1593,710,901,0,0,329
9513,3167,500,302,0,466,325,0,0,139
9514,6473,500,349,0,1129,667,0,0,246
9515,3297,500,343,0,468,338,0,0,135
9516,11890,900,1918,0,1914,1196,500,0,449
9517,4193,500,489,898,0,367,0,0,159
9518,2591,500,185,485,0,234,0,2249,71
9519,6295,500,695,546,874,629,0,0,240
9520,3456,500,344,0,557,352,0,0,163
9521,9427,900,622,0,1745,977,0,0,370
9522,1874,500,226,0,222,188,0,0,105
9523,3099,500,540,369,466,312,500,0,131
9524,2313,500,448,361,114,214,0,0,106
9525,2334,500,160,287,0,204,0,0,104
9526,3772,500,444,552,165,347,0,0,145
9527,2413,500,264,0,389,249,500,0,101
9528,9937,500,1680,0,595,921,500,0,333
9529,8579,500,997,0,1300,864,12241,0,56
9530,3218,500,275,422,0,290,0,0,126
9531,2935,500,213,332,364,287,0,0,144
9532,2310,500,380,0,288,227,0,0,123
9533,2334,500,126,0,338,243,500,0,104
9534,5204,500,529,823,339,486,0,0,193
9535,2400,500,416,346,109,221,0,0,106
9536,2975,500,219,320,332,289,500,0,123
9537,2675,500,350,335,420,283,0,0,114
9538,2550,500,193,387,0,224,0,0,123
9539,2471,500,148,0,231,244,0,0,112
9540,1827,500,334,338,0,160,0,0,96
9541,6077,500,704,0,934,613,0,0,233
9542,1444,500,56,119,172,145,0,0,86
9543,1812,500,165,0,392,196,0,0,104
9544,2723,500,240,188,303,272,0,0,117
9545,2276,500,96,319,0,199,0,0,101
9546,6193,500,818,715,848,615,0,0,244
9547,4421,500,130,0,550,435,0,0,174
9548,2961,500,330,339,292,284,0,480,132
9549,4675,500,637,483,386,447,0,0,177
9550,2850,500,588,0,167,265,500,0,108
9551,3339,500,193,156,486,340,0,0,147
9552,3818,500,377,747,0,334,500,0,150
9553,2252,500,238,473,0,197,0,0,112
9554,1285,500,211,256,0,112,0,0,83
9555,3241,500,153,456,171,301,0,0,132
9556,6616,500,692,765,880,671,500,0,246
9557,1315,500,102,222,0,115,0,0,79
9558,3806,500,422,0,529,390,500,0,162
9559,1246,500,95,163,62,116,0,0,80
9560,4617,500,1004,267,632,462,500,0,181
9561,3055,500,275,539,0,267,0,0,123
9562,3844,500,690,0,500,377,500,0,159
9563,2826,500,430,0,343,277,0,0,139
9564,2616,500,193,0,307,266,500,0,95
9565,2291,500,147,400,0,200,0,0,109
9566,2558,500,463,331,219,254,0,0,114
9567,3030,500,118,171,403,310,0,0,126
9568,2389,500,240,345,176,224,0,0,112
9569,2853,500,191,339,0,250,0,0,109
9570,3036,500,428,586,0,266,0,0,129
9571,2285,500,91,229,0,199,500,0,79
9572,2853,500,587,0,0,257,500,0,105
9573,947,500,93,90,138,94,0,0,80
9574,1528,500,222,0,222,153,0,0,97
9575,3312,500,0,0,451,337,500,0,114
9576,1364,500,66,139,178,135,0,0,89
9577,2568,500,326,0,678,286,0,0,140
9578,3416,500,225,226,469,345,0,0,141
9579,2121,500,333,0,351,217,0,0,121
9580,3445,500,738,314,442,342,0,0,149
9581,3237,500,342,462,206,301,0,0,141
9582,1473,500,148,0,160,142,500,0,77
9583,1200,500,111,0,166,119,500,0,71
9584,2776,500,472,259,322,271,0,0,132
9585,1863,500,95,0,225,185,0,0,101
9586,2872,500,255,436,0,259,0,0,112
9587,3597,500,464,564,167,331,0,0,141
9588,2443,500,332,282,282,238,0,0,126
9589,3406,500,337,636,0,298,0,0,127
9590,8896,500,618,0,1555,907,500,0,344
9591,3266,500,379,517,0,285,0,0,119
9592,1219,500,45,142,58,113,500,0,58
9593,2363,500,567,0,334,240,0,0,114
9594,2772,500,248,351,0,242,0,0,116
9595,2660,500,222,373,0,232,0,3614,40
9596,2274,500,106,0,226,222,500,0,87
9597,5279,500,587,1082,0,462,0,0,195
9598,3179,500,567,0,446,325,0,0,134
9599,11695,900,638,1924,604,1074,0,0,397
9600,3122,500,590,572,0,273,500,0,100
9601,2892,500,295,415,108,264,0,0,118
9602,9052,500,611,0,1220,921,0,0,328
9603,5002,500,508,280,800,506,0,0,203
9604,2671,500,274,545,0,234,0,0,122
9605,2043,500,81,197,162,199,0,0,94
9606,5785,500,417,0,980,588,500,0,226
9607,1790,500,173,286,0,156,0,0,89
9608,5159,500,763,0,888,524,0,0,225
9609,4806,500,494,436,575,470,0,0,192
9610,6179,500,360,0,1177,647,0,0,244
9611,4141,500,257,348,511,407,0,0,183
9612,3160,500,367,297,419,312,0,0,141
9613,2705,500,190,467,0,237,500,2640,40
9614,4252,500,635,0,662,431,0,0,187
9615,957,500,96,88,155,96,0,0,80
9616,1064,0,28,78,64,104,0,0,52
9617,6056,500,358,0,891,609,0,0,235
9618,5282,500,763,0,667,526,0,0,200
9619,3786,500,739,581,123,345,0,0,138
9620,4437,500,395,656,418,424,0,0,155
9621,5748,500,696,1170,0,503,0,0,208
9622,1573,500,251,136,201,157,0,0,94
9623,4941,500,318,0,568,484,0,0,188
9624,1343,500,149,76,222,136,500,0,79
9625,7916,500,1349,0,465,730,0,0,304
9626,1542,500,171,161,111,145,0,0,90
9627,1616,500,223,266,235,163,0,0,99
9628,3340,500,0,501,0,292,0,0,118
9629,966,500,85,135,151,98,0,0,78
9630,3296,500,209,476,240,312,0,0,141
9631,5891,500,353,1122,0,531,0,0,209
9632,1421,500,88,157,52,130,0,0,77
9633,4887,500,330,908,0,427,500,0,162
9634,6321,500,819,0,804,623,500,0,221
9635,3555,500,901,0,640,363,500,0,166
9636,5584,500,910,917,0,487,0,7481,40
9637,4341,500,293,0,788,453,0,0,187
9638,3552,500,320,487,224,334,0,0,134
9639,3689,500,807,0,657,380,0,0,178
9640,2709,500,306,439,0,237,0,0,110
9641,3978,500,628,681,270,372,0,0,167
9642,1912,500,175,0,332,201,0,0,104
9643,2735,500,118,0,294,280,0,0,121
9644,3555,500,353,635,0,311,0,0,136
9645,4599,500,507,0,681,464,0,0,194
9646,5030,500,568,995,0,440,0,0,183
9647,8282,500,1023,0,1143,816,500,0,312
9648,4128,500,835,0,552,412,0,0,169
9649,4307,500,313,499,483,416,0,0,182
9650,2846,500,317,353,245,272,0,0,127
9651,2294,500,278,353,0,200,0,0,98
9652,1448,500,89,122,82,137,0,0,79
9653,2961,500,158,0,437,304,0,0,128
9654,8109,500,1398,954,802,779,0,0,286
9655,2738,500,256,0,330,271,500,0,108
9656,4425,500,481,960,0,398,0,0,179
9657,1005,500,52,80,106,98,0,121,75
9658,5519,500,609,0,676,545,0,0,217
9659,5944,500,339,1205,0,535,0,0,221
9660,8807,500,537,1518,602,819,0,0,324
9661,2758,500,530,0,448,282,0,0,136
9662,2104,500,474,0,392,219,0,0,114
9663,26812,900,3098,3184,2437,2546,0,0,909
9664,2504,500,485,203,300,250,0,0,121
9665,8605,500,546,753,1095,847,0,0,320
9666,1077,500,49,148,42,98,500,0,59
9667,2962,500,300,0,456,304,0,0,137
9668,3891,500,356,637,0,341,0,0,139
9669,4107,500,623,861,0,359,0,0,164
9670,2852,500,297,236,347,282,500,0,118
9671,2371,500,349,269,199,225,0,0,117
9672,1618,500,66,0,140,159,500,0,69
9673,2761,500,488,697,0,242,500,0,119
9674,3666,500,226,0,468,381,0,0,143
9675,2036,500,357,0,226,210,0,0,98
9676,1537,500,273,183,111,151,0,0,86
9677,3265,500,256,0,765,348,0,0,162
9678,3487,500,310,0,504,365,0,0,155
9679,5273,500,564,0,775,535,0,0,203
9680,3414,500,648,444,378,329,0,0,162
9681,3533,500,379,658,0,309,0,0,136
9682,4343,500,444,764,0,380,0,0,150
9683,3554,500,839,823,0,311,0,0,151
9684,3601,500,358,0,444,358,0,0,154
9685,2023,500,446,167,325,211,0,0,105
9686,7002,500,403,1296,0,613,0,0,227
9687,1719,500,223,264,123,162,0,0,93
9688,1957,500,143,0,213,192,0,0,103
9689,1476,500,60,0,115,143,500,0,68
9690,18774,900,2250,0,2546,1850,0,0,678
9691,2623,500,382,234,240,256,0,0,112
9692,2536,500,217,243,138,239,0,0,103
9693,3505,500,735,506,223,327,0,0,143
9694,3263,500,307,437,0,286,0,0,131
9695,2299,500,234,466,0,201,500,0,96
9696,1400,500,116,88,139,140,0,0,82
9697,3333,500,196,643,0,292,0,0,143
9698,3966,500,233,557,162,363,0,0,145
9699,3979,500,464,0,677,405,0,0,185
9700,4626,500,560,0,516,451,0,0,189
9701,3667,500,832,800,0,321,0,0,144
9702,6279,500,817,0,692,609,0,0,231
9703,2108,500,558,0,274,210,500,0,98
9704,1821,500,235,267,171,177,0,0,97
9705,2429,500,126,225,225,242,0,0,112
9706,8591,500,837,1654,0,752,0,0,276
9707,8228,500,554,869,814,791,500,0,269
9708,14832,900,1696,2697,825,1364,0,0,525
9709,5971,500,616,1224,0,523,0,0,215
9710,5241,500,762,444,638,519,0,0,198
9711,6665,500,882,1142,445,622,0,0,247
9712,3996,500,289,429,428,398,500,0,159
9713,3638,500,409,0,383,352,0,0,152
9714,1446,500,145,225,201,145,0,0,93
9715,1489,500,79,0,333,161,0,0,96
9716,4286,500,256,0,789,442,0,0,191
9717,3674,500,440,0,568,368,0,0,171
9718,3052,500,376,0,279,298,0,0,122
9719,12564,900,1913,2205,726,1162,0,0,410
9720,1884,500,130,0,223,186,0,0,102
9721,1038,500,88,192,0,91,0,0,72
9722,1728,500,260,0,225,173,500,0,82
9723,2108,500,176,208,0,184,0,0,89
9724,3352,500,283,154,403,335,0,0,141
9725,1484,500,192,0,0,130,0,0,82
9726,3729,500,520,537,163,344,500,0,127
9727,3824,500,411,395,385,370,0,0,153
9728,5134,500,336,976,0,449,0,0,182
9729,5471,500,278,1055,0,480,0,0,194
9730,5732,500,648,0,701,579,0,0,216
9731,5678,500,992,0,998,581,0,0,230
9732,3895,500,267,0,582,395,0,0,162
9733,3858,500,253,230,658,400,0,0,173
9734,5524,500,311,1062,0,483,500,0,185
9735,3222,500,280,244,350,318,0,0,138
9736,1051,500,93,145,89,101,0,0,79
9737,3381,500,282,244,346,333,0,0,136
9738,4839,500,333,509,482,466,0,0,186
9739,3028,500,267,524,0,265,0,0,121
9740,21379,900,3368,4678,0,1871,500,0,686
9741,2353,500,180,406,177,227,0,0,120
9742,9353,900,1069,0,1422,937,13681,0,63
9743,3383,500,467,0,335,341,0,0,134
9744,5834,500,652,1011,462,550,0,0,225
9745,3611,500,515,641,0,316,0,1574,100
9746,3920,500,495,720,262,364,0,0,171
9747,7940,500,1298,0,974,779,0,0,295
9748,2300,500,110,357,155,215,0,0,112
9749,3017,500,351,284,397,297,0,0,150
9750,4259,500,492,751,214,391,0,0,172
9751,2449,500,224,0,335,246,0,0,118
9752,7261,500,869,1557,0,635,0,0,258
9753,1426,0,94,0,142,144,0,0,65
9754,2291,500,148,344,0,201,0,0,98
9755,5826,500,417,521,801,577,0,0,240
9756,1744,500,313,0,234,181,0,0,92
9757,2021,500,106,0,337,208,0,0,108
9758,4487,500,332,942,0,393,0,0,174
9759,7717,500,1403,0,1387,808,0,0,318
9760,3704,500,335,292,472,370,0,0,150
9761,2320,500,347,116,294,233,0,0,111
9762,4837,500,300,0,666,484,0,0,194
9763,10405,900,657,1803,803,975,0,0,381
9764,12779,900,1540,0,1974,1283,1217,0,456
9765,7916,500,1479,0,1390,830,500,0,314
9766,5529,500,828,952,381,518,0,0,209
9767,16795,900,972,2495,1303,1575,0,0,572
9768,2640,500,165,464,0,231,0,0,114
9769,2539,500,223,384,0,222,0,0,118
9770,6116,500,674,0,1360,643,0,0,260
9771,3334,500,515,0,496,332,0,0,154
9772,2920,500,591,386,217,276,0,0,125
9773,4570,500,523,747,276,425,0,0,183
9774,3900,500,629,0,651,394,0,0,175
9775,1289,500,59,0,165,130,0,0,81
9776,23754,900,2956,2016,3950,2399,0,0,871
9777,4298,500,258,437,446,429,0,0,175
9778,3483,500,443,0,556,349,500,0,152
9779,5951,500,675,1374,0,520,500,0,195
9780,2575,500,132,343,0,225,500,0,79
9781,3128,500,488,0,553,319,0,0,149
9782,1841,500,382,0,350,199,500,0,95
9783,5601,500,733,956,369,522,0,0,206
9784,3329,500,403,591,570,339,0,0,156
9785,1132,500,148,0,137,110,0,0,85
9786,58268,900,7363,7164,10031,5903,0,0,2075
9787,2374,500,91,93,224,234,500,0,91
9788,3158,500,560,438,308,307,0,0,141
9789,1801,500,175,130,176,177,0,0,94
9790,1829,500,156,0,274,186,500,0,87
9791,3227,500,528,568,269,306,0,0,148
9792,11629,900,1232,1771,0,1017,0,0,399
9793,5226,500,312,594,593,505,0,0,217
9794,4965,500,657,0,865,514,0,0,194
9795,4088,500,349,0,452,404,0,0,166
9796,3446,500,210,597,0,302,0,0,133
9797,2666,500,417,436,272,258,0,0,127
9798,2965,500,460,0,437,300,0,0,141
9799,1906,500,0,0,198,191,0,0,93
9800,3092,500,0,0,345,305,0,0,128
9801,6151,500,399,0,711,603,0,0,231
9802,1620,500,141,0,276,164,0,0,104
9803,1733,500,231,113,133,168,0,0,90
9804,2480,500,182,250,223,237,0,0,118
9805,3245,500,277,0,284,315,500,0,115
9806,3270,500,485,567,121,296,0,0,141
9807,2526,500,200,0,411,274,0,0,111
9808,4576,500,316,0,605,465,0,0,200
9809,4881,500,793,0,682,490,0,0,189
9810,1232,500,71,0,129,131,0,846,56
9811,2610,500,298,0,467,275,0,0,129
9812,5174,500,899,1036,0,452,0,0,191
9813,5936,500,946,1318,0,520,0,0,227
9814,1526,500,256,195,198,150,0,0,99
9815,4107,500,486,646,421,404,0,0,180
9816,3466,500,209,251,356,339,0,0,147
9817,27767,900,1092,4662,1170,2524,0,0,865
9818,5731,500,715,0,981,581,0,0,243
9819,3923,500,340,556,0,343,500,0,126
9820,2389,500,176,321,0,210,0,0,104
9821,3257,500,414,469,0,285,0,0,135
9822,4191,500,915,0,617,424,0,0,183
9823,2500,500,155,0,482,266,0,0,120
9824,4598,500,509,0,505,447,0,0,187
9825,3481,500,372,375,334,344,0,0,150
9826,4495,500,1656,1029,0,393,0,0,190
9827,8161,500,945,0,1239,819,0,0,291
9828,10670,900,1137,1198,1083,1027,0,0,402
9829,5968,500,604,1199,0,521,0,0,212
9830,1602,500,243,211,0,141,0,0,77
9831,5478,500,396,0,772,557,0,0,244
9832,3132,500,278,0,444,320,0,0,140
9833,1044,500,89,146,58,97,0,0,75
9834,2470,500,147,221,226,240,0,0,114
9835,4179,500,291,0,705,430,0,0,173
9836,1299,500,108,170,0,114,0,0,81
9837,4748,500,576,0,1051,515,0,2069,169
9838,2547,500,459,0,373,264,0,0,116
9839,3836,500,610,759,0,336,0,0,151
9840,3121,500,460,379,324,300,500,0,131
9841,4754,500,602,389,607,475,0,0,185
9842,4117,500,0,485,460,404,0,0,167
9843,878,500,100,127,125,90,500,0,60
9844,4520,500,577,0,420,437,0,0,170
9845,1424,500,201,174,0,124,500,0,66
9846,4320,500,291,0,554,430,0,0,185
9847,5761,500,809,1231,0,504,500,0,190
9848,3409,500,191,397,0,299,0,0,125
9849,2859,500,369,485,0,250,0,0,112
9850,3995,500,897,849,0,349,0,0,162
9851,2380,500,91,317,0,208,0,0,92
9852,1803,500,207,277,0,158,0,0,88
9853,1957,500,118,0,237,203,0,0,95
9854,6342,500,442,0,451,593,500,9000,40
9855,2761,500,604,522,166,256,0,0,137
9856,3901,500,499,484,540,395,500,0,154
9857,2617,500,371,274,275,263,0,0,120
9858,3684,500,568,314,391,360,0,0,149
9859,2462,500,457,0,362,251,0,0,115
9860,2083,500,176,208,0,182,0,0,90
9861,2221,500,181,165,176,223,0,0,107
9862,3533,500,0,0,416,345,0,0,155
9863,3620,500,467,378,335,349,0,0,148
9864,2196,500,239,0,310,221,0,0,114
9865,6153,500,414,967,0,538,0,0,213
9866,13550,900,827,0,2051,1353,0,0,496
9867,2428,500,186,0,393,245,0,0,125
9868,2370,500,155,0,291,239,0,0,108
9869,5448,500,558,869,333,506,0,0,200
9870,4044,500,283,0,625,410,0,0,170
9871,2366,500,406,0,316,241,0,0,123
9872,6601,500,457,0,1180,693,0,0,284
9873,2446,500,149,345,0,215,0,0,101
9874,1187,500,491,0,129,124,0,0,75
9875,2749,500,125,0,285,268,0,0,134
9876,4329,500,501,905,0,389,0,0,171
9877,2538,500,231,324,113,234,0,0,107
9878,6859,500,439,0,1102,688,0,0,273
9879,2196,500,98,0,230,224,0,0,101
9880,7715,500,966,1534,0,675,0,0,268
9881,3478,500,438,0,472,342,0,0,160
9882,2696,500,237,363,142,251,500,0,98
9883,5984,500,356,630,738,588,0,0,238
9884,3724,500,0,0,633,384,0,0,163
9885,2482,500,580,486,109,226,0,0,123
9886,6245,500,421,0,894,644,0,0,241
9887,1427,500,60,0,226,150,0,0,86
9888,1802,500,175,265,317,189,0,0,101
9889,8748,500,601,485,1368,881,0,12098,40
9890,2121,500,222,0,383,217,0,0,119
9891,3334,500,378,569,165,305,500,0,134
9892,9695,900,1131,1137,1130,943,0,0,371
9893,9997,900,0,1077,1065,961,500,0,344
9894,2109,500,317,0,386,215,500,0,106
9895,2084,500,142,278,0,182,500,0,91
9896,7675,500,762,1508,0,671,0,0,256
9897,8230,500,1047,0,1478,838,0,0,333
9898,3010,500,327,318,210,287,0,0,119
9899,3883,500,500,0,578,397,500,0,142
9900,3308,500,458,437,356,322,0,0,146
9901,747,500,215,164,0,65,0,0,70
9902,10131,900,1151,1794,772,951,13906,0,59
9903,3166,0,223,269,394,312,0,0,126
9904,5668,500,0,0,779,585,500,0,186
9905,3188,500,380,0,536,323,0,0,156
9906,10097,900,617,2050,0,884,0,0,330
9907,3165,500,215,582,0,277,0,0,130
9908,2226,500,374,234,224,216,500,0,94
9909,1613,500,93,179,0,141,500,0,61
9910,2548,500,192,375,0,224,0,0,102
9911,8296,500,1014,0,1532,855,0,0,325
9912,2593,500,400,323,336,254,500,0,116
9913,1764,500,143,298,198,171,0,0,101
9914,1850,500,308,168,256,185,0,0,103
9915,10736,900,757,1226,1035,1054,0,0,393
9916,4159,500,868,0,683,423,0,2289,132
9917,8253,500,878,0,1209,830,500,0,298
9918,3282,500,406,0,534,331,0,0,159
9919,2259,500,236,0,237,221,0,0,108
9920,4736,500,230,366,486,461,0,0,176
9921,2480,500,182,0,347,249,0,0,115
9922,851,500,221,0,119,87,500,0,59
9923,2311,500,167,0,448,239,0,0,130
9924,3912,500,500,0,578,400,0,0,160
9925,2787,500,380,516,0,244,0,0,120
9926,3573,500,214,323,327,347,0,0,141
9927,1572,500,116,168,59,145,0,0,80
9928,3784,500,403,0,647,385,0,0,171
9929,2877,500,420,578,0,252,0,0,124
9930,3620,500,334,0,493,361,0,0,156
9931,8681,500,444,1213,0,759,0,0,280
9932,3107,500,211,320,272,297,0,0,138
9933,11874,900,1254,1802,0,1039,500,0,389
9934,3193,500,0,0,346,320,0,1884,104
9935,1911,500,153,166,176,186,500,2926,40
9936,23163,900,2551,4096,920,2103,0,0,759
9937,4087,500,808,938,0,358,0,0,177
9938,1398,500,56,0,178,146,0,0,86
9939,2525,500,672,428,207,242,0,0,125
9940,1686,500,174,113,169,164,0,0,97
9941,2058,500,221,172,268,205,500,0,94
9942,4754,500,562,0,674,492,0,0,185
9943,3217,500,464,0,389,320,0,0,140
9944,3144,500,477,322,224,297,0,0,131
9945,2218,500,592,0,255,228,0,0,97
9946,9925,500,0,1524,589,918,500,0,301
9947,6357,500,310,1171,0,557,0,0,210
9948,5603,500,599,0,749,552,0,0,240
9949,1799,500,111,216,63,164,0,0,90
9950,1278,500,190,180,79,120,0,0,79
9951,3802,500,837,0,746,401,500,0,154
9952,11272,900,1220,1901,764,1052,0,0,396
9953,2643,500,382,234,229,257,500,0,94
9954,13504,900,549,2191,807,1250,500,0,431
9955,2202,500,381,0,221,214,0,0,107
9956,2200,500,168,355,159,206,0,0,115
9957,4778,500,1071,1116,0,418,0,0,185
9958,3504,500,448,470,297,345,0,0,141
9959,1683,500,92,0,243,182,0,0,101
9960,1349,500,64,243,0,118,0,0,81
9961,4906,500,568,0,636,483,0,0,203
9962,5373,500,540,1070,0,470,500,0,180
9963,32640,900,3541,7064,0,2856,0,0,1029
9964,3992,500,530,741,0,349,0,0,149
9965,4343,500,219,334,436,421,0,0,163
9966,2404,500,262,0,275,237,0,0,119
9967,10516,900,709,911,1139,1018,0,0,375
9968,1962,500,556,0,333,201,0,0,110
9969,3099,500,154,541,0,271,0,0,126
9970,4662,0,555,0,0,420,0,0,178
9971,4285,500,419,544,313,406,500,0,145
9972,5502,500,370,0,1067,575,500,0,204
9973,3872,500,0,592,286,363,0,0,168
9974,2666,500,147,364,0,234,0,0,126
9975,1865,500,194,0,331,192,0,0,106
9976,2042,500,112,306,170,192,0,0,113
9977,3237,500,398,677,0,291,0,0,143
9978,4977,500,536,0,817,523,0,0,200
9979,4304,500,661,570,280,404,0,0,156
9980,2054,500,251,167,179,201,0,0,95
9981,3968,500,291,358,524,391,0,0,185
9982,2298,500,169,0,344,242,0,0,112
9983,2467,500,305,445,168,237,500,0,115
9984,2253,500,405,0,431,232,0,0,126
9985,2258,500,106,0,374,238,0,0,108
9986,5809,500,553,0,774,589,500,0,219
9987,11833,900,1216,2413,0,1035,500,0,408
9988,2530,500,275,0,452,258,0,0,136
9989,2032,500,75,0,170,200,0,0,97
9990,2474,500,271,0,517,260,0,0,137
9991,3032,500,301,597,0,273,0,0,134
9992,4278,500,410,585,0,374,0,0,160
9993,4440,500,462,917,0,388,0,0,174
9994,2900,500,1139,0,342,298,0,0,125
9995,1592,500,172,208,112,150,0,0,95
9996,2281,500,107,0,278,228,0,0,115
9997,6221,500,820,0,1016,632,0,1172,224
9998,1178,500,111,0,211,124,0,0,88
9999,4775,500,508,0,756,480,0,0,208
10000,2399,500,429,0,386,241,500,0,114
10001,4149,500,252,568,475,411,0,0,162
10002,7779,500,1299,0,991,786,0,0,286
10003,1932,500,128,337,0,169,500,0,81
10004,1413,500,295,205,58,130,0,0,81
10005,2269,500,91,316,0,198,0,0,95
10006,2547,500,275,367,0,229,111,0,99
10007,3276,500,229,0,462,330,500,0,143
10008,1857,500,355,139,241,189,0,0,95
10009,2796,500,279,0,349,275,500,0,122
10010,2706,500,670,506,0,236,0,0,108
10011,5661,500,655,0,796,566,0,0,246
10012,2338,500,187,465,0,205,500,0,104
10013,1332,500,66,209,172,132,0,0,88
10014,19710,900,2129,4250,0,1726,0,887,624
10015,1411,500,192,181,80,133,0,0,80
10016,4548,500,492,437,683,453,0,0,200
10017,6648,500,438,1113,488,623,0,0,244
10018,2667,500,191,262,223,255,0,0,124
10019,1761,500,145,248,171,169,500,0,84
10020,5535,500,363,0,908,568,0,0,228
10021,1137,500,112,166,57,105,0,0,77
10022,3363,500,312,0,416,344,0,0,153
10023,1911,500,279,148,244,192,0,0,99
10024,1661,0,101,0,207,170,0,0,72
10025,4239,500,278,621,227,393,0,0,160
10026,1962,500,103,242,191,191,0,0,101
10027,2841,500,313,242,397,285,0,0,137
10028,10794,900,1145,1648,0,944,0,0,375
10029,5304,500,292,0,823,540,500,0,193
10030,2749,500,115,388,0,241,0,0,108
10031,2403,500,582,0,330,236,0,0,126
10032,2563,500,218,170,218,249,500,0,93
10033,1653,500,0,0,224,166,559,0,84
10034,7698,500,600,0,866,747,0,10412,40
10035,3826,500,469,0,337,369,0,0,149
10036,8685,500,1041,1230,808,827,0,0,320
10037,2817,500,377,0,286,274,0,0,124
10038,5118,500,496,980,0,448,6562,0,44
10039,6447,500,1108,0,975,647,0,0,249
10040,6047,500,751,1286,0,529,0,0,220
10041,5720,500,1154,0,954,585,0,0,236
10042,9046,500,1059,0,1473,946,0,0,327
10043,3569,500,420,212,726,372,0,0,176
10044,2200,500,338,220,225,215,0,0,107
10045,1159,500,70,107,165,115,0,0,88
10046,11913,900,704,1325,1601,1176,0,0,432
10047,4199,500,623,0,494,411,500,0,149
10048,2744,500,193,0,400,279,0,0,125
10049,3198,500,190,550,0,280,0,0,124
10050,1920,500,108,329,110,177,0,0,107
10051,5242,500,578,0,798,530,500,0,194
10052,2632,500,194,0,410,267,0,0,126
10053,4462,500,590,609,427,443,500,0,168
10054,5067,500,360,0,790,525,0,0,207
10055,2098,500,221,0,315,210,0,0,117
10056,1565,500,285,169,140,150,0,0,93
10057,3411,500,390,621,395,331,0,0,168
10058,1122,500,107,81,148,114,0,0,84
10059,5150,500,1126,0,596,501,0,0,203
10060,2075,500,235,254,0,187,0,0,87
10061,2166,500,143,282,0,189,0,0,104
10062,4421,500,702,0,621,444,0,1278,145
10063,3923,500,220,0,664,403,0,0,168
10064,1334,500,108,255,0,117,0,0,83
10065,3119,500,381,0,551,318,0,0,149
10066,2351,500,222,364,111,216,0,0,113
10067,2750,500,436,0,330,268,0,0,137
10068,8418,500,1393,1830,0,736,500,0,262
10069,2270,500,451,206,290,225,0,0,115
10070,2055,500,224,249,219,197,0,0,115
10071,1955,500,266,0,392,212,0,0,105
10072,1454,500,161,0,223,147,0,0,98
10073,4408,500,575,595,413,425,0,0,166
10074,3349,500,516,0,679,347,0,0,176
10075,2079,500,143,286,0,182,0,0,97
10076,5684,500,602,0,689,562,0,0,213
10077,2288,500,200,328,113,211,0,0,102
10078,3037,500,294,258,317,295,0,0,137
10079,1427,500,63,240,0,125,0,0,83
10080,3981,500,445,0,857,430,0,0,188
10081,2342,500,179,349,0,205,545,0,102
10082,3807,500,460,0,457,370,0,0,171
10083,3142,500,468,0,354,305,0,0,148
10084,2783,500,339,0,447,288,0,0,136
10085,3391,500,359,0,726,362,500,0,142
10086,11706,900,1250,2491,0,1024,0,1367,372
10087,19026,900,1120,0,3925,1987,0,0,696
10088,3059,500,275,539,0,267,0,0,130
10089,3405,500,199,0,567,348,0,0,157
10090,3404,500,837,0,543,343,0,0,162
10091,5727,500,372,0,744,570,0,0,215
10092,2958,500,506,645,0,259,0,0,131
10093,2563,500,146,307,116,238,570,2552,40
10094,3607,500,630,0,578,366,0,0,163
10095,6352,500,773,0,796,619,0,0,259
10096,3919,500,333,470,0,343,0,0,139
10097,1761,500,102,0,187,187,0,0,87
10098,3254,500,444,362,367,318,0,0,146
10099,2661,500,274,0,465,275,0,0,128
10100,2564,500,217,243,138,241,0,0,110
10101,2798,500,412,0,338,279,0,0,124
10102,2420,500,181,250,222,232,0,0,120
10103,892,500,44,0,169,96,0,0,77
10104,2688,500,136,0,562,289,0,0,137
10105,2711,500,224,436,0,237,0,0,109
10106,9621,500,1017,2025,0,842,0,0,325
10107,7493,500,496,1305,360,685,0,0,272
10108,4708,500,436,0,748,482,0,0,191
10109,2701,500,414,0,435,286,0,0,129
10110,6534,500,770,1261,0,571,0,0,221
10111,2304,500,378,0,187,217,500,0,105
10112,3870,500,579,698,224,357,500,0,152
10113,4569,500,312,0,0,400,0,0,174
10114,3648,500,650,573,264,342,0,0,157
10115,1908,500,96,142,208,187,0,0,100
10116,1593,500,0,276,0,139,0,0,93
10117,2973,500,174,0,372,301,500,0,106
10118,5389,500,441,989,0,472,500,0,171
10119,1075,500,90,0,177,112,500,0,63
10120,1200,500,112,166,57,111,0,0,83
10121,1396,500,222,261,0,122,0,0,82
10122,4423,500,669,0,672,449,0,0,184
10123,5041,500,324,885,0,441,0,0,174
10124,4907,500,313,394,592,485,0,0,187
10125,2450,500,170,485,0,214,0,0,115
10126,4321,500,506,666,622,441,0,0,184
10127,4158,500,449,497,395,395,500,0,166
10128,2508,500,587,0,437,256,0,0,139
10129,1331,500,92,130,119,135,0,0,80
10130,4408,500,514,805,324,411,0,0,194
10131,1494,500,0,131,0,130,0,0,74
10132,1544,500,94,0,169,155,0,0,86
10133,6224,500,670,742,653,598,0,0,266
10134,6279,500,1113,0,994,631,0,0,251
10135,3737,500,601,641,0,327,500,0,114
10136,6431,500,422,0,1002,655,0,0,237
10137,1582,500,0,134,0,139,0,0,76
10138,3023,500,222,0,432,308,500,0,131
10139,2902,500,130,0,297,286,0,0,121
10140,4688,500,638,483,442,453,1791,0,135
10141,5524,500,0,0,947,566,0,0,226
10142,2242,500,249,400,103,205,500,0,101
10143,1785,500,149,361,0,156,0,0,100
10144,15370,900,1773,0,1857,1499,0,0,557
10145,3357,500,552,0,452,340,0,0,158
10146,3372,500,530,737,0,295,0,0,146
10147,12482,900,827,2138,592,1173,0,0,432
10148,4604,500,449,0,528,454,0,0,181
10149,2613,500,109,0,261,260,500,0,91
10150,3169,500,378,381,379,308,0,0,147
10151,4352,500,259,0,560,445,0,0,173
10152,3802,500,473,0,503,393,0,0,153
10153,3780,500,218,405,382,375,0,0,169
10154,5701,500,350,0,894,572,0,0,231
10155,2128,500,263,268,57,193,0,0,97
10156,3252,500,464,258,384,323,500,0,121
10157,5239,500,550,448,635,516,0,0,215
10158,3859,500,272,640,0,338,0,0,161
10159,3986,500,350,0,504,411,500,0,139
10160,1612,500,203,136,115,155,0,0,83
10161,3176,500,302,0,518,330,0,0,135
10162,2540,500,182,294,58,229,500,0,85
10163,9488,900,554,1037,1412,952,0,0,357
10164,3970,500,541,369,526,392,0,0,169
10165,3632,500,417,505,347,347,0,0,163
10166,10673,900,1209,1227,1069,1025,0,0,394
10167,3326,500,190,0,382,324,0,0,150
10168,2238,500,167,289,0,196,0,0,91
10169,1292,500,59,0,223,136,0,0,86
10170,2120,500,171,0,292,217,0,0,109
10171,2424,500,0,367,77,219,0,0,116
10172,6456,500,1094,1382,0,565,0,0,226
10173,2840,500,134,326,0,249,0,0,112
10174,4102,500,522,492,268,385,500,0,149
10175,3578,500,332,0,601,363,0,0,177
10176,3846,500,372,462,268,363,0,0,152
10177,1220,500,39,86,91,121,0,0,73
10178,5247,500,518,937,0,460,0,0,189
10179,3006,500,0,578,0,263,500,0,120
10180,3374,500,214,0,507,345,0,0,145
10181,2750,500,190,520,0,241,0,0,114
10182,4277,500,458,0,672,437,0,0,178
10183,3393,500,189,636,0,297,0,0,143
10184,4291,500,428,449,462,419,0,0,177
10185,1967,500,143,252,0,172,0,0,84
10186,4731,500,305,808,546,468,0,0,179
10187,3059,500,341,0,511,315,0,0,146
10188,5901,500,593,1083,0,516,0,0,197
10189,2811,500,523,553,0,246,0,0,122
10190,3932,500,386,611,164,359,0,0,154
10191,2633,500,115,0,287,259,0,0,119
10192,1949,500,182,0,247,203,0,0,104
10193,3798,500,361,0,522,386,500,0,142
10194,9183,900,1133,771,1508,927,0,0,372
10195,7184,500,453,1477,0,629,0,0,250
10196,2595,500,206,307,170,247,0,0,105
10197,2705,500,206,410,341,264,0,0,137
10198,2439,500,250,498,0,214,500,0,104
10199,4019,500,494,859,0,351,0,0,168
10200,10220,900,1199,0,1691,1041,0,0,392
10201,4726,500,544,0,567,460,0,0,200
10202,3614,500,596,0,426,361,0,0,151
10203,4087,500,654,925,0,357,3742,0,92
10204,3578,500,0,0,619,371,0,0,156
10205,1697,500,356,0,160,171,0,0,85
10206,1581,500,165,252,130,150,0,0,93
10207,2034,500,157,0,226,201,0,0,107
10208,4447,500,923,0,713,459,0,0,182
10209,933,500,229,215,0,82,0,0,71
10210,1671,500,47,147,61,155,0,0,79
10211,3108,500,205,538,0,272,0,0,123
10212,4756,500,513,0,711,495,0,0,197
10213,3469,500,227,0,392,345,0,0,139
10214,1689,500,112,135,115,162,0,0,87
10215,6699,500,354,1343,0,586,500,0,226
10216,2842,500,128,227,229,275,0,0,120
10217,2737,500,150,449,0,239,0,0,107
10218,2470,500,186,270,316,243,0,0,125
10219,6156,500,386,0,907,619,0,0,239
10220,2461,500,181,0,335,257,500,0,91
10221,5163,500,338,0,880,549,0,0,205
10222,5446,500,822,0,718,545,0,0,204
10223,2378,500,145,306,161,225,500,0,86
10224,2175,500,152,0,300,222,0,0,124
10225,3629,500,469,190,499,364,0,0,154
10226,8594,500,955,0,1360,872,0,0,318
10227,2899,500,506,408,160,272,0,0,122
10228,2388,500,369,520,0,215,500,0,115
10229,3659,500,217,322,386,353,0,0,166
10230,2952,500,315,539,0,258,500,0,113
10231,6707,500,444,0,1051,696,0,0,284
10232,8111,500,1305,0,1257,820,0,0,294
10233,1665,500,149,292,0,146,0,0,89
10234,2830,500,591,0,335,278,500,0,115
10235,6832,500,714,1083,601,653,0,0,243
10236,2279,500,170,165,170,229,0,0,98
10237,2094,0,0,0,238,216,0,0,81
10238,10184,900,1257,1004,1406,1003,500,0,391
10239,6386,500,322,1217,0,559,0,0,231
10240,2765,500,550,0,519,301,0,0,129
10241,1840,500,260,180,169,179,0,0,97
10242,2479,500,354,197,265,243,500,0,99
10243,3904,500,500,753,0,342,0,0,139
10244,1952,500,217,313,234,192,0,0,105
10245,2630,500,409,0,319,259,0,0,131
10246,8458,500,526,1366,494,783,0,0,286
10247,5340,500,803,0,1000,548,0,0,235
10248,5084,500,491,971,0,445,0,0,181
10249,3959,500,406,449,386,379,0,0,180
10250,4348,500,418,561,247,404,0,0,163
10251,5382,500,350,0,759,532,0,0,243
10252,5956,500,693,1207,0,521,0,0,206
10253,8133,500,502,0,862,786,0,3222,212
10254,4301,500,297,0,646,434,0,0,176
10255,3890,500,493,677,0,350,0,0,140
10256,6771,500,1569,0,1588,725,500,0,290
10257,10090,900,1098,1718,651,938,0,0,348
10258,1593,500,335,146,207,158,0,0,95
10259,5197,500,0,919,0,455,0,0,176
10260,11709,900,1742,2604,0,1054,0,0,418
10261,4371,500,522,0,783,450,0,0,191
10262,2703,500,190,340,122,248,0,0,120
10263,1801,500,151,317,170,171,0,0,113
10264,2864,500,327,0,329,285,0,0,126
10265,5049,500,895,0,759,507,0,0,218
10266,3548,500,223,668,0,311,500,0,125
10267,2510,500,182,175,279,246,0,0,120
10268,3281,500,0,0,449,338,0,0,146
10269,3989,500,424,658,282,374,0,0,169
10270,2921,500,327,0,0,255,500,0,122
10271,2075,500,114,175,0,182,0,0,85
10272,5437,500,645,0,765,540,0,0,217
10273,2132,0,153,0,287,215,0,0,91
10274,2448,500,249,380,139,227,500,0,101
10275,12168,900,551,1330,1244,1168,500,0,445
10276,4260,500,901,772,333,402,0,0,173
10277,3072,500,398,304,368,298,500,0,125
10278,5934,500,857,593,808,584,0,0,250
10279,4472,500,245,738,0,391,0,0,151
10280,1376,500,71,135,111,130,0,0,90
10281,2314,500,452,0,302,231,0,0,114
10282,3918,500,0,661,0,342,500,0,132
10283,987,500,94,0,173,105,0,0,80
10284,4136,500,862,0,573,416,0,0,164
10285,5274,500,662,0,733,543,0,0,204
10286,4286,500,659,656,162,391,0,0,152
10287,4096,500,401,792,0,358,0,0,165
10288,3937,500,449,0,574,396,0,0,166
10289,1831,500,74,111,156,178,0,0,90
10290,4070,500,1103,0,689,412,0,0,187
10291,5621,500,324,677,856,570,0,0,212
10292,4497,500,255,388,531,439,0,0,182
10293,11179,900,882,0,1583,1109,0,0,420
10294,4631,500,489,767,215,425,0,0,179
10295,24820,900,2530,5303,0,2171,0,0,789
10296,3090,500,144,0,330,306,0,0,128
10297,3086,500,261,0,451,325,0,0,134
10298,3411,500,646,663,208,315,0,0,151
10299,2271,500,128,328,0,199,0,0,95
10300,8433,500,904,1801,0,738,0,0,294
10301,2745,500,195,223,346,272,0,0,128
10302,2325,500,118,0,520,252,0,0,120
10303,6479,500,701,1010,0,567,0,0,238
10304,3096,500,339,0,421,309,0,0,141
10305,3066,500,352,0,515,311,0,0,146
10306,4332,500,556,0,589,431,0,0,177
10307,3854,500,227,0,459,381,0,0,155
10308,3689,500,407,589,166,338,0,0,146
10309,2557,500,193,0,260,261,0,0,116
10310,2181,500,232,361,139,203,0,0,108
10311,3322,500,432,651,0,291,0,0,127
10312,2448,500,371,291,220,233,0,0,122
10313,7278,500,886,0,1091,726,0,0,290
10314,2621,500,227,371,549,284,0,0,127
10315,3294,500,318,243,409,331,0,0,136
10316,2804,500,216,0,493,294,0,0,142
10317,3094,500,351,355,281,295,0,0,134
10318,1963,0,347,0,354,214,0,0,81
10319,1808,500,166,146,173,174,0,0,100
10320,4005,500,646,0,571,403,0,0,176
10321,2173,500,325,411,0,190,0,0,102
10322,2245,500,254,168,181,219,0,0,96
10323,3091,500,444,530,282,295,0,0,140
10324,2646,500,679,367,218,261,0,0,117
10325,4039,500,228,566,241,388,0,0,155
10326,1920,500,330,392,0,168,0,0,97
10327,3069,500,128,0,457,316,0,0,128
10328,2464,500,0,269,330,242,0,0,130
10329,4660,500,453,646,0,408,0,0,171
10330,4612,500,493,0,711,466,0,0,196
10331,2524,500,271,451,0,221,0,0,119
10332,1194,500,61,209,0,105,0,0,78
10333,4414,500,531,694,553,443,0,0,193
10334,5457,500,668,976,395,509,7528,0,54
10335,1490,500,161,0,161,144,0,0,93
10336,3684,500,0,307,305,354,0,0,133
10337,4791,500,257,374,520,468,0,0,187
10338,2680,500,571,249,171,255,0,0,113
10339,2575,500,409,0,274,258,0,0,120
10340,3049,500,0,0,394,306,0,0,138
10341,3386,500,480,481,163,313,0,0,129
10342,3593,500,896,480,379,345,0,0,168
10343,2001,500,75,0,170,197,500,0,76
10344,3482,0,613,0,531,349,500,0,127
10345,5786,500,738,0,782,580,0,0,220
10346,3685,500,230,0,516,375,0,0,154
10347,5767,500,0,0,891,587,0,0,216
10348,4139,500,661,353,436,404,0,0,162
10349,2011,500,220,215,228,196,0,0,107
10350,3493,500,218,0,541,359,0,0,167
10351,10486,900,765,0,1878,1074,0,0,402
10352,3441,500,442,464,0,301,0,0,135
10353,5427,500,990,0,969,569,500,0,220
10354,3204,500,595,479,112,292,0,0,126
10355,4285,500,468,0,745,442,500,0,168
10356,4802,500,495,898,0,420,500,0,155
10357,2751,500,350,348,206,269,0,0,122
10358,9660,900,1685,1174,1199,947,0,0,272
10359,2104,500,169,147,176,203,0,0,102
10360,5254,500,644,0,771,523,0,0,230
10361,4053,500,417,0,620,411,0,0,172
10362,3250,500,298,423,466,329,0,0,153
10363,2711,500,318,0,553,285,0,0,135
10364,3375,500,384,318,508,338,0,0,159
10365,4131,500,416,199,548,416,0,0,163
10366,3055,500,690,397,380,299,0,0,147
10367,6763,500,471,0,1231,716,0,0,283
10368,5121,500,295,0,859,524,0,0,203
10369,3221,500,189,426,264,304,0,0,143
10370,2426,500,188,162,241,240,0,0,112
10371,2133,500,159,331,164,208,0,0,108
10372,3310,500,304,0,406,342,0,0,133
10373,14065,900,1702,0,2270,1460,0,0,529
10374,4813,500,310,847,0,421,0,0,168
10375,3459,500,221,632,0,302,0,0,145
10376,2460,500,369,257,118,236,0,0,104
10377,2092,500,264,289,229,208,0,0,102
10378,3373,500,539,626,120,306,0,0,155
10379,2257,500,105,357,0,198,500,0,87
10380,5359,500,355,846,281,494,0,0,195
10381,3209,500,443,362,349,311,0,0,142
10382,3257,500,553,553,220,304,0,0,139
10383,1556,500,134,240,148,148,0,0,96
10384,5573,500,1001,1305,0,487,0,0,208
10385,2306,500,152,364,0,201,0,0,96
10386,3766,500,382,572,200,348,0,0,146
10387,4358,500,403,0,0,381,0,0,158
10388,10596,900,1216,1232,1124,1021,0,0,396
10389,7334,500,483,0,884,739,500,0,250
10390,5177,500,1076,0,623,505,0,0,207
10391,2565,500,192,0,460,266,0,0,128
10392,1980,500,179,247,355,214,0,0,106
10393,4919,500,338,0,611,481,0,0,208
10394,2321,500,162,356,170,219,0,0,113
10395,1733,500,166,217,0,152,0,0,91
10396,2677,500,229,0,352,274,500,0,98
10397,2914,500,116,313,233,280,500,0,109
10398,9933,900,763,0,1903,1021,500,0,386
10399,1775,0,104,0,220,173,0,0,89
10400,3750,500,439,577,352,357,0,0,166
10401,3089,500,579,512,0,270,0,0,137
10402,8056,500,907,0,1187,811,0,0,296
10403,2715,500,345,330,243,271,0,0,116
10404,2627,500,165,0,419,275,0,0,118
10405,3191,500,445,507,517,328,0,0,144
10406,2357,500,482,203,298,235,0,0,109
10407,7760,500,939,0,1303,788,0,0,305
10408,1682,500,264,187,0,148,500,0,62
10409,3236,500,540,0,456,331,0,0,135
10410,3200,500,491,566,0,280,0,0,141
10411,5103,500,825,0,753,514,0,0,192
10412,5649,500,332,757,0,494,0,0,192
10413,1884,500,334,177,284,190,0,0,110
10414,10860,900,553,926,1239,1057,0,0,383
10415,1545,0,173,0,281,161,0,0,83
10416,4431,500,619,611,0,387,500,0,150
10417,1455,500,306,0,229,151,0,0,90
10418,3219,500,153,0,451,337,0,0,144
10419,1508,500,332,0,226,153,0,0,90
10420,6266,500,757,945,0,548,0,0,232
10421,1925,500,551,255,165,183,0,0,107
10422,3346,500,332,0,0,293,0,0,138
10423,1393,0,127,0,189,154,0,0,64
10424,3703,500,329,0,555,381,0,0,150
10425,3166,500,481,0,423,319,0,0,137
10426,2208,500,231,177,179,214,0,0,98
10427,3480,500,754,0,540,352,0,0,166
10428,2649,500,368,386,203,252,0,0,118
10429,1745,500,57,0,117,168,0,0,85
10430,2149,500,130,339,0,188,0,0,95
10431,11410,900,1237,1783,0,998,0,1058,375
10432,3744,500,482,0,384,367,0,0,147
10433,2242,500,178,0,325,224,0,0,123
10434,8493,500,545,0,921,821,0,0,325
10435,3417,500,444,0,552,353,500,0,150
10436,3295,500,407,0,597,337,500,0,141
10437,3566,500,309,437,259,348,0,0,144
10438,2828,500,0,406,166,263,0,0,124
10439,1661,500,92,0,242,180,500,0,70
10440,6670,500,1557,0,1411,705,0,0,254
10441,2370,500,222,0,305,241,0,0,110
10442,1885,500,306,267,168,183,0,0,95
10443,1412,500,0,222,0,124,0,0,79
10444,3630,500,331,0,500,366,0,0,144
10445,2282,500,132,0,270,222,0,0,120
10446,3017,500,587,445,115,284,0,0,119
10447,2398,500,371,233,281,234,0,0,125
10448,3795,500,0,686,0,332,0,0,147
10449,10604,900,529,1445,0,928,0,1066,300
10450,2323,500,404,285,221,228,0,0,120
10451,6262,500,1056,0,895,627,0,0,237
10452,7660,500,883,1256,431,709,0,0,252
10453,7171,500,443,1202,0,628,0,0,247
10454,3084,500,462,0,439,312,0,0,135
10455,2083,0,109,330,106,192,0,0,92
10456,5298,500,617,0,934,540,0,0,229
10457,1658,500,171,85,108,162,0,0,93
10458,3040,500,325,568,0,266,0,0,129
10459,4095,500,270,612,351,392,0,0,163
10460,2845,500,378,291,286,277,0,0,127
10461,2922,500,214,422,165,270,0,0,135
10462,11761,900,1245,1790,0,1029,0,0,402
10463,1784,500,291,305,0,161,0,0,92
10464,7028,500,356,1495,0,615,0,0,250
10465,2585,500,218,0,316,261,0,0,114
10466,1242,500,108,0,221,127,0,0,94
10467,1827,500,104,99,221,178,552,0,93
10468,4708,500,358,0,950,488,0,0,218
10469,1308,500,109,217,285,139,0,0,92
10470,2574,500,235,414,0,225,0,0,106
10471,3961,500,194,0,394,387,5436,0,51
10472,2058,500,557,0,273,205,0,0,110
10473,8013,500,798,1316,0,701,0,0,257
10474,3290,500,458,572,0,288,0,0,130
10475,4337,500,130,677,605,432,0,0,186
10476,1637,500,165,0,222,162,0,0,104
10477,2765,500,185,127,351,278,0,0,121
10478,7999,500,602,856,702,762,0,0,279
10479,10328,900,577,1722,669,959,0,0,364
10480,3280,500,593,0,0,287,0,0,130
10481,1256,500,205,225,83,117,0,0,85
10482,13588,900,951,1511,1294,1298,0,0,448
10483,5762,500,654,1247,0,504,0,0,188
10484,12016,900,1472,0,1774,1193,0,0,465
10485,5374,500,782,0,724,536,0,0,222
10486,2912,500,330,0,393,288,0,0,132
10487,2012,500,89,0,112,187,0,0,97
10488,2425,500,470,487,0,212,0,0,116
10489,4335,500,330,408,716,437,0,0,197
10490,3286,500,490,0,556,335,0,0,155
10491,13793,900,979,1250,2199,1389,0,0,506
10492,3880,500,0,0,658,405,500,0,135
10493,3531,500,243,0,705,366,0,0,178
10494,6462,500,895,723,570,616,0,0,245
10495,2149,500,223,0,285,214,500,0,95
10496,4378,500,626,620,0,383,0,0,305
10497,731,500,114,133,56,69,0,0,74
10498,2228,500,105,0,338,227,500,0,106
10499,5221,500,255,0,787,531,0,0,202
10500,5442,500,1154,763,810,549,0,0,213
10501,4320,500,292,0,607,448,0,0,179
10502,2645,500,285,0,477,275,0,0,131
10503,1994,500,369,352,121,185,500,0,89
10504,8111,500,439,0,1415,857,0,0,309
10505,8257,500,1338,1348,0,723,0,0,301
10506,1672,500,91,0,119,163,0,0,87
10507,1248,500,193,97,130,122,0,0,81
10508,1499,500,95,0,186,156,0,0,83
10509,6028,500,583,831,0,527,0,0,207
10510,11431,900,1212,1743,0,1000,0,0,393
10511,2158,500,184,0,196,212,500,0,83
10512,2695,500,395,0,544,284,0,0,136
10513,3327,500,198,290,459,330,0,0,158
10514,9328,500,570,1887,0,816,0,0,307
10515,4982,500,460,755,267,462,0,0,181
10516,1622,500,165,146,171,156,0,0,102
10517,3301,500,277,391,0,288,500,0,108
10518,2343,500,238,314,0,211,500,0,80
10519,6634,500,1325,0,1310,685,0,0,294
10520,4246,500,266,705,0,371,0,0,153
10521,2293,500,165,267,115,214,500,0,83
10522,2494,500,130,241,0,219,0,0,97
10523,2469,500,158,0,274,242,0,0,116
10524,4369,500,833,0,507,432,0,0,173
10525,2299,500,565,0,316,232,0,0,113
10526,3443,500,0,313,286,339,0,0,142
10527,2644,500,341,390,0,232,0,0,101
10528,2697,500,232,0,397,277,0,0,129
10529,5090,500,877,1106,0,459,0,0,202
10530,6930,500,456,0,858,682,0,5760,133
10531,3711,500,802,451,382,358,0,0,164
10532,3941,500,288,0,378,375,500,0,157
10533,4226,500,636,0,815,440,500,0,166
10534,5642,500,1161,0,944,582,0,0,219
10535,1936,500,278,245,202,195,0,0,100
10536,14890,900,2766,0,0,1340,0,0,520
10537,1422,500,254,0,215,142,0,0,95
10538,5751,500,994,0,924,580,500,0,222
10539,3334,500,432,424,0,292,500,0,118
10540,2067,500,449,0,416,219,500,0,99
10541,3835,500,528,535,0,335,0,0,151
10542,2305,500,260,0,413,238,0,0,120
10543,1751,500,220,211,124,169,0,0,89
10544,2591,500,199,0,359,268,0,0,114
10545,1919,500,186,269,225,191,0,0,100
10546,4810,500,767,0,590,475,500,0,179
10547,2012,500,151,302,61,182,0,0,101
10548,5306,500,558,0,621,523,0,0,195
10549,3444,500,492,381,385,346,0,0,147
10550,7181,500,440,1345,0,647,0,0,235
10551,13727,900,0,2178,917,1277,0,0,448
10552,1394,500,103,0,202,152,0,0,81
10553,2231,500,429,241,137,212,0,0,98
10554,9794,900,658,1136,1070,943,0,0,363
10555,3708,500,360,0,577,382,0,0,154
10556,1146,500,58,167,50,105,0,0,81
10557,3840,500,0,296,507,382,0,0,154
10558,6446,500,836,1243,0,564,0,0,217
10559,2806,500,160,124,330,281,0,0,132
10560,5028,500,0,0,837,507,0,0,220
10561,3838,500,228,0,635,395,0,0,169
10562,6176,500,411,1161,0,556,0,0,220
10563,7956,500,897,1406,548,742,0,0,293
10564,2171,500,179,293,115,202,0,0,103
10565,5923,500,562,0,1204,647,0,0,243
10566,3727,500,803,0,410,362,0,0,166
10567,4893,500,835,0,781,502,0,0,192
10568,3045,500,298,236,298,296,0,0,132
10569,7340,500,971,862,872,716,0,0,279
10570,3090,500,138,436,217,291,0,0,124
10571,11212,900,766,1936,821,1048,0,0,341
10572,1709,500,256,285,56,155,0,0,94
10573,2382,500,218,0,363,249,0,0,113
10574,5300,500,671,0,821,530,0,0,238
10575,6769,500,342,1209,0,592,0,0,207
10576,4139,500,257,491,0,362,0,0,145
10577,3378,500,226,246,379,334,0,0,140
10578,2372,500,373,416,0,208,0,0,103
10579,2682,500,171,298,248,260,500,0,100
10580,2128,500,401,311,0,187,0,0,101
10581,3890,500,271,666,212,358,0,0,159
10582,4585,500,269,458,468,444,500,0,175
10583,2053,500,452,375,265,202,0,0,117
10584,7807,500,764,1091,0,683,0,2018,210
10585,10080,900,678,1685,717,942,0,0,359
10586,7250,500,1155,1256,490,677,0,0,267
10587,2019,500,178,115,232,204,0,0,97
10588,6916,500,751,1186,381,638,0,0,253
10589,2004,500,351,0,0,176,0,0,107
10590,7325,500,786,1742,0,641,0,0,262
10591,5960,500,661,438,982,613,0,0,229
10592,6666,500,1573,0,766,648,0,0,254
10593,1695,500,157,222,58,154,0,0,89
10594,8157,500,869,1329,686,775,0,0,286
10595,5554,500,948,1040,411,520,0,0,228
10596,2117,500,219,362,121,196,0,0,108
10597,4578,500,553,994,0,400,0,0,192
10598,4149,500,451,336,471,409,0,0,169
10599,2319,500,221,394,0,203,0,0,105
10600,2596,500,582,0,389,263,0,0,130
10601,1482,500,129,0,219,148,0,0,97
10602,1674,500,94,151,62,155,0,0,80
10603,1507,500,146,226,202,151,0,0,92
10604,7809,500,456,1482,0,683,0,329,262
10605,2438,500,0,387,331,241,0,0,127
10606,3231,500,381,0,603,332,500,0,145
10607,5212,500,312,594,544,501,0,0,215
10608,3584,500,512,733,0,313,500,0,129
10609,1192,500,53,81,108,116,0,1969,40
10610,3503,500,442,597,0,307,0,0,132
10611,5493,500,347,0,786,569,500,0,198
10612,2991,500,281,424,226,285,0,0,126
10613,1522,500,334,129,217,152,0,0,95
10614,5295,500,326,966,0,463,1101,0,162
10615,2095,500,143,391,0,188,500,0,94
10616,8068,500,554,0,1119,797,0,0,324
10617,1785,500,57,179,64,165,0,0,85
10618,4686,500,324,0,507,456,0,0,187
10619,1705,500,302,204,59,157,0,0,83
10620,5088,500,1138,0,687,501,0,0,230
10621,8156,500,439,1283,658,772,0,0,277
10622,2571,500,149,402,0,224,0,0,109
10623,1943,500,146,334,120,180,0,0,113
10624,2110,500,310,0,270,216,0,0,112
10625,4475,500,470,0,749,462,563,0,169
10626,2849,500,162,0,384,299,0,0,123
10627,1666,500,175,0,346,180,500,0,83
10628,9251,900,1689,0,1666,971,0,0,372
10629,3855,500,407,0,675,393,500,0,165
10630,8645,500,588,0,1387,901,0,0,318
10631,1929,500,273,353,0,168,0,0,95
10632,4233,500,469,0,615,423,500,0,168
10633,1656,500,61,0,117,160,0,0,84
10634,5363,500,824,950,269,492,0,0,200
10635,2170,500,253,173,221,209,500,0,98
10636,2926,500,331,0,570,316,0,0,135
10637,3620,500,368,675,0,316,0,0,149
10638,3010,500,347,632,0,263,500,0,118
10639,2420,500,226,361,0,212,0,0,95
10640,4088,500,415,0,559,413,0,0,163
10641,3298,500,335,0,470,332,0,0,142
10642,11512,900,1836,2556,0,1008,500,0,396
10643,2681,500,424,0,555,281,0,0,141
10644,2019,500,194,0,404,213,0,0,119
10645,5336,500,338,696,451,509,0,0,192
10646,7164,500,1294,0,1251,727,500,0,270
10647,4375,500,330,0,600,431,0,0,194
10648,2043,500,371,235,222,199,0,0,109
10649,2654,500,225,367,0,232,0,0,107
10650,2405,500,198,335,0,210,0,0,97
10651,5339,500,1071,0,0,480,0,0,183
10652,2663,500,189,0,537,277,0,422,139
10653,1644,500,170,226,89,152,0,0,92
10654,2520,500,180,485,0,227,0,0,117
10655,4458,500,278,0,727,457,0,0,190
10656,5227,500,993,0,786,524,0,0,225
10657,5287,500,889,0,655,520,0,0,216
10658,4128,500,995,0,737,423,500,0,160
10659,3371,500,476,472,374,330,0,0,154
10660,2424,500,107,0,342,253,0,0,118
10661,3655,500,655,0,554,367,500,0,147
10662,3533,500,801,0,530,353,0,0,169
10663,3418,500,519,0,381,336,0,0,141
10664,3379,500,245,0,700,361,0,0,151
10665,2252,500,1110,179,472,236,0,0,123
10666,2988,500,287,0,271,290,0,0,124
10667,2617,500,458,0,289,260,0,0,115
10668,7925,500,502,1313,559,741,10227,0,44
10669,3066,500,195,0,406,312,0,0,136
10670,2517,500,239,0,388,255,0,0,123
10671,1599,500,195,157,81,150,0,0,81
10672,7417,500,550,0,1017,731,0,593,295
10673,2969,500,260,370,119,274,0,0,115
10674,2276,500,127,0,229,234,500,0,85
10675,2292,500,567,382,0,200,0,0,104
10676,1393,500,70,269,0,122,0,0,88
10677,1430,500,219,263,60,130,0,0,92
10678,5196,500,494,768,217,476,0,0,177
10679,1520,500,85,0,212,167,0,0,82
10680,2026,500,241,196,292,201,0,0,116
10681,4779,500,308,875,0,418,0,0,173
10682,3326,500,0,0,515,344,0,0,141
10683,15064,900,1667,2647,784,1422,0,1377,488
10684,1860,500,67,143,89,176,0,0,87
10685,4139,500,588,0,673,421,0,0,175
10686,5720,500,662,880,0,500,0,0,206
10687,3519,500,372,0,607,361,0,0,159
10688,4179,500,282,360,481,407,0,0,176
10689,2108,500,220,0,429,225,500,0,97
10690,2386,500,200,297,175,229,0,0,106
10691,5312,500,572,507,660,518,0,0,222
10692,6677,500,724,1128,280,607,0,8787,40
10693,4741,500,496,606,388,451,500,0,169
10694,1410,500,165,0,58,130,0,0,78
10695,3062,500,362,0,381,300,0,0,143
10696,1992,500,96,346,0,174,0,0,103
10697,3187,500,589,443,116,291,0,0,120
10698,1120,500,100,196,0,101,0,0,73
10699,2615,500,217,262,194,251,0,0,108
10700,3157,500,242,0,398,308,0,0,149
10701,4719,500,882,943,0,413,0,0,179
10702,9611,500,554,1629,442,878,0,0,328
10703,2591,500,107,361,0,227,0,0,103
10704,3000,500,277,0,442,307,0,0,136
10705,1689,500,140,378,0,148,0,0,94
10706,3477,500,512,532,0,313,0,0,147
10707,2364,500,179,0,389,243,0,0,120
10708,4390,500,291,0,447,427,500,0,150
10709,2924,500,247,215,340,290,500,0,110
10710,2460,500,254,0,393,249,0,0,126
10711,1667,500,131,0,276,175,0,0,106
10712,4734,500,1132,0,471,452,0,0,201
10713,2524,500,293,0,331,249,0,0,133
10714,1921,0,152,0,0,168,0,0,74
10715,3638,500,408,0,321,347,500,0,143
10716,1401,500,78,74,155,137,0,0,90
10717,7431,500,863,1507,0,650,500,0,238
10718,5084,500,593,0,839,517,0,0,219
10719,14640,900,2993,3246,0,1281,0,0,505
10720,18256,900,1256,2133,1946,1753,0,0,639
10721,1793,0,193,0,452,199,0,0,96
10722,3790,500,480,0,716,390,0,0,179
10723,4348,500,436,561,0,381,0,0,155
10724,1096,500,90,77,131,110,0,0,78
10725,1438,500,170,239,61,131,500,0,73
10726,1225,500,198,0,224,127,500,0,72
10727,2407,500,317,340,0,211,500,0,96
10728,947,500,84,0,111,92,0,0,78
10729,2629,500,245,214,427,270,0,0,134
10730,5588,500,629,0,459,530,500,1322,159
10731,5929,500,374,749,693,580,500,0,220
10732,967,500,84,183,0,84,0,0,75
10733,5100,500,384,777,328,472,0,0,208
10734,11491,900,2017,1386,1309,1117,500,0,393
10735,3150,500,339,471,158,291,0,0,130
10736,2816,500,230,0,506,301,0,0,125
10737,17998,900,1951,3896,0,1575,0,0,595
10738,3316,500,216,585,0,299,0,0,139
10739,2844,500,671,678,0,249,0,0,127
10740,3749,500,811,596,0,329,0,0,161
10741,2242,500,233,0,286,231,0,0,107
10742,1256,500,55,208,0,114,0,0,80
10743,3335,500,477,0,498,337,0,0,149
10744,4150,500,641,0,714,424,0,0,184
10745,4206,500,386,548,0,368,0,5460,40
10746,1750,500,90,186,0,153,0,0,78
10747,2810,500,176,0,0,245,0,0,114
10748,1772,500,95,176,162,175,0,0,100
10749,3389,500,518,289,380,333,0,0,147
10750,1921,500,167,0,230,194,0,0,95
10751,1396,500,91,200,0,122,500,0,62
10752,4290,500,298,831,0,386,0,0,176
10753,7714,500,957,0,1193,771,0,0,309
10754,8148,500,925,1621,0,713,0,0,250
10755,6299,500,661,1085,640,606,0,0,242
10756,2834,500,274,0,326,287,0,0,128
10757,2059,500,250,0,0,181,0,0,107
10758,1171,500,70,0,148,114,0,0,86
10759,3302,500,328,649,0,298,500,0,126
10760,2021,500,91,141,238,202,0,0,98
10761,3322,500,603,764,0,291,0,0,149
10762,5179,500,1127,0,602,505,0,0,203
10763,2823,500,323,410,0,247,0,0,128
10764,3183,500,304,0,578,347,0,0,144
10765,1789,500,339,237,209,178,0,0,98
10766,3654,500,653,443,431,357,0,0,165
10767,2355,500,106,260,107,217,0,0,109
10768,1636,500,128,0,343,171,0,0,105
10769,6931,500,728,1045,0,607,0,0,245
10770,2909,500,227,0,228,281,4145,0,42
10771,2847,500,380,0,463,293,0,0,125
10772,4001,500,552,0,646,403,0,0,170
10773,1984,500,153,199,0,174,0,0,90
10774,3107,500,359,0,393,306,0,0,145
10775,2659,500,414,0,623,291,500,4488,40
10776,3029,500,553,0,498,306,0,0,153
10777,2391,500,0,242,64,218,0,0,99
10778,2717,500,238,385,0,238,500,0,88
10779,4406,500,510,676,0,386,0,0,180
10780,2704,500,571,249,171,257,0,0,111
10781,1666,500,143,284,60,150,500,0,81
10782,4060,500,495,0,0,365,0,0,161
10783,2583,500,312,443,0,226,500,0,87
10784,2352,500,91,317,0,205,0,0,92
10785,1994,500,356,330,0,180,0,0,89
10786,1968,500,153,0,394,210,0,0,108
10787,5236,500,587,1083,0,458,500,0,180
10788,1669,500,112,173,63,154,0,0,84
10789,9912,900,1166,1186,1049,953,0,0,381
10790,1850,500,255,136,205,184,900,0,66
10791,1494,500,88,138,170,144,0,0,97
10792,8666,500,1475,1034,1006,844,0,0,327
10793,4908,500,555,0,785,499,500,0,198
10794,4081,500,444,0,529,404,0,0,167
10795,5502,500,389,0,875,555,0,0,227
10796,2401,500,347,185,238,235,500,0,95
10797,4253,500,319,880,0,372,0,0,176
10798,4820,500,539,0,733,493,500,0,166
10799,5470,500,553,0,901,557,0,0,218
10800,5045,500,1123,646,534,486,0,0,207
10801,1589,500,82,129,24,144,0,0,75
10802,2599,500,465,642,0,227,0,0,124
10803,9628,500,958,1899,0,840,0,0,309
10804,5703,500,367,459,619,557,500,0,197
10805,3874,500,471,379,389,378,0,0,149
10806,2574,500,231,388,0,232,0,0,102
10807,1993,500,154,0,166,199,0,0,96
10808,3095,500,0,429,180,287,0,0,125
10809,3295,500,565,0,500,340,0,0,151
10810,1910,500,267,259,264,197,0,0,98
10811,8401,500,509,980,979,836,0,0,318
10812,4533,500,596,0,670,473,0,0,177
10813,1584,500,94,0,271,162,0,0,99
10814,3388,500,560,0,566,348,0,0,149
10815,15860,900,1090,1824,1713,1571,0,0,558
10816,2077,500,145,0,340,215,500,0,92
10817,2731,500,198,0,480,282,0,0,138
10818,3206,500,600,0,475,319,500,0,139
10819,3745,500,831,0,661,393,0,0,183
10820,6385,500,381,0,990,645,0,0,250
10821,4102,500,495,954,0,359,500,0,152
10822,3544,500,191,537,328,340,0,0,159
10823,3272,500,185,0,465,334,0,0,155
10824,5084,500,530,807,266,469,0,0,184
10825,5850,500,1140,1196,0,512,0,0,199
10826,7316,500,850,668,969,723,0,0,279
10827,16040,900,1006,3306,0,1404,0,0,518
10828,12926,900,1660,1211,1903,1291,500,0,469
10829,2081,500,268,364,0,182,0,0,102
10830,2526,500,1107,595,0,221,500,0,98
10831,6637,500,350,0,1143,685,0,0,249
10832,3263,500,538,249,341,321,0,0,132
10833,2632,500,348,0,348,271,0,0,118
10834,2468,500,148,0,348,256,0,0,110
10835,6001,500,408,1234,0,525,0,0,217
10836,8632,500,222,714,1103,851,0,0,298
10837,8177,500,795,1574,0,715,0,0,265
10838,4573,500,1008,0,710,459,0,0,194
10839,2555,500,190,394,273,249,0,0,122
10840,5410,500,658,0,913,550,0,0,228
10841,976,500,89,0,175,102,0,0,78
10842,8677,500,1143,0,1434,883,0,0,327
10843,3163,500,341,0,454,323,0,0,137
10844,1889,500,340,0,167,186,0,0,91
10845,2680,500,269,387,0,234,0,0,122
10846,2124,500,267,372,0,186,0,0,100
10847,3318,500,509,735,0,290,500,0,133
10848,2539,500,255,488,0,223,0,0,117
10849,4548,500,332,942,0,398,500,1806,124
10850,2261,500,588,0,242,229,0,0,104
10851,4362,500,498,786,276,404,0,0,184
10852,2875,500,512,0,547,296,0,0,147
10853,4705,500,685,631,335,444,500,0,163
10854,8994,500,882,0,1191,886,0,0,335
10855,1939,500,113,219,121,185,500,0,75
10856,2026,500,140,267,141,193,0,0,103
10857,6988,500,806,0,924,689,0,0,268
10858,5579,500,378,1146,0,488,0,0,221
10859,3765,500,342,485,0,330,0,0,137
10860,10463,900,621,1719,538,961,0,0,373
10861,3941,500,558,519,305,373,0,0,160
10862,3158,500,276,283,226,301,500,0,109
10863,14229,900,3074,3365,0,1245,500,1306,472
10864,4817,500,505,0,730,482,500,0,204
10865,4387,500,531,681,210,404,0,0,174
10866,1972,500,58,0,119,190,0,0,87
10867,4092,500,377,0,497,408,0,0,159
10868,1753,500,257,0,0,153,0,0,92
10869,2019,500,143,327,110,186,0,0,109
10870,7313,500,1174,1232,795,712,0,0,264
10871,3556,500,422,0,561,365,0,0,162
10872,2229,500,185,289,79,204,500,0,84
10873,4131,500,666,584,283,388,0,0,170
10874,3702,500,221,0,436,370,0,0,168
10875,3334,500,541,336,395,323,0,0,154
10876,1076,500,146,200,0,94,500,0,59
10877,3570,500,385,0,610,367,0,0,157
10878,2483,500,565,375,158,235,0,0,114
10879,4008,500,261,0,661,404,0,0,192
10880,1390,500,0,163,0,122,0,0,77
10881,2163,500,353,315,0,190,0,0,105
10882,3066,500,470,0,347,301,0,0,139
10883,4931,500,500,0,618,506,0,0,183
10884,4941,500,810,746,470,474,0,0,201
10885,827,500,0,83,111,82,0,0,73
10886,15567,900,1864,2835,1767,1503,0,0,572
10887,4173,500,663,0,438,404,500,0,156
10888,2211,500,98,0,288,226,0,0,102
10889,3938,500,814,594,0,345,0,0,147
10890,2700,500,576,532,0,236,0,0,113
10891,14841,900,1080,0,2875,1535,0,0,554
10892,1733,500,139,0,175,174,0,0,92
10893,4799,500,600,463,605,469,0,0,198
10894,1914,500,144,186,113,187,0,0,90
10895,2443,500,187,0,455,252,0,0,130
10896,2477,500,163,0,260,243,500,0,98
10897,179558,17950,0,0,0,16160,0,0,0
10898,3146,500,355,624,0,275,0,0,125
10899,708,500,113,158,0,62,0,0,69
10900,3168,500,206,374,251,301,557,0,123
10901,2616,500,326,0,553,273,0,0,142
10902,2746,500,130,187,366,280,0,0,118
10903,1640,500,105,0,135,171,0,2551,40
10904,2358,500,170,328,0,207,569,0,83
10905,4383,500,675,0,598,439,0,0,174
10906,2383,500,234,0,234,238,0,0,107
10907,1806,500,229,0,349,199,0,0,106
10908,1917,500,196,248,230,190,0,0,108
10909,1560,500,79,149,0,137,0,0,74
10910,4883,500,290,0,872,501,0,0,209
10911,2015,500,95,264,56,183,0,0,95
10912,2264,500,148,337,178,214,0,0,110
10913,3656,500,370,204,561,368,0,0,173
10914,2199,500,180,0,240,222,0,0,101
10915,5014,500,352,1015,0,439,500,0,182
10916,9390,500,952,1889,0,822,0,0,308
10917,4989,500,494,651,0,437,0,0,165
10918,34396,0,0,0,0,0,0,0,0
10919,2997,500,284,431,166,278,0,0,123
10920,2290,500,126,0,116,214,0,0,97
10921,1917,500,150,353,0,167,0,0,96
10922,1574,500,173,0,213,158,0,0,94
10923,3857,500,690,0,501,379,0,0,175
10924,4093,500,459,0,556,407,0,0,173
10925,2408,500,232,0,279,240,0,0,109
10926,2288,500,125,449,0,200,0,0,110
10927,7990,500,438,659,962,785,0,0,278
10928,3473,500,283,245,353,342,0,0,136
10929,1927,500,468,127,270,191,0,0,111
10930,5455,500,1136,1005,0,491,0,0,200
10931,3529,500,518,0,607,363,500,0,135
10932,5498,500,446,0,773,551,0,0,211
10933,1622,500,182,144,200,160,0,0,98
10934,6350,500,726,606,853,625,0,0,260
10935,4328,500,630,0,664,434,0,0,192
10936,3010,500,352,0,436,299,0,0,151
10937,1350,500,145,288,0,118,0,0,87
10938,4958,500,945,1013,0,434,0,0,187
10939,2327,500,376,405,0,204,0,0,116
10940,4400,500,515,0,561,431,0,0,204
10941,3003,500,203,602,0,262,0,0,130
10942,1251,0,112,0,224,130,0,0,76
10943,2088,500,159,226,210,201,0,0,114
10944,1122,500,104,0,344,131,500,0,83
10945,5772,500,352,622,664,562,500,0,211
10946,9063,500,2231,1537,936,871,500,0,317
10947,5396,500,547,833,0,486,0,1280,159
10948,2535,500,391,0,427,258,500,0,113
10949,5364,500,346,0,895,551,0,0,222
10950,1070,0,335,0,151,108,500,0,55
10951,1083,500,112,166,113,106,0,0,82
10952,2181,500,179,138,196,215,500,0,83
10953,1479,500,306,0,224,152,0,0,87
10954,3207,500,430,0,394,319,0,0,138
10955,3972,500,551,335,402,385,500,0,144
10956,2425,500,203,0,285,241,0,0,115
10957,3555,500,238,0,475,356,0,0,169
10958,1964,500,141,0,171,196,0,0,90
10959,2695,500,147,219,194,258,0,0,110
10960,8471,500,848,0,1339,883,0,0,308
10961,4364,500,426,0,410,423,0,0,165
10962,3579,500,234,0,431,354,1120,0,133
10963,7033,500,508,0,1057,723,0,0,273
10964,6193,500,390,700,643,595,0,0,247
10965,4298,500,304,372,644,431,0,0,180
10966,1642,500,111,73,176,162,0,0,87
10967,2637,500,320,0,617,281,500,0,126
10968,2475,500,158,0,453,269,0,0,115
10969,2674,0,155,266,335,265,0,0,107
10970,22037,900,1408,0,4243,2270,0,0,800
10971,16743,900,1727,3428,0,1466,0,0,517
10972,4900,500,329,0,852,507,0,0,187
10973,3576,500,429,561,0,313,0,0,148
10974,2272,500,185,345,0,198,0,0,99
10975,2959,500,167,466,0,260,0,0,113
10976,5169,500,568,554,657,512,0,0,203
10977,2190,500,176,232,111,204,0,0,97
10978,1622,500,207,0,292,176,0,0,92
10979,3334,500,323,0,359,330,500,0,121
10980,1530,500,101,152,113,152,0,0,85
10981,9039,900,1117,760,1510,915,500,0,352
10982,3295,500,349,0,716,347,500,0,143
10983,2496,500,458,0,309,259,0,0,112
10984,7216,500,363,1143,496,674,0,0,259
10985,879,0,222,0,120,90,0,0,56
10986,3925,500,416,430,496,398,0,0,178
10987,1557,500,98,112,117,151,500,0,63
10988,2297,500,262,140,169,222,0,0,97
10989,1809,500,266,0,117,174,0,0,90
10990,2290,500,217,0,373,241,0,0,111
10991,2874,500,302,0,386,284,500,0,134
10992,2608,500,186,179,411,268,0,0,123
10993,4416,500,678,722,712,453,0,0,187
10994,5089,500,0,917,0,445,0,0,186
10995,1749,500,73,206,109,166,0,0,92
10996,1771,500,264,341,0,155,0,2190,40
10997,5135,500,882,1166,0,450,0,0,198
10998,4223,500,815,361,483,417,500,0,149
10999,4341,500,421,0,677,445,0,1159,151
11000,3308,500,329,431,324,320,0,0,140
11001,4037,500,496,719,214,371,0,0,172
11002,5602,500,1150,631,440,532,500,0,190
11003,2277,500,154,0,290,230,0,0,104
11004,2138,500,76,0,232,219,500,0,79
11005,1800,500,95,173,90,171,0,0,84
11006,1737,500,198,155,183,168,500,0,87
11007,3400,500,538,748,0,298,0,0,144
11008,3213,500,462,380,326,318,0,0,147
11009,6290,500,1100,775,588,600,0,0,244
11010,1746,500,160,0,231,178,0,0,95
11011,2217,500,433,0,248,228,500,0,87
11012,11987,900,1662,0,2194,1231,0,0,485
11013,1247,500,38,127,0,108,0,0,71
11014,4023,500,228,189,461,398,0,0,150
11015,6991,500,1544,1530,0,612,0,0,239
11016,3909,500,537,734,0,342,0,0,150
11017,3540,500,443,0,0,310,0,0,131
11018,3772,500,0,0,521,378,0,0,150
11019,3984,500,521,503,346,381,0,0,149
11020,4065,500,552,335,403,394,0,0,167
11021,12330,900,2277,0,2176,1260,0,0,495
11022,6371,500,1111,783,744,619,0,0,259
11023,4245,500,667,0,547,437,0,0,177
11024,3434,500,219,0,376,337,500,0,128
11025,1632,500,250,0,203,170,0,0,85
11026,10124,900,597,884,1506,1013,0,0,375
11027,3160,500,456,627,0,276,0,0,134
11028,5034,500,348,0,780,510,0,414,190
11029,2635,500,569,324,165,249,0,0,109
11030,5054,500,503,505,487,489,0,0,187
11031,8611,500,847,1397,0,754,0,5269,172
11032,5059,500,533,0,545,492,0,0,197
11033,2606,500,147,499,0,229,0,0,119
11034,2689,500,317,225,224,261,0,0,110
11035,2843,500,225,485,0,249,0,0,112
11036,4848,500,516,0,606,473,0,0,211
11037,5617,500,380,962,389,524,0,0,216
11038,2036,500,211,111,161,202,0,0,92
11039,3303,500,487,558,171,304,0,0,134
11040,2319,500,126,256,117,217,0,0,97
11041,3206,500,379,0,435,316,0,0,158
11042,2257,500,186,465,0,198,0,0,111
11043,4665,500,303,948,0,419,0,0,178
11044,4761,500,486,0,464,461,0,0,189
11045,4657,500,513,676,0,408,0,0,175
11046,1209,500,0,0,121,124,0,0,74
11047,1748,500,129,180,0,153,500,0,67
11048,2256,500,187,0,285,227,500,0,97
11049,2948,500,340,343,326,285,500,235,120
11050,2402,500,263,0,320,241,500,0,102
11051,2509,500,339,390,0,220,0,0,103
11052,1967,500,123,222,220,190,0,0,109
11053,3218,500,318,318,411,322,0,0,136
11054,5271,500,590,947,222,479,0,0,209
11055,3537,500,303,0,663,378,0,0,162
11056,9633,900,1719,0,1430,991,0,0,391
11057,5821,500,542,0,614,566,0,0,212
11058,3929,500,396,333,513,390,0,0,165
11059,4153,500,440,803,0,363,0,0,166
11060,9248,900,715,1083,1021,891,500,0,350
11061,1942,500,131,288,350,203,0,0,107
11062,8030,500,827,1187,0,702,0,0,273
11063,4054,500,532,0,504,416,0,0,160
11064,2285,500,334,0,252,224,0,0,114
11065,1785,500,207,110,176,179,0,0,92
11066,2521,500,0,0,541,272,0,0,136
11067,2905,500,273,362,196,274,0,0,120
11068,8183,500,446,1144,578,766,0,0,281
11069,6305,500,634,1257,0,552,0,0,221
11070,5522,500,512,1009,0,483,0,0,188
11071,4275,500,0,600,281,401,0,0,161
11072,9160,900,1404,0,1595,933,0,0,370
11073,3875,500,864,0,600,389,0,0,170
11074,5925,500,302,827,0,519,0,7246,40
11075,1513,500,332,0,220,154,0,0,95
11076,3018,0,283,560,0,264,500,0,95
11077,6960,500,1770,0,1172,710,0,0,267
11078,2876,500,426,425,0,252,0,0,125
11079,2363,500,252,0,404,245,0,0,118
11080,5092,500,751,551,552,497,500,0,179
11081,3408,500,377,653,0,298,0,0,141
11082,1642,500,100,338,0,144,0,0,95
11083,4180,500,303,0,832,438,500,0,165
11084,1591,500,0,0,113,153,0,0,84
11085,3238,500,279,0,394,325,500,0,114
11086,2563,500,483,0,135,239,0,0,108
11087,4384,500,550,858,0,384,0,0,163
11088,3039,500,135,453,0,266,0,0,112
11089,3483,500,379,569,165,319,0,0,138
11090,3250,500,357,0,654,342,0,0,154
11091,2176,500,163,316,0,190,0,0,94
11092,4019,500,260,0,428,386,0,0,179
11093,3120,500,297,0,487,318,0,0,147
11094,5485,500,613,712,465,521,0,0,202
11095,3291,500,314,261,416,328,0,0,150
11096,5977,500,678,0,884,601,0,0,247
11097,6438,500,750,0,1068,656,0,0,255
11098,9268,500,603,0,1113,908,0,0,358
11099,2417,500,0,178,320,250,0,0,107
11100,2308,500,212,388,0,202,0,0,100
11101,2855,500,404,408,78,258,0,0,116
11102,3971,500,473,0,526,391,0,0,177
11103,1611,500,150,248,230,163,0,0,96
11104,2220,500,83,0,230,224,0,0,99
11105,12279,900,220,0,1079,1165,0,352,404
11106,2882,500,223,264,341,280,0,0,141
11107,5897,500,688,0,720,579,500,0,223
11108,2280,500,311,224,220,221,0,0,107
11109,1654,500,246,142,88,157,0,0,81
11110,4232,500,625,0,607,424,500,0,164
11111,1785,500,175,0,228,181,0,0,96
11112,6105,500,365,1237,0,535,0,0,227
11113,1756,500,97,0,191,183,500,0,65
11114,4118,500,620,1025,0,360,0,0,159
11115,2359,500,186,218,387,238,0,0,125
11116,1957,500,295,0,255,201,0,0,102
11117,3321,500,331,0,506,335,0,0,155
11118,11305,900,1200,1724,0,989,0,0,390
11119,4188,500,458,0,610,433,0,0,177
11120,5366,500,1141,945,265,493,0,0,197
11121,5069,500,498,518,612,515,0,1775,159
11122,2479,500,126,113,271,244,500,0,102
11123,2734,500,134,378,168,256,0,0,122
11124,4399,500,330,508,483,425,0,0,189
11125,2158,500,348,0,231,219,0,0,96
11126,4567,500,694,620,0,399,0,0,159
11127,2165,500,229,0,225,217,0,55,107
11128,1547,500,170,206,0,135,0,0,87
11129,3866,500,411,395,380,375,0,0,159
11130,2923,500,0,219,381,292,0,0,131
11131,5493,500,342,440,653,541,0,0,202
11132,3244,500,380,0,436,320,0,0,162
11133,2014,500,0,0,293,208,0,0,103
11134,14961,900,1731,2731,978,1386,0,0,535
11135,4865,500,503,998,0,426,0,0,187
11136,3048,500,279,367,268,292,500,0,114
11137,2103,500,292,300,0,185,0,0,92
11138,5211,500,1657,1143,0,457,500,0,170
11139,4269,500,661,571,268,401,0,0,164
11140,3548,500,219,0,596,379,0,0,144
11141,1679,500,143,378,0,147,0,0,94
11142,5833,500,368,850,467,549,0,0,244
11143,17508,900,992,2928,1355,1644,0,0,582
11144,2239,500,279,0,292,221,0,0,123
11145,3316,500,694,394,338,321,0,0,146
11146,5537,500,556,0,771,573,0,0,221
11147,2475,500,155,0,491,259,0,1482,99
11148,2114,500,106,0,327,216,0,0,110
11149,44773,3077,0,0,0,4029,0,0,0
11150,3584,500,357,0,330,346,500,6735,40
11151,2289,500,0,209,115,215,0,0,97
11152,2461,500,310,398,0,215,0,0,107
11153,2201,500,360,488,0,192,500,0,90
11154,4797,500,512,890,0,419,500,0,154
11155,2220,500,149,0,347,227,0,0,113
11156,4467,500,527,852,0,390,0,0,163
11157,1693,500,197,0,118,169,0,0,81
11158,879,500,229,145,82,83,0,0,74
11159,4922,500,499,406,570,484,0,0,178
11160,2835,500,228,0,356,295,0,0,129
11161,3337,500,595,541,0,293,0,0,144
11162,2479,500,107,302,108,229,500,2418,40
11163,5941,500,350,646,596,570,0,0,238
11164,3624,500,387,0,530,378,0,0,154
11165,7993,500,1394,1539,558,744,0,0,312
11166,2802,500,165,360,173,264,0,0,115
11167,3755,500,449,254,720,391,0,0,171
11168,2655,500,229,224,230,266,0,0,115
11169,5357,500,588,1082,0,469,0,0,201
11170,2157,500,468,200,342,220,0,0,112
11171,5077,500,323,1022,0,444,0,0,189
11172,3576,500,803,0,554,360,0,0,161
11173,8822,500,1178,1040,1048,860,0,0,330
11174,2511,500,132,286,0,220,0,0,101
11175,5168,500,589,788,379,483,0,0,220
11176,2794,500,246,134,350,279,0,1042,99
11177,7510,500,800,1243,608,710,0,663,231
11178,1398,500,169,181,52,128,0,0,85
11179,1290,500,327,0,278,137,0,0,92
11180,5658,500,547,1079,0,495,0,0,197
11181,3374,500,379,0,205,314,0,0,150
11182,3593,500,379,679,0,314,500,0,131
11183,29472,900,3202,6396,0,2575,0,3722,851
11184,2234,500,401,285,214,213,0,0,120
11185,3899,500,374,569,280,368,0,0,151
11186,9723,500,623,0,1136,951,0,0,334
11187,3141,500,318,0,733,338,500,0,135
11188,4516,500,454,899,0,395,0,0,172
11189,2407,500,267,551,0,211,546,0,105
11190,2643,500,258,0,479,276,0,0,135
11191,3805,500,379,490,257,358,0,0,149
11192,3469,500,366,0,0,304,0,0,141
11193,2661,500,453,455,0,232,0,0,113
11194,2081,500,124,333,154,196,0,0,108
11195,2698,500,593,0,559,286,0,0,138
11196,2442,500,0,366,0,214,0,0,112
11197,3261,500,243,0,476,326,0,0,158
11198,25346,900,4598,2234,3639,2517,0,0,935
11199,2901,500,326,0,443,292,0,0,149
11200,2577,500,316,0,275,256,0,0,110
11201,3115,500,278,0,450,320,500,0,114
11202,5210,500,544,480,623,508,0,0,213
11203,2773,500,233,0,462,290,0,0,126
11204,2164,500,272,289,174,208,0,0,100
11205,2208,500,453,355,220,218,0,0,118
11206,2187,500,132,0,269,213,0,0,125
11207,3731,500,361,0,555,382,0,0,156
11208,4105,500,404,532,315,387,500,0,152
11209,4387,500,312,0,668,455,0,0,194
11210,1101,500,261,86,97,107,500,0,60
11211,6031,500,705,0,896,603,500,0,228
11212,1931,500,159,289,259,191,0,0,109
11213,5618,500,308,1024,0,492,0,0,190
11214,4116,500,267,0,788,426,0,0,188
11215,10022,900,625,0,1353,986,0,0,397
11216,3322,500,201,442,279,330,0,0,130
11217,2758,500,319,0,517,296,0,0,134
11218,3849,500,454,291,488,387,0,0,151
11219,9487,900,616,0,1271,938,0,0,379
11220,5528,500,680,0,1009,568,0,0,234
11221,2102,500,266,181,173,210,0,0,99
11222,4143,500,394,0,693,433,0,0,157
11223,4792,500,511,796,321,448,0,0,188
11224,4510,500,465,771,336,423,0,0,178
11225,3841,500,676,0,662,389,500,0,160
11226,3285,500,603,0,392,329,0,0,140
11227,9949,900,1202,0,1292,975,0,0,392
11228,3428,500,797,0,423,335,0,0,161
11229,4153,500,226,677,269,386,0,0,162
11230,5150,500,367,710,544,495,325,0,205
11231,1513,500,98,112,116,147,0,0,82
11232,3598,500,488,480,0,315,0,0,141
11233,4176,500,217,548,380,397,0,0,176
11234,3571,500,436,0,0,321,0,0,132
11235,5624,500,219,1045,0,492,0,0,192
11236,4795,500,534,0,341,453,500,0,165
11237,3783,500,217,502,214,354,0,0,138
11238,5363,500,571,1005,0,470,0,0,181
11239,3462,500,653,0,657,355,0,0,168
11240,4920,500,1123,625,529,475,0,0,214
11241,4017,500,526,0,319,389,0,0,177
11242,2258,500,404,311,0,198,0,0,96
11243,5928,500,292,0,682,579,0,0,239
11244,1997,500,367,418,0,175,0,0,101
11245,1870,500,141,285,55,168,0,0,103
11246,7669,500,854,1359,389,704,0,0,280
11247,4149,500,480,0,536,408,500,0,164
11248,2503,500,156,0,293,253,0,0,109
11249,1292,500,76,260,0,113,0,0,84
11250,5279,500,659,459,623,518,500,0,196
11251,2667,500,378,416,0,234,0,0,103
11252,865,500,0,84,111,85,0,0,74
11253,3124,500,249,553,708,330,0,0,161
11254,3132,500,191,0,330,305,0,0,136
11255,3399,500,485,489,0,298,500,0,122
11256,1246,0,152,221,56,113,0,0,68
11257,2468,500,173,149,180,238,0,0,102
11258,3986,500,409,0,677,407,0,0,181
11259,2066,500,119,0,220,211,500,0,76
11260,6555,500,789,0,886,645,500,0,257
11261,1788,500,210,142,300,183,0,0,106
11262,3254,500,614,517,169,302,0,0,136
11263,2717,500,291,522,0,238,500,0,104
11264,1859,500,58,122,118,179,0,1406,51
11265,4064,500,490,0,723,414,0,0,183
11266,3091,500,377,517,0,270,500,0,103
11267,2091,500,496,275,260,210,0,0,122
11268,4446,500,498,0,710,450,0,0,192
11269,2300,500,157,243,272,226,0,0,118
11270,2703,500,240,181,270,267,0,0,114
11271,1915,500,158,114,199,192,500,0,75
11272,5167,500,321,0,677,524,0,0,214
11273,1911,500,123,111,219,185,0,0,111
11274,4601,500,449,641,0,403,0,0,170
11275,1874,500,156,0,275,190,0,0,106
11276,1700,500,0,205,0,148,500,0,62
11277,3851,500,203,0,474,376,500,0,162
11278,2115,500,309,405,275,212,0,0,115
11279,1263,500,123,245,0,111,0,0,81
11280,9595,900,1728,1835,607,888,0,0,362
11281,5469,500,573,0,825,566,500,0,201
11282,3596,500,451,0,519,369,0,0,149
11283,3402,500,485,751,0,298,500,0,122
11284,6235,500,834,1037,0,546,0,0,214
11285,15745,900,1777,2386,1287,1485,0,0,548
11286,1551,500,66,175,86,146,0,0,83
11287,3360,500,153,231,410,337,0,0,132
11288,1961,500,426,0,301,202,0,0,103
11289,4735,500,601,0,516,464,0,0,185
11290,3477,500,467,323,279,344,500,0,123
11291,862,500,87,78,111,85,0,0,75
11292,3054,500,325,0,559,313,0,0,155
11293,1977,500,178,0,427,219,0,0,106
11294,3912,500,386,382,331,375,0,0,157
11295,7477,500,2108,0,915,735,0,0,269
11296,6102,500,670,743,813,599,0,0,253
11297,2045,500,143,433,0,178,0,0,105
11298,5845,0,352,1243,0,511,500,0,177
11299,3389,500,522,744,0,296,0,0,149
11300,2146,500,347,0,236,218,0,0,96
11301,2251,500,189,145,219,223,0,0,101
11302,2431,500,149,0,454,264,0,0,114
11303,3153,500,378,498,357,305,0,3152,86
11304,3515,500,375,0,502,355,0,0,152
11305,3987,500,256,0,443,398,0,0,169
11306,1965,500,0,0,364,207,0,0,107
11307,2217,500,157,0,479,235,500,0,111
11308,1998,500,142,0,197,203,0,3040,40
11309,1443,500,101,89,162,145,500,0,67
11310,2184,500,367,429,0,191,0,0,97
11311,2283,500,219,312,0,200,500,0,87
11312,2054,500,217,432,0,180,0,0,108
11313,1784,500,203,98,137,175,0,0,88
11314,19466,900,2220,3424,1720,1844,0,0,669
11315,1724,500,174,182,54,158,0,0,82
11316,1720,500,64,0,170,172,0,0,91
11317,2395,500,270,276,220,228,0,0,119
11318,19046,900,3691,3645,1067,1754,0,0,683
11319,4379,500,248,745,268,405,0,0,178
11320,10211,900,548,1951,0,894,0,0,318
11321,32982,900,2107,5679,1963,3045,0,0,1050
11322,20784,900,2182,4340,0,1819,500,0,644
11323,8731,500,505,1745,0,764,0,0,287
11324,2385,500,256,0,279,234,0,0,117
11325,2941,500,461,0,426,305,0,0,134
11326,3133,500,251,0,420,329,0,4633,40
11327,1779,500,74,0,173,176,0,0,96
11328,1098,0,39,146,0,96,500,0,40
11329,9120,500,1997,1766,763,860,0,1134,306
11330,2351,500,154,165,233,230,0,0,114
11331,2206,500,154,200,216,222,0,0,107
11332,23582,900,2518,5024,0,2064,0,0,750
11333,3210,500,353,427,456,320,500,0,137
11334,1505,500,105,0,110,145,0,0,81
11335,1939,500,174,207,0,169,0,0,89
11336,3741,500,251,266,423,367,0,0,154
11337,4248,500,989,799,286,396,0,0,174
11338,8355,500,957,735,1084,828,0,0,302
11339,1907,500,211,163,262,190,0,0,106
11340,3155,500,462,0,326,308,0,0,134
11341,2827,500,298,0,443,290,0,0,130
11342,4688,500,637,0,671,484,0,0,195
11343,12254,900,1258,1804,0,1072,0,0,407
11344,3864,500,479,0,701,395,0,0,182
11345,13718,900,1465,2919,0,1200,0,0,462
11346,5134,500,334,510,429,490,500,0,175
11347,6238,500,368,0,1003,647,500,0,255
11348,3109,500,379,579,0,272,0,0,133
11349,1639,500,80,0,337,177,0,2733,54
11350,2370,500,135,477,0,207,0,0,118
11351,4098,500,499,482,429,394,0,0,182
11352,4069,500,615,549,0,366,0,0,152
11353,1450,500,109,144,111,137,0,0,88
11354,14352,900,2241,3233,0,1255,0,0,487
11355,4244,500,403,795,0,383,0,0,158
11356,4665,500,891,1041,0,408,500,0,165
11357,2768,500,357,369,205,265,0,0,120
11358,3416,500,224,0,514,350,0,0,150
11359,3373,500,304,0,400,339,500,0,112
11360,2114,500,221,329,116,196,500,0,99
11361,2945,500,195,501,0,258,0,0,119
11362,1689,500,129,0,344,176,0,0,111
11363,2461,500,221,313,0,215,0,0,105
11364,1886,500,174,207,0,165,0,0,88
11365,6942,500,411,609,1024,694,0,0,282
11366,3276,500,778,0,450,326,0,0,147
11367,2240,500,361,145,240,226,0,0,102
11368,3465,500,492,299,402,341,500,0,134
11369,6198,500,676,1286,0,542,500,0,202
11370,1296,500,167,206,0,113,0,0,87
11371,3101,500,0,220,281,299,0,0,129
11372,5746,500,371,1191,0,504,0,0,217
11373,2314,500,667,289,250,225,500,0,101
11374,2802,500,0,415,225,265,0,0,135
11375,3450,500,342,0,429,346,0,0,142
11376,7284,500,875,1250,0,637,500,0,235
11377,4226,500,668,0,769,444,0,0,175
11378,2317,500,308,398,0,203,500,0,86
11379,1562,500,98,112,117,152,500,0,63
11380,5709,500,313,0,889,580,0,0,217
11381,2856,500,129,362,244,276,500,0,101
11382,1168,500,91,0,115,119,0,0,78
11383,2385,500,202,363,0,209,0,0,101
11384,5177,500,336,724,0,453,0,0,178
11385,12417,900,760,1007,1648,1219,0,0,460
11386,4304,500,309,0,713,436,0,0,188
11387,2976,500,287,315,402,297,0,0,142
11388,3748,500,216,538,491,369,0,0,168
11389,2255,500,546,378,0,198,0,0,117
11390,4550,500,522,963,0,398,0,0,184
11391,3926,500,594,859,0,353,0,0,151
11392,9233,500,618,0,1324,921,0,0,359
11393,2260,500,119,238,59,205,0,0,93
11394,15078,900,2746,0,2353,1514,0,0,584
11395,4041,500,413,0,494,401,0,0,173
11396,2271,500,178,209,0,198,0,0,98
11397,1105,0,161,0,102,108,0,0,61
11398,2526,500,106,0,0,221,0,0,102
11399,1132,500,89,167,85,108,0,0,79
11400,1603,500,275,86,102,155,1146,0,54
11401,2083,500,89,238,158,199,500,0,88
11402,3066,500,595,0,454,317,500,0,113
11403,3433,500,326,312,317,334,0,0,136
11404,1831,500,114,95,181,182,0,0,93
11405,9479,900,684,1084,1228,930,0,0,385
11406,1946,500,260,199,65,179,500,0,68
11407,3278,500,366,664,0,287,0,0,136
11408,41918,900,4808,7517,3155,3919,0,0,1389
11409,3818,500,218,324,477,376,0,0,165
11410,5007,500,542,995,0,438,0,0,178
11411,5443,500,0,518,672,553,500,0,179
11412,4281,500,626,0,554,431,0,0,163
11413,3010,500,322,0,611,322,0,0,149
11414,3340,500,467,0,443,338,0,0,138
11415,2277,500,258,479,0,200,0,0,107
11416,5445,500,291,529,491,523,0,0,194
11417,2525,500,125,401,0,221,0,0,112
11418,2514,500,241,0,421,267,0,0,115
11419,1009,500,80,156,0,88,0,0,71
11420,3387,500,828,424,360,328,0,0,155
11421,7400,500,931,0,1339,766,0,0,286
11422,2346,500,362,487,0,205,0,0,112
11423,10818,900,618,1479,0,946,0,0,331
11424,2913,500,302,434,314,281,0,0,141
11425,2670,500,129,0,254,259,0,0,118
11426,3206,500,227,0,508,326,0,0,150
11427,17373,900,2122,0,2653,1738,0,0,642
11428,6061,500,703,909,769,612,0,0,241
11429,6740,500,916,823,703,647,500,0,249
11430,8196,500,1288,1670,0,717,0,0,267
11431,3677,500,493,303,347,355,0,0,153
11432,2618,500,328,254,363,258,0,0,132
11433,2125,500,221,0,403,226,0,0,115
11434,3609,500,607,760,0,316,0,0,153
11435,5687,500,442,525,876,583,0,0,208
11436,11211,900,684,1570,0,981,500,2346,293
11437,5625,500,575,0,658,548,0,0,223
11438,1666,500,656,307,0,145,0,0,85
11439,2314,500,269,0,233,231,0,0,101
11440,1884,500,153,311,168,179,500,0,94
11441,12596,900,1473,2559,0,1129,0,0,412
11442,12443,900,1319,2917,0,1089,0,0,423
11443,2756,500,164,0,228,266,0,0,113
11444,3276,500,262,0,406,331,0,0,130
11445,701,500,454,0,119,73,0,0,69
11446,4013,500,382,718,0,351,0,0,147
11447,6336,500,779,0,1397,688,0,0,253
11448,1883,500,0,0,175,184,0,0,96
11449,3060,500,400,502,0,267,500,0,107
11450,3159,500,286,432,167,293,0,0,124
11451,4158,500,840,0,513,414,500,0,151
11452,2414,500,472,408,347,243,0,0,119
11453,2533,500,455,0,444,266,0,0,134
11454,5772,500,312,0,0,505,0,0,201
11455,4918,500,339,0,851,503,0,0,207
11456,5739,500,654,0,675,559,0,663,211
11457,3068,500,290,0,479,318,0,0,133
11458,3518,500,442,430,390,340,0,0,159
11459,1237,500,104,234,0,108,500,0,65
11460,7095,500,1221,1334,559,668,10043,0,60
11461,2158,500,115,0,183,213,0,0,97
11462,2052,500,227,314,0,185,0,122,89
11463,3223,500,599,0,282,312,0,0,129
11464,1321,500,55,208,0,116,0,0,78
11465,2057,500,179,0,238,208,0,0,96
11466,2688,500,291,322,274,258,500,0,126
11467,4038,500,494,859,0,353,500,0,148
11468,2780,500,412,0,338,277,0,0,128
11469,893,500,84,119,77,84,0,0,74
11470,21830,900,1305,4349,0,1910,0,0,663
11471,4205,500,220,0,673,431,0,0,176
11472,2268,500,117,0,519,246,0,0,116
11473,2244,500,178,199,293,222,500,420,89
11474,3165,500,222,0,510,324,0,0,141
11475,13997,900,758,2290,691,1283,0,0,460
11476,3380,0,689,506,0,296,0,0,125
11477,789,500,0,83,110,78,0,0,74
11478,1587,500,98,90,117,154,0,0,82
11479,10018,900,607,1345,1592,1009,0,0,381
11480,1432,0,331,0,298,149,0,0,84
11481,1604,0,57,120,116,155,0,0,70
11482,8212,500,814,1162,0,718,0,0,262
11483,1368,500,170,0,221,138,0,0,93
11484,2695,500,245,0,352,274,0,0,120
11485,2024,500,81,0,227,204,0,0,95
11486,1391,500,170,161,110,131,0,0,89
11487,3737,500,702,586,292,357,0,0,151
11488,3301,500,249,366,392,323,0,0,156
11489,3715,500,373,0,447,367,0,0,156
11490,9210,500,496,1488,511,849,0,0,308
11491,3553,500,212,574,0,311,0,0,134
11492,8023,500,836,1202,0,702,500,0,261
11493,3243,500,382,485,114,295,0,0,137
11494,7848,500,603,0,1148,786,0,0,308
11495,7812,500,1581,0,1177,786,0,0,312
11496,4252,500,374,408,399,412,0,0,153
11497,4720,500,323,0,721,492,0,0,189
11498,7404,500,1132,1253,303,675,0,0,262
11499,6404,500,658,1089,336,589,500,0,222
11500,2195,500,252,367,110,201,0,0,111
11501,1960,500,167,240,261,202,0,0,96
11502,1817,500,141,0,212,177,0,0,105
11503,3072,500,299,295,287,297,0,0,128
11504,2998,500,526,520,0,262,500,0,103
11505,1597,0,112,134,114,153,0,0,73
11506,2889,500,301,0,616,311,0,0,137
11507,2297,500,146,176,224,223,0,0,111
11508,4830,500,324,638,0,423,500,0,154
11509,2676,500,455,324,316,269,500,0,120
11510,80728,900,3529,12592,3481,6797,0,0,2396
11511,6737,500,684,0,1151,689,0,0,269
11512,2678,500,357,250,227,259,0,0,122
11513,3128,500,316,316,240,297,0,0,137
11514,2189,500,348,369,205,210,0,0,112
11515,2399,500,309,398,0,210,500,0,91
11516,3926,500,651,786,0,344,0,0,159
11517,2193,500,537,0,312,218,0,0,128
11518,2446,500,156,0,292,247,0,0,109
11519,1434,500,114,199,0,126,500,0,62
11520,2770,500,230,0,408,287,0,0,118
11521,2368,500,472,444,0,207,0,0,105
11522,4300,500,664,475,389,411,500,0,156
11523,1750,500,225,265,180,171,500,0,80
11524,3283,0,318,243,438,333,0,0,126
11525,1440,500,222,0,278,153,0,0,98
11526,7196,500,899,0,1336,737,0,0,298
11527,2811,500,118,341,136,262,0,0,115
11528,5673,500,841,703,598,545,0,0,232
11529,1445,500,169,206,0,126,0,0,87
11530,4239,500,615,334,400,412,500,0,144
11531,2323,500,249,498,0,203,0,3276,51
11532,1381,500,65,152,183,140,0,0,87
11533,2822,500,226,366,113,260,0,0,115
11534,3528,500,522,0,496,358,0,0,157
11535,4800,500,266,0,675,497,500,0,181
11536,4723,500,456,650,602,468,0,0,189
11537,4705,500,463,764,327,441,0,0,179
11538,5518,500,333,0,830,567,500,0,211
11539,3247,500,412,645,0,284,549,0,125
11540,3454,500,572,0,549,369,0,1748,102
11541,2480,500,228,0,406,260,0,0,117
11542,2124,500,222,0,285,212,0,0,111
11543,2470,500,186,0,394,250,0,0,126
11544,2651,500,331,0,419,281,0,0,115
11545,1402,500,0,72,121,137,500,0,66
11546,3269,500,549,284,409,324,500,0,124
11547,2715,500,297,0,0,237,0,0,113
11548,5306,500,0,0,948,544,0,0,219
11549,2224,500,236,0,351,229,500,0,98
11550,6191,500,651,863,504,587,0,0,226
11551,1696,500,208,161,182,164,0,0,100
11552,2438,500,162,147,374,255,0,0,113
11553,2247,500,228,101,256,223,0,0,109
11554,4682,500,787,0,713,475,0,0,198
11555,1614,500,334,0,222,164,0,0,92
11556,2332,500,272,0,353,248,0,0,106
11557,1850,500,80,178,108,175,0,0,91
11558,1740,500,286,249,0,153,0,0,86
11559,3993,500,907,0,439,389,0,0,161
11560,2718,500,137,479,0,238,500,0,107
11561,6698,500,1551,861,694,644,0,0,258
11562,3476,500,235,517,0,304,0,0,146
11563,2296,500,231,266,127,216,0,0,97
11564,922,500,92,193,0,80,500,0,59
11565,2529,500,291,379,0,221,0,0,119
11566,2701,500,454,0,276,260,0,0,130
11567,2473,500,283,297,111,230,500,0,87
11568,3739,500,411,0,497,373,0,0,156
11569,1226,500,91,0,121,122,0,0,78
11570,3016,500,275,541,0,264,0,0,123
11571,1845,500,111,108,181,185,0,445,91
11572,3503,500,199,0,518,353,0,0,156
11573,4256,500,278,621,216,393,0,0,157
11574,1814,500,151,158,216,177,0,0,109
11575,1193,500,286,164,116,120,0,0,83
11576,3001,500,228,0,502,305,0,0,142
11577,6838,500,1591,0,1305,729,0,0,269
11578,2864,500,476,0,447,290,0,0,134
11579,2243,500,351,0,284,223,0,0,120
11580,2147,500,179,249,231,206,500,0,101
11581,7937,500,1302,0,993,802,0,0,286
11582,2525,500,92,0,287,264,0,0,114
11583,3683,500,470,0,557,376,0,0,153
11584,2534,500,314,268,171,240,0,0,108
11585,3252,500,340,563,280,308,0,0,156
11586,2141,500,179,249,220,205,0,1144,88
11587,7159,500,1769,711,899,705,0,0,267
11588,4370,500,408,0,475,427,0,0,175
11589,7925,500,541,692,957,775,0,0,288
11590,3251,500,302,149,352,321,0,0,130
11591,2701,500,256,0,411,280,0,0,124
11592,5992,500,398,0,771,591,500,0,233
11593,3189,500,210,578,0,287,0,0,134
11594,2782,500,573,249,172,264,0,0,111
11595,1346,500,78,0,273,141,0,0,92
11596,1463,500,76,111,301,157,500,0,78
11597,2099,500,362,0,311,221,0,0,100
11598,3017,500,477,479,0,264,0,0,112
11599,2087,500,221,244,276,206,0,0,118
11600,11308,900,806,0,1690,1130,0,0,422
11601,4259,500,405,799,0,372,0,0,159
11602,1987,500,274,334,0,173,500,0,74
11603,2154,500,68,256,0,188,500,0,80
11604,1666,0,184,0,252,170,0,0,85
11605,10232,900,592,2113,0,896,0,0,377
11606,2842,500,472,479,194,266,0,0,135
11607,12905,900,880,0,1522,1257,0,0,458
11608,2321,500,223,0,335,233,500,0,103
11609,5592,500,655,0,797,557,0,1692,188
11610,2266,500,354,0,348,242,0,0,106
11611,1546,500,199,97,134,151,0,0,83
11612,6664,500,447,0,962,668,0,0,249
11613,2461,500,524,0,443,252,500,0,113
11614,3066,500,0,186,459,314,0,0,134
11615,2144,500,311,0,338,219,500,0,91
11616,6147,500,442,984,491,581,0,0,223
11617,748,500,78,61,94,74,0,0,72
11618,1699,500,144,247,160,162,0,0,100
11619,7432,500,1147,1592,0,650,0,0,266
11620,15354,900,1591,3163,0,1343,500,0,482
11621,3164,500,337,671,0,277,0,0,143
11622,3103,500,196,0,406,316,0,0,129
11623,1097,500,107,235,0,96,0,0,79
11624,2236,500,90,275,108,208,0,0,99
11625,10850,900,1360,0,1774,1092,0,0,434
11626,3820,500,824,619,314,362,0,0,169
11627,2931,500,414,227,322,289,0,0,119
11628,2948,500,291,639,0,258,0,0,127
11629,1976,500,104,0,391,211,0,0,117
11630,5625,500,328,0,617,548,500,0,198
11631,6541,500,1030,1429,0,573,0,0,242
11632,4069,500,835,0,485,411,0,0,170
11633,3087,500,326,649,0,278,0,0,140
11634,1375,500,168,86,79,133,0,0,78
11635,3266,500,380,383,376,327,0,0,155
11636,4811,500,510,797,309,448,0,0,186
11637,2978,500,1139,339,285,299,500,0,115
11638,2327,500,439,433,148,216,0,0,116
11639,5392,500,1172,829,516,518,0,0,216
11640,9715,500,1093,1734,547,895,500,0,330
11641,7846,500,926,1112,981,768,0,0,301
11642,4475,500,0,601,170,408,0,0,170
11643,1712,500,327,394,0,150,0,0,96
11644,2710,500,423,0,443,274,500,0,122
11645,3903,500,373,410,430,392,0,0,162
11646,2765,500,223,314,0,242,0,0,111
11647,5023,500,322,666,500,485,0,0,189
11648,2259,500,322,156,318,231,3629,0,0
11649,2740,500,306,483,159,253,0,0,130
11650,3426,500,491,334,346,335,500,0,126
11651,2371,500,269,181,169,229,0,0,99
11652,4927,500,250,894,0,431,0,0,173
11653,3981,500,573,0,587,416,0,0,173
11654,2240,500,161,0,285,222,0,0,116
11655,2085,500,168,163,227,210,0,0,100
11656,2370,500,456,380,171,224,0,0,111
11657,2162,500,220,315,110,199,0,0,111
11658,8615,500,1485,834,994,839,500,0,279
11659,3847,500,665,0,567,386,0,0,174
11660,4488,500,258,349,447,435,0,0,179
11661,4304,500,822,0,658,433,0,0,190
11662,4667,500,500,859,0,408,0,0,170
11663,1662,0,163,162,0,146,0,0,60
11664,3622,500,356,534,223,338,0,0,140
11665,3042,500,302,437,129,279,0,0,124
11666,2232,500,240,320,342,223,0,0,122
11667,1335,500,153,264,0,117,0,0,83
11668,2889,500,224,0,662,311,0,0,147
11669,1900,500,167,183,174,183,0,0,98
11670,1893,500,327,0,393,204,1114,0,90
11671,3210,500,0,0,517,333,0,0,136
11672,3880,500,670,376,514,383,0,0,171
11673,3066,500,624,563,170,283,500,0,122
11674,2869,500,230,361,351,290,0,0,121
11675,4681,500,478,950,0,410,0,0,184
11676,1332,500,114,224,0,117,0,0,83
11677,5112,500,353,0,579,496,0,0,214
11678,4670,500,339,949,0,421,0,0,177
11679,6441,500,342,876,430,602,0,0,234
11680,3791,500,381,594,221,352,0,0,149
11681,3695,500,410,0,502,378,0,0,172
11682,3188,500,426,0,792,365,0,0,149
11683,2807,500,319,0,498,290,500,0,125
11684,7828,500,1383,1776,0,685,0,0,277
11685,3633,500,201,0,567,380,0,0,160
11686,2388,500,169,181,227,237,0,0,102
11687,2926,500,453,231,357,292,0,0,130
11688,4220,500,672,363,606,426,0,0,174
11689,2527,500,135,234,296,256,0,0,109
11690,3967,500,424,0,571,410,500,0,156
11691,3638,500,441,0,623,369,0,0,175
11692,1411,500,46,0,173,150,0,0,82
11693,3293,500,491,0,567,337,0,0,159
11694,1848,500,117,0,175,183,0,0,90
11695,5780,500,613,812,0,506,0,0,197
11696,2083,500,431,0,368,222,0,0,105
11697,5083,500,568,666,690,506,0,0,204
11698,5102,500,483,952,0,459,0,0,186
11699,2377,500,403,425,198,225,0,0,119
11700,4111,500,1110,600,0,360,500,0,132
11701,4140,500,276,0,562,414,0,0,167
11702,5632,500,628,651,420,528,500,0,204
11703,3330,500,603,0,544,336,0,0,164
11704,3745,500,194,0,496,386,0,0,153
11705,5965,500,664,1053,0,522,0,0,227
11706,4142,500,721,762,0,363,0,0,155
11707,3703,500,222,0,500,371,0,0,161
11708,3399,500,501,0,446,347,0,0,160
11709,3531,500,463,489,161,324,0,0,143
11710,5668,500,893,972,242,518,0,0,220
11711,2455,500,254,211,261,238,0,0,121
11712,2830,500,168,0,457,298,0,0,128
11713,1220,500,324,0,210,124,0,0,89
11714,1791,0,0,172,173,177,0,0,76
11715,3075,500,309,0,390,308,0,0,133
11716,1945,500,194,349,0,171,0,0,100
11717,2226,500,566,541,0,194,0,0,111
11718,1910,500,117,0,176,189,0,0,90
11719,1105,500,58,0,168,115,0,0,82
11720,2846,500,189,307,271,280,0,0,134
11721,6502,500,446,580,794,636,0,0,255
11722,2865,500,264,0,403,303,0,0,123
11723,1215,500,79,125,23,110,0,0,72
11724,2678,500,213,0,444,271,0,0,136
11725,1430,500,0,235,0,125,2055,0,35
11726,2331,500,147,0,0,204,0,0,107
11727,4334,500,501,629,331,408,0,0,183
11728,12609,900,2573,2788,0,1103,0,2844,410
11729,2370,500,226,182,280,242,0,0,115
11730,1011,500,83,179,0,89,500,0,60
11731,1433,500,94,0,232,152,0,0,86
11732,2799,500,360,198,309,279,0,0,124
11733,2846,500,323,568,0,249,0,0,125
11734,8355,500,1016,1515,0,731,0,0,284
11735,3019,500,127,0,271,292,0,0,123
11736,2989,500,222,268,364,293,0,0,142
11737,2732,500,293,524,0,239,0,1874,76
11738,2085,500,226,0,336,215,500,0,94
11739,3234,500,278,425,230,308,0,0,120
11740,4961,500,739,0,745,503,0,0,209
11741,4306,500,664,415,563,424,0,0,186
11742,1826,500,178,151,85,178,0,0,84
11743,2541,500,182,250,223,243,0,0,118
11744,9174,500,573,1504,493,844,0,0,310
11745,3030,500,194,211,295,296,0,0,121
11746,2979,500,338,473,163,284,0,0,128
11747,1721,500,127,227,110,163,0,0,94
11748,9163,500,1065,1410,1268,907,500,0,322
11749,5367,500,576,0,406,508,0,0,197
11750,13408,900,1544,2363,1320,1283,0,0,485
11751,5872,500,959,831,0,514,500,0,183
11752,2693,0,118,0,422,283,0,0,116
11753,18482,900,2094,3298,1201,1715,0,0,634
11754,3646,500,234,0,611,381,0,0,157
11755,10268,900,1066,0,1309,1009,0,0,377
11756,5068,500,556,799,227,464,0,0,185
11757,1337,500,70,225,112,126,0,0,105
11758,4478,500,454,0,502,441,500,0,157
11759,1587,500,98,90,117,154,500,0,69
11760,6381,500,421,0,933,643,0,0,241
11761,4675,500,519,604,766,478,0,0,196
11762,2025,500,222,0,340,208,0,0,113
11763,4581,500,1661,987,820,469,0,0,215
11764,3718,500,518,411,322,355,500,0,131
11765,2588,500,375,147,395,261,0,0,129
11766,5519,500,254,957,0,497,0,0,187
11767,5961,500,632,970,279,547,0,0,210
11768,1702,500,255,341,0,149,0,0,95
11769,3119,500,207,251,459,316,0,0,139
11770,4170,500,803,0,0,364,500,0,134
11771,1505,500,194,181,81,142,0,0,81
11772,3088,500,221,385,458,312,0,0,143
11773,8846,500,450,1420,0,774,0,0,283
11774,1443,500,303,225,115,138,0,0,86
11775,5845,500,386,776,0,512,0,0,200
11776,8181,500,828,1311,338,746,0,0,274
11777,3991,500,257,790,0,349,0,0,156
11778,1845,500,105,156,177,193,0,0,90
11779,2926,500,263,0,344,295,0,0,122
11780,1007,500,88,146,58,93,0,0,76
11781,1105,500,87,0,228,120,0,0,98
11782,1605,500,141,0,209,157,0,0,100
11783,2632,500,216,328,142,247,500,0,92
11784,2876,500,160,0,279,282,500,0,105
11785,7966,500,463,0,1151,798,0,0,287
11786,4652,500,752,0,575,456,0,0,200
11787,1240,500,237,0,153,124,0,0,82
11788,1379,500,72,0,163,140,0,0,89
11789,3158,500,348,456,0,276,0,0,134
11790,3682,500,216,414,440,358,0,0,163
11791,2982,500,432,264,345,292,0,0,134
11792,12544,900,751,0,1959,1263,0,0,456
11793,2717,500,253,256,255,272,0,0,118
11794,5062,500,331,0,732,527,0,0,198
11795,1938,500,0,0,286,200,0,0,101
11796,2460,500,134,0,397,251,0,0,125
11797,7645,500,493,1255,601,720,0,0,271
11798,3806,500,543,0,497,379,0,0,170
11799,5968,500,376,0,800,596,500,0,208
11800,5171,500,535,0,721,518,0,0,202
11801,2369,500,171,395,0,207,0,0,105
11802,2776,500,409,423,168,260,500,0,105
11803,4375,500,475,0,0,383,0,0,183
11804,986,500,182,0,126,101,0,0,77
11805,2125,500,226,384,0,186,0,0,101
11806,3977,500,911,0,664,407,0,0,170
11807,3550,500,433,349,439,346,0,0,166
11808,3678,500,385,0,475,365,0,0,153
11809,1940,500,310,265,0,169,0,0,84
11810,780,500,161,150,37,72,0,0,71
11811,5574,500,632,308,789,557,0,0,221
11812,1863,500,404,297,232,186,0,0,104
11813,2066,500,550,452,0,181,0,0,101
11814,5108,500,895,613,687,506,0,1198,195
11815,4189,500,417,628,262,392,500,0,144
11816,27050,900,3130,4936,1818,2514,0,0,917
11817,1241,500,104,0,243,132,0,0,87
11818,2377,500,248,0,144,222,0,0,120
11819,2790,500,374,220,396,284,0,0,126
11820,5180,500,287,641,0,454,0,0,172
11821,6395,500,402,0,980,650,0,0,241
11822,3180,500,534,310,226,302,500,0,112
11823,3175,500,211,320,273,303,0,0,145
11824,2754,500,206,530,0,241,0,0,121
11825,2415,500,222,423,0,212,0,0,112
11826,2925,500,432,0,446,296,500,0,121
11827,2414,500,559,446,0,212,500,0,89
11828,9834,500,601,1998,0,860,500,0,307
11829,5698,500,948,810,535,544,0,0,227
11830,2429,500,177,427,0,213,0,2819,40
11831,2858,500,129,0,334,289,0,0,118
11832,2343,500,212,388,0,205,0,0,103
11833,3265,500,0,0,456,334,0,0,158
11834,3745,500,212,417,354,364,0,0,145
11835,1261,500,71,56,72,125,0,0,74
11836,2013,500,113,0,233,196,0,0,115
11837,4594,500,286,0,318,428,0,0,203
11838,2419,500,134,0,359,253,0,0,110
11839,1870,500,549,332,159,177,0,0,105
11840,2884,500,172,306,292,293,0,0,116
11841,2987,500,177,502,0,262,0,0,118
11842,2266,500,363,331,0,203,0,0,98
11843,997,500,117,158,0,87,0,0,70
11844,2811,500,455,455,0,245,0,0,110
11845,7044,500,1231,0,1287,731,0,0,282
11846,2448,500,332,179,453,251,0,0,139
11847,2528,500,0,349,220,239,0,0,127
11848,3314,500,351,635,0,290,0,0,132
11849,1674,500,105,200,0,147,0,0,81
11850,4351,500,414,763,0,380,0,0,156
11851,1980,500,211,166,257,197,0,0,106
11852,1610,500,336,146,207,160,0,0,94
11853,1932,500,89,226,0,169,500,0,82
11854,4626,500,336,0,550,450,1100,0,167
11855,4119,500,574,0,619,431,0,0,167
11856,2379,500,337,390,0,208,0,0,109
11857,3112,500,419,662,0,281,0,0,138
11858,7342,500,885,893,879,713,0,0,292
11859,4437,500,912,892,0,389,0,0,157
11860,2583,500,126,0,556,276,0,0,136
11861,5344,500,796,0,1100,560,0,0,234
11862,7136,500,447,0,1299,741,0,0,273
11863,3199,500,546,283,323,310,500,4879,40
11864,1952,0,220,221,171,186,0,0,92
11865,1738,500,92,0,182,180,0,0,86
11866,5224,500,753,439,520,507,0,0,188
11867,9789,900,1168,0,1869,1020,0,0,383
11868,4516,500,496,0,793,466,0,0,192
11869,3329,500,356,0,571,343,0,0,154
11870,4281,500,466,0,507,421,0,0,171
11871,2016,500,106,0,492,222,0,0,115
11872,17664,900,2235,0,3076,1792,0,0,674
11873,1343,500,112,277,0,118,0,0,89
11874,1391,500,150,0,240,143,0,0,93
11875,2005,500,0,128,177,195,0,0,97
11876,1946,500,142,303,113,181,0,0,100
11877,1161,500,95,131,176,119,0,0,83
11878,2826,500,592,474,386,278,500,0,133
11879,1635,500,160,264,105,152,0,0,94
11880,5759,500,1134,831,373,539,0,0,199
11881,2602,500,340,390,0,228,0,0,101
11882,4973,500,622,491,681,489,500,0,200
11883,1765,500,112,0,178,174,0,0,94
11884,6165,500,703,0,0,540,547,0,194
11885,2284,500,133,0,389,240,0,0,126
11886,1928,500,306,0,266,192,500,0,93
11887,3108,500,209,319,418,310,500,0,129
11888,3996,500,412,395,336,382,0,0,157
11889,2153,0,317,212,264,210,0,0,109
11890,8907,500,0,0,1294,919,0,0,303
11891,1666,500,175,0,278,174,0,0,105
11892,1767,500,150,0,282,178,0,0,105
11893,4964,500,497,898,0,435,0,0,171
11894,4468,500,329,0,761,468,0,0,197
11895,6982,500,456,906,886,687,0,0,266
11896,1774,500,128,191,93,167,0,0,87
11897,1924,500,334,176,233,189,0,0,105
11898,3961,500,526,0,319,383,0,0,177
11899,1492,500,148,213,166,145,0,0,95
11900,1655,500,98,198,0,144,500,0,60
11901,4200,500,482,376,600,419,0,0,180
11902,3382,500,0,424,0,305,0,0,143
11903,4271,500,302,454,477,415,0,0,172
11904,2018,500,466,377,396,211,0,0,114
11905,3355,500,480,482,220,316,4871,0,41
11906,7402,500,957,1204,293,674,0,0,243
11907,4241,500,698,0,668,430,0,0,182
11908,2781,500,118,341,142,259,0,0,115
11909,2551,500,159,0,455,277,500,0,99
11910,3318,500,223,481,113,301,0,0,126
11911,2479,500,270,327,244,239,0,0,122
11912,2372,500,171,239,115,222,0,0,99
11913,2059,500,105,160,275,206,0,0,108
11914,1703,500,96,102,121,167,500,0,68
11915,2974,500,167,467,0,260,0,0,114
11916,3759,500,354,633,0,328,0,0,136
11917,2676,500,574,0,281,266,0,0,114
11918,6806,0,429,1257,0,595,0,0,205
11919,3426,500,142,0,513,354,0,0,142
11920,2675,500,385,286,0,234,0,0,104
11921,20609,900,2225,0,2651,2015,0,0,671
11922,4783,500,515,748,328,449,0,0,189
11923,2175,500,234,180,314,220,0,0,112
11924,2511,500,223,423,0,220,500,0,91
11925,6212,500,774,709,691,603,0,0,239
11926,6871,500,356,1348,0,618,0,0,234
11927,2775,500,1131,342,390,281,0,0,132
11928,2591,500,335,0,502,267,0,0,147
11929,5597,500,602,0,759,551,0,0,227
11930,3311,500,594,571,0,290,0,0,120
11931,3104,500,210,478,160,286,0,0,134
11932,1997,500,115,0,234,204,0,0,95
11933,2048,500,210,359,0,179,0,0,95
11934,5402,500,1133,0,650,530,0,0,211
11935,3006,500,494,0,501,303,0,0,149
11936,1879,500,333,221,222,183,0,0,105
11937,6924,500,507,0,1053,692,0,0,271
11938,2665,500,294,294,294,259,500,0,113
11939,2789,500,130,193,307,276,0,0,123
11940,4664,500,490,0,773,476,6902,0,75
11941,3203,500,386,0,510,334,0,0,139
11942,1594,500,254,289,0,139,500,0,78
11943,2779,500,588,0,449,287,0,0,127
11944,1761,500,302,270,164,167,500,0,88
11945,4165,500,261,310,525,417,500,0,143
11946,2152,500,105,299,112,200,0,0,106
11947,1049,500,89,0,113,103,0,0,77
11948,5499,500,361,0,904,562,0,0,223
11949,1893,500,159,115,259,199,0,0,94
11950,1196,500,95,110,113,116,0,0,79
11951,2529,500,199,509,0,221,0,0,116
11952,5620,500,698,0,888,564,0,0,237
11953,2595,500,215,267,0,227,0,0,106
11954,1677,500,225,306,0,151,0,0,91
11955,10166,900,620,2065,0,890,0,0,332
11956,5285,500,1037,1103,0,463,0,0,182
11957,1483,500,74,124,0,130,0,0,72
11958,9758,900,1145,1754,989,932,0,0,375
11959,6670,500,775,0,820,655,0,0,255
11960,3273,500,431,424,0,287,0,0,124
11961,4598,500,723,955,0,402,0,0,173
11962,1764,500,56,84,114,171,500,0,66
11963,4473,500,521,0,573,450,0,0,209
11964,1447,500,0,69,83,140,0,0,78
11965,2962,500,188,404,84,267,0,0,120
11966,2710,500,253,498,0,237,0,0,114
11967,2033,500,238,180,363,209,0,0,113
11968,4756,500,475,0,802,486,0,0,199
11969,890,500,93,85,132,89,0,0,77
11970,3118,500,196,134,401,316,500,0,117
11971,14560,900,1029,1702,1817,1420,0,0,529
11972,3399,500,490,374,339,328,0,0,147
11973,2902,500,460,0,498,299,0,0,139
11974,1870,500,290,251,80,173,0,0,93
11975,1522,500,148,197,0,133,0,0,85
11976,899,500,83,183,0,78,0,0,74
11977,3878,500,1656,0,674,394,0,0,222
11978,6398,500,373,0,702,641,0,547,238
11979,4009,500,413,396,326,393,0,0,161
11980,2837,500,327,0,335,284,0,0,124
11981,2168,500,159,124,194,215,0,0,95
11982,3263,500,430,0,383,324,0,0,137
11983,2878,500,396,488,0,183,0,0,110
11984,1920,500,310,265,0,168,0,0,84
11985,12716,900,547,2081,482,1152,0,0,420
11986,3351,500,477,0,430,333,500,0,128
11987,3230,500,471,0,518,329,0,0,152
11988,4751,500,300,722,546,466,0,0,198
11989,5648,500,345,831,0,494,0,0,211
11990,17663,900,1117,1991,1653,1678,0,3143,524
11991,3370,500,154,458,172,322,0,0,126
11992,2384,500,227,0,393,248,0,0,122
11993,3180,500,539,367,355,310,0,0,143
11994,7352,500,413,1224,526,687,0,0,263
11995,5128,500,528,689,466,506,0,0,192
11996,2593,500,315,291,160,244,0,0,108
11997,1076,500,111,165,57,99,0,0,77
11998,2084,500,148,0,305,224,0,0,99
11999,1845,500,204,313,169,176,0,0,104
12000,1269,500,55,0,112,122,500,0,66
12001,3894,500,657,0,439,380,0,0,172
12002,3505,500,412,322,289,338,0,0,138
12003,11630,900,1524,1778,0,1018,0,0,365
12004,1728,500,74,110,172,171,2645,0,0
12005,3336,500,310,577,0,291,0,0,132
12006,2040,500,141,272,0,179,0,0,88
12007,7107,500,504,632,984,704,0,0,269
12008,3664,500,230,0,516,373,0,0,154
12009,1870,500,104,278,205,182,500,0,85
12010,4943,500,294,0,781,507,0,0,195
12011,2420,500,172,149,179,233,0,0,101
12012,7265,500,660,437,1150,727,0,0,292
12013,3435,500,433,424,0,301,500,0,112
12014,5267,500,580,434,746,531,500,0,159
12015,1449,500,97,166,122,142,0,0,82
12016,4314,500,240,452,522,423,0,0,173
12017,5551,500,311,0,605,539,0,0,208
12018,2765,500,316,0,0,249,500,0,108
12019,2497,0,192,498,0,219,0,0,106
12020,2259,500,500,426,128,209,0,0,121
12021,3733,500,379,718,0,326,0,0,146
12022,2956,500,324,568,0,258,0,0,125
12023,5470,500,886,839,0,479,0,0,199
12024,1754,500,334,322,0,153,0,0,94
12025,3351,500,626,668,0,293,0,0,140
12026,6017,500,392,0,855,605,0,0,222
12027,2880,500,0,356,115,272,0,0,111
12028,6897,500,764,602,879,682,500,0,241
12029,2121,500,0,136,172,209,0,0,95
12030,5683,500,587,1168,0,497,0,1099,182
12031,4517,500,326,944,0,407,500,0,161
12032,2110,500,130,251,0,185,0,0,86
12033,2372,500,521,400,322,239,0,0,116
12034,7663,500,0,650,1048,757,0,0,309
12035,1353,500,79,0,165,144,500,0,63
12036,7853,500,551,867,811,755,0,0,282
12037,3911,500,861,0,523,384,1101,1855,105
12038,12528,900,0,1558,1178,1195,500,0,402
12039,2102,500,443,460,0,183,0,0,105
12040,1845,500,167,0,287,193,0,0,99
12041,1929,500,157,0,146,187,0,0,98
12042,959,500,99,199,0,83,500,0,59
12043,3643,500,438,528,395,351,0,0,175
12044,2891,500,324,568,0,253,0,0,128
12045,2157,500,234,180,314,218,0,0,111
12046,13932,900,1107,0,2607,1434,19980,0,73
12047,1646,500,0,231,61,150,0,0,91
12048,7275,500,476,1240,390,669,0,0,263
12049,3452,500,298,422,321,335,0,0,136
12050,3666,0,516,641,0,321,500,0,104
12051,937,500,0,65,79,90,0,0,72
12052,3006,500,469,600,0,263,0,0,133
12053,3390,500,364,728,0,305,0,0,147
12054,2964,500,321,0,480,306,0,0,135
12055,6031,500,849,0,898,604,0,0,235
12056,4394,500,972,573,535,440,0,0,191
12057,2536,500,123,0,0,222,0,0,123
12058,8966,500,1101,0,1040,871,0,0,326
12059,2672,500,427,264,341,262,500,0,112
12060,1183,500,278,94,120,117,0,0,79
12061,6418,500,1464,1255,510,604,500,0,249
12062,4347,500,313,597,384,412,0,0,185
12063,2336,500,450,483,0,204,0,0,114
12064,3476,500,234,0,544,355,0,0,153
12065,3595,500,212,575,0,314,0,0,131
12066,2521,500,167,400,0,221,0,0,105
12067,8113,500,575,1659,0,710,500,0,267
12068,4686,500,265,0,610,479,0,0,197
12069,9350,500,1379,1899,0,818,0,0,310
12070,2138,500,451,382,158,202,0,0,112
12071,3403,500,799,0,529,340,0,0,165
12072,6232,500,675,748,703,602,500,0,236
12073,4428,500,295,854,0,387,0,0,177
12074,4577,500,1130,0,718,458,500,0,200
12075,2327,500,145,290,114,217,500,0,85
12076,1422,500,169,206,0,124,0,0,90
12077,1870,500,229,382,0,164,0,0,99
12078,3350,500,558,188,469,336,0,0,146
12079,5399,500,510,0,676,535,500,0,204
12080,2276,500,246,383,156,213,0,0,115
12081,1782,500,57,84,114,173,0,0,83
12082,4567,500,299,0,606,453,0,0,189
12083,2407,500,152,471,0,211,0,0,120
12084,6763,500,450,1342,0,592,0,0,232
12085,7555,500,1243,0,1749,823,0,0,313
12086,4352,500,528,586,0,381,0,0,155
12087,3426,500,494,0,510,357,0,0,149
12088,3253,500,520,0,668,345,500,0,142
12089,3581,500,444,0,585,361,0,0,169
12090,3379,500,467,0,449,342,0,0,141
12091,1876,500,130,152,223,185,500,0,89
12092,4769,500,878,0,511,468,0,0,180
12093,2067,500,337,132,286,208,562,0,95
12094,2898,500,408,504,0,254,0,0,122
12095,4853,500,308,868,0,425,0,0,182
12096,1070,500,96,189,163,107,0,0,88
12097,7357,500,885,899,856,713,0,0,290
12098,2956,500,285,420,185,278,0,0,121
12099,3693,500,838,671,262,346,0,0,159
12100,2687,500,372,0,0,235,0,0,111
12101,2237,500,402,285,275,218,0,0,119
12102,1481,500,331,135,187,146,500,0,79
12103,1913,500,330,392,0,168,0,0,97
12104,5326,500,294,0,1173,574,0,0,231
12105,7033,500,778,1006,811,707,0,0,262
12106,1763,500,129,0,346,184,500,0,90
12107,4391,500,863,878,0,384,0,0,169
12108,3251,500,242,474,422,326,0,0,138
12109,2584,500,387,387,0,233,0,0,119
12110,4423,500,299,622,403,422,0,0,177
12111,6096,500,1097,0,928,610,0,9230,40
12112,3836,500,320,522,282,365,0,0,144
12113,6029,500,597,853,0,526,0,0,211
12114,5576,500,599,1159,0,488,0,0,203
12115,7194,500,745,1148,398,664,0,0,249
12116,11859,900,2004,2216,729,1098,0,0,442
12117,3995,500,375,0,579,416,0,0,163
12118,2379,500,388,0,380,239,0,0,127
12119,4192,500,673,0,674,429,500,0,158
12120,3239,500,350,635,0,284,0,0,135
12121,2599,500,448,576,0,228,500,0,110
12122,5890,500,379,0,968,611,0,0,241
12123,6269,500,399,638,595,603,0,0,222
12124,3430,500,554,772,0,300,0,0,144
12125,1040,500,233,143,83,99,0,0,79
12126,6887,500,846,669,1013,685,0,0,279
12127,2990,500,327,673,0,261,0,0,130
12128,5387,500,577,0,1215,571,0,0,246
12129,8394,500,548,0,1213,842,0,0,317
12130,6158,500,933,932,0,538,500,0,209
12131,3073,500,487,383,436,313,500,0,131
12132,3877,500,254,512,358,383,500,0,141
12133,1570,500,94,175,160,151,500,0,86
12134,6270,500,1371,0,844,623,0,0,244
12135,3326,500,534,461,113,304,0,0,121
12136,9585,500,471,1397,566,886,0,0,294
12137,8490,500,1483,1356,1009,827,0,0,330
12138,4217,500,266,705,0,369,0,0,149
12139,6752,500,1551,860,650,645,0,0,249
12140,2195,500,178,0,254,223,0,0,106
12141,2111,500,163,317,0,185,0,888,73
12142,2581,500,127,226,226,250,0,0,114
12143,7198,500,457,0,816,702,0,0,259
12144,1525,500,145,224,89,143,0,0,88
12145,4709,500,472,937,0,413,0,0,176
12146,15228,900,2633,3440,0,1332,0,0,508
12147,17694,900,1923,3834,0,1548,0,0,602
12148,3456,500,324,249,538,352,0,0,149
12149,14991,900,879,0,1706,1452,0,0,523
12150,5060,500,318,724,352,472,0,0,200
12151,11141,900,2499,1389,1194,1078,0,0,433
12152,4058,500,277,0,595,407,0,0,178
12153,3313,500,744,0,453,330,0,1204,130
12154,4442,500,130,0,539,436,0,0,182
12155,4194,500,864,368,596,424,6579,0,44
12156,6755,500,1019,1016,0,591,0,0,241
12157,2141,500,125,0,334,217,0,0,118
12158,4464,500,776,691,0,391,547,0,154
12159,6153,500,995,0,718,604,0,0,237
12160,3126,500,194,343,176,293,0,0,135
12161,4003,500,233,550,206,371,0,0,146
12162,5072,500,571,689,558,492,0,0,204
12163,9251,900,687,0,1443,927,0,0,364
12164,6617,500,1546,0,947,660,0,0,277
12165,2657,500,331,411,0,233,0,0,124
12166,2090,500,105,0,296,219,0,0,108
12167,4163,500,700,915,0,364,0,0,171
12168,3518,500,449,0,448,354,0,0,147
12169,1824,500,80,0,230,185,0,0,95
12170,1671,500,295,186,61,154,500,0,62
12171,1932,500,115,69,182,192,0,0,93
12172,1002,500,232,143,83,95,0,0,82
12173,1744,500,103,198,220,170,0,0,105
12174,4073,500,697,492,439,405,0,0,180
12175,4593,500,129,805,0,402,500,0,156
12176,9927,900,726,0,1931,1033,0,0,384
12177,1527,500,56,0,115,147,0,0,84
12178,9963,500,1045,1654,473,913,0,0,334
12179,2200,500,148,0,223,213,0,0,111
12180,2621,500,563,0,479,274,0,0,128
12181,3352,500,298,525,0,294,0,0,121
12182,2066,500,146,301,253,205,0,0,106
12183,2699,500,224,364,124,250,0,0,114
12184,3297,500,212,0,273,317,0,0,140
12185,3464,500,403,303,417,341,0,0,152
12186,4920,500,679,0,1022,526,0,0,206
12187,4641,500,296,361,589,462,0,0,176
12188,4981,500,550,0,833,528,0,0,200
12189,3055,500,380,0,469,314,500,0,137
12190,3486,500,220,572,0,305,0,0,134
12191,2703,500,322,568,0,236,500,0,112
12192,1715,500,250,0,143,171,597,0,70
12193,7886,500,1666,942,722,776,0,0,300
12194,2419,500,113,356,167,228,0,0,112
12195,1905,500,200,196,121,183,0,0,86
12196,4551,500,305,0,777,472,0,0,181
12197,3841,500,286,639,297,362,0,0,164
12198,2273,500,156,300,0,199,500,0,73
12199,2937,500,427,424,0,257,0,0,132
12200,5774,500,889,517,645,563,0,0,230
12201,3616,500,226,0,569,367,500,0,145
12202,4741,500,332,509,498,459,0,0,186
12203,4090,500,912,0,604,414,0,0,168
12204,4560,500,452,710,172,415,0,0,170
12205,5072,500,1129,520,830,514,0,0,223
12206,3165,500,196,390,0,277,0,0,123
12207,2218,500,161,313,0,194,0,0,93
12208,3046,500,597,162,383,305,500,0,115
12209,2047,500,153,0,224,201,0,0,104
12210,5909,500,665,1027,505,559,0,0,230
12211,3085,500,0,164,486,311,0,0,150
12212,2161,500,260,0,328,217,0,0,122
12213,3530,500,450,0,517,362,0,0,142
12214,2316,500,174,0,408,243,0,0,117
12215,3404,500,211,637,0,298,0,0,133
12216,3078,500,140,271,216,292,0,0,122
12217,1927,500,149,0,227,194,500,0,76
12218,2246,500,147,289,0,196,0,0,103
12219,16038,900,945,1810,1809,1552,0,0,558
12220,3479,500,0,0,513,355,500,0,135
12221,4869,500,330,908,0,426,0,0,173
12222,3255,500,340,489,325,312,0,0,150
12223,3031,500,173,373,131,280,2838,0,51
12224,3327,500,537,541,0,291,0,0,145
12225,2999,500,594,322,274,289,0,0,122
12226,2461,500,406,0,355,256,0,0,121
12227,1587,500,95,0,187,166,0,0,83
12228,3487,500,649,443,368,335,500,0,154
12229,2807,500,335,323,327,281,0,0,137
12230,1613,500,111,145,113,153,0,0,90
12231,3454,500,358,0,555,354,0,0,157
12232,6197,500,872,750,754,605,0,0,248
12233,2024,500,212,0,359,211,500,0,98
12234,1764,500,107,96,221,185,0,0,91
12235,3665,500,375,376,455,374,500,0,136
12236,3703,500,273,738,0,324,0,0,152
12237,4037,500,856,458,401,391,0,0,158
12238,2921,500,507,540,109,265,0,0,135
12239,3726,500,329,729,0,326,0,0,146
12240,7600,500,869,0,0,684,548,0,250
12241,6352,500,622,1025,0,556,0,0,217
12242,11643,900,622,2362,0,1019,0,0,388
12243,4555,500,533,589,229,420,0,0,167
12244,2784,500,353,0,571,291,0,0,149
12245,3079,500,511,361,271,293,500,0,125
12246,3951,500,501,0,863,415,0,0,199
12247,8042,500,866,1365,448,742,0,0,285
12248,2044,500,153,0,286,206,0,0,107
12249,2629,500,227,321,0,230,500,0,95
12250,9427,500,1152,1457,0,825,0,0,324
12251,7885,500,1705,0,1202,809,0,0,308
12252,4186,500,406,223,484,409,0,0,172
12253,1476,500,80,0,123,150,0,0,80
12254,4824,0,302,0,685,499,561,0,158
12255,1770,500,214,0,214,172,0,0,108
12256,1483,500,98,0,175,151,0,0,86
12257,1661,500,174,194,112,155,0,0,103
12258,4303,500,457,584,508,424,500,0,157
12259,2688,500,411,0,336,268,0,0,123
12260,2941,500,230,323,0,258,0,0,111
12261,3109,500,317,540,0,272,0,0,126
12262,3916,500,395,332,457,384,0,0,160
12263,9725,500,1107,2035,0,851,0,0,342
12264,2173,500,172,291,0,190,0,0,89
12265,2369,500,480,0,391,246,0,0,120
12266,7272,500,813,0,951,719,0,0,270
12267,4438,500,507,498,492,431,0,0,179
12268,4676,500,638,483,442,452,0,0,188
12269,7097,500,835,868,1089,708,0,0,289
12270,1441,500,169,174,137,137,0,0,93
12271,2366,500,223,244,223,228,0,0,115
12272,4549,500,450,613,0,398,0,928,140
12273,2363,500,141,0,165,224,0,0,106
12274,4003,500,415,342,445,390,0,357,158
12275,2827,500,189,245,332,276,0,0,133
12276,3509,500,322,0,421,351,0,0,145
12277,5178,500,788,0,788,521,0,0,215
12278,4681,500,505,0,544,454,0,0,194
12279,2590,500,111,307,0,226,0,0,108
12280,4962,500,495,412,541,484,0,0,186
12281,3629,500,371,0,605,369,0,0,167
12282,8609,500,1020,1037,945,830,0,0,326
12283,5855,500,1156,901,0,512,0,658,204
12284,3479,500,801,0,425,349,0,0,156
12285,6322,500,382,0,1192,656,500,0,241
12286,3515,500,494,0,571,360,0,0,151
12287,2332,500,224,0,381,239,0,0,127
12288,3460,500,740,0,504,350,0,0,151
12289,1552,500,146,210,128,150,0,0,87
12290,3228,500,345,610,0,283,0,0,138
12291,1302,500,148,123,160,128,0,0,89
12292,6807,500,780,0,1125,694,0,0,256
12293,4641,500,319,765,352,436,0,0,183
12294,4563,500,559,0,598,455,500,0,161
12295,7717,500,849,1484,0,676,0,0,251
12296,5238,500,515,735,0,458,0,0,188
12297,2903,500,586,574,0,254,500,0,105
12298,2292,500,541,0,369,231,0,0,122
12299,1211,0,87,0,114,118,0,0,63
12300,1535,500,0,0,228,158,0,0,93
12301,3182,500,446,0,609,335,0,0,146
12302,4780,500,318,561,678,486,0,0,205
12303,3179,500,365,665,0,279,0,0,142
12304,2718,500,114,427,0,238,0,0,111
12305,2286,500,199,251,143,216,0,0,101
12306,9428,900,1152,0,1304,930,0,1320,347
12307,7729,500,759,668,1001,765,0,0,282
12308,1842,500,262,270,161,178,0,0,95
12309,3247,500,405,396,479,323,500,0,139
12310,2647,500,126,326,0,231,500,0,98
12311,1748,500,312,208,92,164,0,0,85
12312,3311,500,484,481,0,289,0,0,140
12313,2526,500,189,292,144,238,0,0,104
12314,1994,500,211,70,178,199,0,0,94
12315,6487,500,1003,774,723,629,0,0,243
12316,2240,500,154,214,0,197,0,0,94
12317,5618,500,600,997,0,491,0,0,211
12318,2180,500,266,181,173,212,0,0,98
12319,2687,500,1117,443,168,251,500,0,109
12320,2281,500,132,248,125,214,0,0,104
12321,2284,500,97,0,172,219,0,0,101
12322,7165,500,450,0,1255,729,0,4063,190
12323,1367,500,171,149,40,126,0,0,76
12324,3713,500,371,355,418,367,0,0,151
12325,8060,500,835,1661,0,705,500,0,261
12326,2249,500,492,467,0,196,0,0,108
12327,1755,500,199,156,244,176,0,0,104
12328,901,500,111,0,155,92,0,0,79
12329,2940,500,577,488,164,273,0,0,127
12330,5344,500,782,1076,0,481,0,0,186
12331,2970,500,263,0,345,299,0,0,122
12332,2556,500,107,0,0,230,0,0,104
12333,4475,500,332,0,825,459,500,0,180
12334,3033,500,374,653,0,265,0,0,133
12335,1191,500,202,206,269,128,0,0,91
12336,4544,500,451,0,694,465,500,0,173
12337,5883,500,558,0,1084,614,0,0,230
12338,5190,500,342,0,847,535,4856,0,87
12339,3024,500,340,389,169,284,0,0,117
12340,2555,500,265,0,334,257,500,0,103
12341,4351,500,130,0,774,447,0,0,189
12342,8965,500,558,1850,0,785,500,0,287
12343,2499,500,409,0,441,258,500,0,112
12344,4763,500,800,755,0,417,0,0,192
12345,2679,500,174,397,0,234,500,0,95
12346,4038,500,631,0,597,404,0,0,184
12347,1599,500,87,234,165,154,0,0,95
12348,1475,500,162,0,280,154,0,0,97
12349,3409,500,228,573,192,314,0,0,150
12350,2643,500,417,580,0,231,0,0,127
12351,3508,500,353,635,0,307,500,0,121
12352,2598,500,262,0,309,258,0,0,118
12353,3599,500,251,0,446,356,0,0,154
12354,5541,500,578,830,0,485,0,0,205
12355,4259,500,405,799,0,372,0,1311,131
12356,4898,500,1113,0,0,428,0,0,180
12357,1729,500,307,97,177,175,500,0,72
12358,6062,500,379,1130,0,531,0,0,215
12359,1554,500,112,0,177,155,500,0,72
12360,3307,500,333,568,0,298,500,0,112
12361,4881,500,357,0,623,479,0,0,201
12362,3473,500,285,0,427,349,0,0,147
12363,5397,500,541,0,865,563,0,0,214
12364,2386,500,181,200,284,234,500,0,105
12365,3840,500,469,491,320,367,0,0,149
12366,3207,500,469,646,0,280,500,0,118
12367,5371,500,1076,847,408,505,0,0,194
12368,5320,500,277,1052,0,465,500,0,178
12369,6304,500,592,1168,0,551,0,0,223
12370,1274,500,54,81,109,124,0,0,79
12371,2384,500,126,269,219,230,0,0,114
12372,2051,500,142,303,113,191,0,0,106
12373,1956,500,122,300,0,171,500,0,72
12374,2597,500,0,348,0,227,0,0,103
12375,1682,500,129,0,211,173,0,0,90
12376,4489,500,0,0,654,446,0,0,184
12377,4929,500,321,384,572,486,500,0,171
12378,926,500,92,109,110,90,0,0,77
12379,3600,500,444,335,464,355,0,0,159
12380,2186,500,147,381,0,192,0,0,97
12381,7025,500,814,1193,258,637,0,0,240
12382,8828,500,625,1013,1095,862,0,0,336
12383,8734,500,953,1300,632,818,0,0,301
12384,4526,500,316,865,0,396,0,0,167
12385,5079,500,333,661,316,474,0,0,190
12386,1746,0,116,0,168,178,500,0,56
12387,1284,500,91,0,64,124,0,0,77
12388,4519,500,336,0,482,441,0,0,170
12389,2497,500,125,400,0,218,500,0,90
12390,2801,500,221,363,215,264,0,0,128
12391,33357,900,7106,7758,0,2918,500,0,1099
12392,2281,500,224,0,237,224,0,0,112
12393,3587,0,400,0,491,358,500,0,127
12394,1877,500,221,305,107,174,0,0,103
12395,1467,500,335,0,329,156,0,0,98
12396,4054,500,412,590,228,378,0,0,149
12397,1611,500,96,79,139,162,0,0,83
12398,6123,500,1008,556,751,604,0,0,239
12399,2149,500,249,190,363,221,0,0,116
12400,7157,500,1135,842,746,690,0,0,266
12401,1215,500,297,227,102,115,0,0,88
12402,6877,500,1108,1390,0,601,0,0,232
12403,3412,500,0,585,0,298,500,0,124
12404,1768,500,304,0,264,176,0,0,106
12405,2444,500,192,0,363,254,0,0,113
12406,2360,500,289,415,106,215,0,0,116
12407,8684,500,0,1233,827,826,0,0,329
12408,5244,500,336,939,0,472,0,0,177
12409,2935,500,134,452,0,257,0,0,112
12410,2394,500,126,255,59,217,0,0,96
12411,3253,500,197,361,341,313,0,0,150
12412,3124,500,305,603,0,273,0,0,134
12413,4793,500,633,860,0,420,500,0,139
12414,3391,500,545,0,465,341,0,0,152
12415,14748,900,876,2516,1704,1430,0,0,521
12416,3225,500,349,631,0,282,500,0,119
12417,654,500,215,0,116,67,500,0,55
12418,2905,500,212,0,607,306,0,0,147
12419,4867,500,1120,519,549,470,0,0,201
12420,3192,500,210,635,0,279,0,0,132
12421,2757,500,0,0,437,279,0,0,140
12422,6613,500,671,0,1118,678,0,0,268
12423,1520,500,98,112,117,148,500,0,66
12424,3585,500,444,344,451,350,0,0,169
12425,1224,500,62,0,169,127,0,0,83
12426,6533,500,822,0,0,583,0,0,240
12427,1484,500,336,0,387,163,0,0,101
12428,3749,500,419,0,404,363,0,0,163
12429,3342,500,356,0,491,337,558,0,134
12430,2363,0,377,234,226,230,0,0,93
12431,3291,500,218,0,448,330,0,0,149
12432,4076,500,0,581,474,400,0,0,167
12433,7018,500,751,0,891,690,0,0,259
12434,4588,500,447,673,388,440,0,0,170
12435,8149,500,541,0,1155,814,0,0,292
12436,2400,500,132,374,110,219,0,0,114
12437,2046,500,159,0,147,198,0,0,91
12438,8202,500,1025,0,1579,848,500,0,313
12439,3586,500,548,477,361,359,500,0,134
12440,11533,900,2063,1432,1066,1095,0,0,409
12441,2412,500,0,210,138,228,0,0,110
12442,2744,500,128,227,229,273,0,0,116
12443,4175,500,523,545,353,401,0,0,161
12444,3047,500,152,0,573,323,0,0,143
12445,2829,500,322,471,0,248,0,0,117
12446,13841,900,1671,0,2133,1388,0,0,519
12447,8858,900,1074,0,1641,908,500,0,375
12448,5270,500,1140,676,606,511,0,0,216
12449,1815,500,575,0,241,185,0,0,105
12450,1656,500,90,54,119,162,500,0,65
12451,1918,500,340,0,168,189,0,0,91
12452,4673,500,265,0,721,474,0,0,202
12453,6697,500,344,812,577,639,500,0,232
12454,2704,500,148,223,228,262,0,0,115
12455,3247,500,407,0,603,342,0,0,158
12456,3557,500,296,577,0,311,0,0,132
12457,3115,500,364,647,0,273,0,0,136
12458,4553,500,638,0,616,456,0,0,177
12459,4302,500,450,0,700,444,0,0,175
12460,4105,500,622,0,510,404,0,0,175
12461,2298,500,222,0,395,235,0,0,122
12462,6485,500,1430,0,956,656,0,0,261
12463,2591,500,115,311,287,255,0,0,117
12464,3207,500,376,663,0,281,0,0,145
12465,1880,500,181,286,0,164,500,0,80
12466,2308,500,155,206,227,233,0,0,114
12467,3469,500,573,0,492,366,0,0,145
12468,4078,500,424,609,0,357,500,0,149
12469,3602,500,657,679,181,340,0,0,157
12470,4726,500,264,471,502,460,0,0,184
12471,2335,500,223,0,273,229,0,0,116
12472,2659,500,128,0,246,257,0,0,120
12473,2808,500,414,0,447,290,0,0,129
12474,4058,500,1120,469,398,393,0,0,150
12475,6917,500,0,0,998,691,0,0,260
12476,3146,500,215,390,252,300,0,0,139
12477,1832,500,58,121,118,177,0,0,91
12478,2116,500,124,223,222,205,0,0,110
12479,1118,500,0,67,80,108,0,0,78
12480,2985,500,526,552,0,261,500,0,104
12481,1220,500,163,0,109,119,0,0,79
12482,1469,500,172,162,167,147,0,0,97
12483,6617,500,1757,717,942,656,0,0,267
12484,11297,900,674,0,1257,1090,0,5269,294
12485,1050,500,94,0,111,102,0,0,78
12486,2773,500,164,274,223,268,0,0,114
12487,3970,500,538,816,0,347,0,0,154
12488,5283,500,549,0,791,529,0,0,219
12489,2669,500,272,0,385,268,0,0,126
12490,2602,500,189,338,0,228,500,0,98
12491,1809,500,73,245,0,159,0,0,84
12492,1599,500,251,136,202,159,0,0,96
12493,1526,500,198,97,133,149,0,0,84
12494,9508,500,552,1035,1272,941,0,0,337
12495,2992,500,324,471,0,262,0,0,118
12496,2464,500,232,383,170,231,0,0,122
12497,3674,500,833,504,278,348,500,0,134
12498,2077,500,115,0,235,212,500,0,80
12499,6038,500,385,0,1026,618,0,0,240
12500,15884,900,1691,2796,1107,1481,0,0,524
12501,9213,500,551,0,0,829,0,0,298
12502,3642,500,300,389,271,348,0,0,141
12503,3451,500,327,646,0,311,500,0,123
12504,1289,500,58,200,0,113,500,1262,40
12505,3467,500,513,641,0,303,0,0,133
12506,4124,500,628,0,845,442,0,0,175
12507,2443,500,220,432,0,214,0,0,111
12508,6986,500,446,0,1225,710,0,0,288
12509,5830,500,314,891,265,534,0,0,209
12510,3286,500,432,0,452,332,0,0,142
12511,6205,500,1104,624,1016,627,0,0,265
12512,5283,500,1135,1129,0,462,500,0,186
12513,5229,500,1148,0,767,525,0,0,207
12514,2667,500,371,517,0,233,0,0,117
12515,3117,500,448,512,226,294,0,0,140
12516,1279,500,196,268,0,112,0,0,84
12517,3266,500,688,0,305,313,0,0,154
12518,2426,500,126,320,205,230,0,0,115
12519,1832,500,74,0,168,180,578,0,76
12520,3466,500,225,593,0,303,0,0,136
12521,4826,500,325,740,305,450,0,0,177
12522,2203,500,178,349,0,193,0,0,98
12523,3793,500,347,492,0,332,0,0,139
12524,2874,500,323,340,0,252,500,0,97
12525,1312,500,234,239,186,131,0,0,92
12526,3771,500,431,647,0,330,0,0,153
12527,4723,500,518,0,597,468,0,0,194
12528,2370,500,157,0,273,232,0,0,116
12529,3481,500,489,0,222,325,0,0,146
12530,2463,0,481,0,329,249,0,0,103
12531,2532,500,182,0,285,248,0,0,126
12532,4878,500,319,0,794,499,0,0,194
12533,9026,900,1136,0,1651,924,0,0,374
12534,2302,500,219,312,0,201,0,0,108
12535,1326,500,56,176,176,135,0,0,84
12536,4700,500,330,924,0,412,0,0,184
12537,2306,500,154,0,409,239,0,0,120
12538,3295,500,599,420,329,315,0,0,156
12539,5014,500,592,0,821,504,0,0,219
12540,1027,500,90,0,176,107,0,0,78
12541,2364,500,337,194,407,247,500,0,96
12542,3932,500,621,0,506,393,0,0,157
12543,6095,500,552,805,502,578,0,0,230
12544,2174,500,560,254,213,216,0,0,118
12545,3870,500,256,762,0,339,0,0,146
12546,5358,500,352,625,587,516,0,0,224
12547,1342,500,284,95,181,139,0,0,82
12548,2462,500,202,362,0,215,0,0,105
12549,1475,500,160,0,276,152,0,0,99
12550,4068,500,375,387,326,389,0,0,145
12551,2668,500,431,434,0,233,500,0,118
12552,2286,500,144,273,308,236,0,0,104
12553,1194,500,90,203,0,105,0,0,79
12554,4127,500,237,0,517,425,0,0,166
12555,6720,500,357,902,615,639,0,0,252
12556,3084,500,225,0,343,300,0,0,144
12557,3315,500,351,635,0,290,500,0,125
12558,6594,500,420,1138,300,601,0,0,241
12559,2311,500,90,240,171,222,0,0,98
12560,4679,500,501,859,0,409,500,0,155
12561,2194,500,1102,285,330,218,0,0,119
12562,1352,500,0,88,118,133,0,0,79
12563,2095,500,221,237,271,206,0,0,119
12564,20693,900,2232,4451,0,1811,0,0,671
12565,1007,500,234,0,190,105,0,0,81
12566,6479,500,686,986,483,606,0,0,231
12567,4733,500,264,0,530,464,500,0,170
12568,7611,500,549,1044,0,666,500,0,229
12569,4148,500,429,0,608,418,0,0,174
12570,10578,900,1172,825,1107,1023,0,0,383
12571,2569,500,238,351,289,255,0,0,118
12572,1968,500,112,109,183,197,0,0,93
12573,4239,500,376,328,490,419,0,0,165
12574,1803,500,227,0,289,187,500,0,81
12575,2457,500,251,384,179,239,0,0,117
12576,4246,500,852,813,0,372,0,0,151
12577,3022,500,462,0,506,312,0,0,135
12578,3955,500,443,352,465,387,0,0,170
12579,3162,500,279,0,388,327,0,0,133
12580,4488,500,771,0,834,469,500,0,180
12581,8209,500,540,0,1117,837,0,1635,269
12582,1072,500,44,167,0,94,0,0,73
12583,9046,500,1446,1573,608,845,0,0,322
12584,3045,500,459,379,329,293,0,0,148
12585,1983,500,206,313,170,189,0,0,104
12586,3886,500,405,0,716,400,0,0,181
12587,2592,500,261,431,0,227,0,0,103
12588,2898,500,583,284,455,293,0,0,141
12589,2246,500,265,269,57,204,0,0,95
12590,2323,500,314,0,387,243,0,0,109
12591,2984,500,473,0,554,307,0,0,150
12592,5112,500,1142,0,541,494,0,0,191
12593,1758,500,140,245,0,153,0,0,95
12594,9749,500,554,1036,1152,953,0,0,347
12595,2434,500,264,0,395,251,0,0,120
12596,2324,500,460,179,313,245,0,0,115
12597,5982,500,1153,671,534,573,0,0,216
12598,2597,500,224,243,225,251,0,0,110
12599,6987,500,1047,643,871,688,0,0,272
12600,4426,500,485,916,0,388,0,0,173
12601,3151,0,509,643,0,276,500,0,102
12602,1276,500,44,170,0,112,0,0,74
12603,2839,500,238,416,0,249,0,0,112
12604,2947,500,571,0,486,308,0,0,130
12605,3315,500,404,589,224,309,0,0,146
12606,1706,500,303,205,59,162,500,0,67
12607,4261,500,555,335,400,413,0,0,161
12608,3234,500,383,0,551,327,0,0,163
12609,1569,500,204,276,0,137,0,0,87
12610,4397,500,325,0,747,448,0,0,189
12611,3957,500,288,0,781,410,500,0,169
12612,8638,500,1472,0,1038,844,0,0,332
12613,1634,500,222,118,78,154,0,0,83
12614,2105,500,157,0,205,210,0,0,103
12615,2186,500,553,449,0,192,0,0,107
12616,4323,500,456,0,504,425,0,0,173
12617,6072,500,674,571,1063,619,0,0,252
12618,5029,500,813,854,0,440,0,0,182
12619,3698,500,383,381,329,354,0,0,156
12620,3340,500,362,0,402,329,0,0,146
12621,2150,500,235,0,236,211,0,0,108
12622,2513,500,295,0,494,263,0,0,128
12623,2895,500,116,193,291,285,0,0,124
12624,2817,500,441,612,0,247,0,0,131
12625,1834,500,117,0,175,182,500,0,76
12626,6522,500,844,1250,0,570,0,0,216
12627,5900,500,385,0,838,604,0,0,231
12628,2705,500,425,0,540,290,0,0,148
12629,3687,500,218,0,498,364,0,0,156
12630,2818,500,165,0,281,278,0,0,111
12631,5231,500,340,0,619,514,500,0,198
12632,3123,500,469,541,0,282,0,0,137
12633,3094,500,486,375,375,302,0,0,147
12634,9603,900,1189,938,1459,956,14107,0,59
12635,2686,500,147,331,113,247,0,0,108
12636,8605,500,1401,0,491,797,500,0,257
12637,6380,500,746,0,814,628,0,3441,168
12638,1905,500,370,355,277,191,0,0,112
12639,2003,500,141,232,198,196,0,0,102
12640,5210,500,0,0,898,532,0,0,221
12641,3157,500,298,440,185,295,0,0,130
12642,4453,500,263,0,600,442,0,0,181
12643,3340,500,318,412,298,322,0,0,133
12644,16348,900,2007,0,2452,1630,0,0,612
12645,2192,500,98,0,405,237,0,0,108
12646,4743,500,746,1037,0,415,500,0,173
12647,4861,500,533,0,962,513,0,0,189
12648,1083,500,107,72,206,116,0,0,80
12649,1500,500,398,0,384,163,0,0,102
12650,1689,500,73,205,57,154,0,0,87
12651,4477,500,437,866,0,392,0,0,167
12652,8504,500,0,1150,533,789,0,0,294
12653,2685,500,466,641,0,235,500,0,110
12654,3757,500,837,0,797,400,0,0,181
12655,5106,500,346,950,0,446,6399,0,40
12656,3461,500,467,0,335,339,0,0,140
12657,7593,500,990,0,1295,776,500,0,271
12658,2867,500,163,294,0,251,0,0,106
12659,1402,500,119,118,246,145,0,0,96
12660,3638,500,340,0,460,376,500,0,129
12661,2120,500,679,346,167,203,0,0,112
12662,2941,500,310,260,422,295,500,0,124
12663,1885,500,228,0,259,192,0,0,100
12664,4110,500,300,468,609,422,0,0,189
12665,5650,500,569,1128,0,494,500,0,188
12666,2238,500,146,0,279,225,0,0,102
12667,2368,500,244,0,376,246,0,0,114
12668,2434,500,270,0,382,244,0,0,137
12669,3417,500,414,644,0,298,0,0,139
12670,7364,500,1602,1586,0,644,0,0,246
12671,3074,500,184,254,304,304,0,0,120
12672,3476,500,368,0,558,350,0,0,166
12673,4176,500,224,0,616,434,0,0,171
12674,4033,500,253,697,461,390,0,0,176
12675,4505,500,286,525,532,436,0,0,203
12676,2886,500,224,315,0,252,0,0,110
12677,4419,500,437,777,0,387,500,0,131
12678,2453,500,106,194,207,238,0,0,107
12679,12619,900,785,0,2153,1312,0,0,475
12680,1613,500,170,85,108,157,598,0,68
12681,3820,500,402,0,469,374,0,0,181
12682,5422,500,348,808,727,542,0,0,202
12683,1561,500,269,199,106,145,0,0,98
12684,2967,500,409,504,0,260,500,0,95
12685,8141,500,1716,0,1809,861,0,0,323
12686,3867,500,215,738,0,338,0,0,150
12687,7435,500,1352,0,1149,745,500,0,289
12688,5263,500,649,1123,0,461,500,0,184
12689,5368,500,1144,544,768,534,0,0,230
12690,4398,500,262,357,513,432,0,0,177
12691,1576,500,79,0,220,159,500,0,78
12692,5274,500,1051,0,808,533,500,0,192
12693,22127,900,2112,2585,2313,2126,500,0,624
12694,52223,900,6346,0,6198,5064,0,0,1796
12695,1339,500,78,0,246,138,0,0,92
12696,2237,500,335,282,0,196,0,0,99
12697,4261,500,221,0,431,415,0,0,176
12698,1842,500,57,180,64,170,0,0,84
12699,1604,500,654,309,0,140,545,0,79
12700,4720,500,471,622,415,449,0,0,183
12701,2113,500,143,343,0,185,0,0,96
12702,11782,900,1501,1845,0,1031,0,0,420
12703,2686,500,201,217,296,277,0,0,116
12704,3495,500,345,257,414,350,0,0,144
12705,2099,500,222,321,0,184,0,0,106
12706,3057,500,405,480,172,284,0,0,133
12707,5061,500,309,0,767,506,0,0,216
12708,4200,500,411,0,738,433,0,0,177
12709,1896,500,104,99,222,185,0,0,104
12710,2212,500,514,445,167,207,0,0,117
12711,2267,500,269,0,286,233,0,0,103
12712,2457,500,293,0,385,248,0,0,133
12713,3144,500,316,0,497,325,0,0,137
12714,2904,500,226,244,176,274,0,0,110
12715,2602,500,272,0,435,266,0,0,128
12716,1428,500,92,205,0,125,0,0,79
12717,1754,500,101,337,0,153,0,0,94
12718,4068,500,263,811,0,356,0,0,159
12719,5962,500,1072,925,619,572,500,0,236
12720,5044,500,550,0,844,518,0,0,211
12721,3260,500,280,0,517,342,0,0,136
12722,4478,500,564,960,0,392,500,0,156
12723,2405,500,382,0,362,243,0,0,120
12724,1943,500,305,269,166,184,500,0,90
12725,2864,500,379,291,326,283,0,912,103
12726,1822,500,113,0,231,186,0,0,94
12727,2702,500,232,0,392,276,0,0,121
12728,1807,500,551,0,270,185,0,0,111
12729,1816,500,65,61,171,182,0,0,89
12730,4286,500,520,747,0,375,0,0,149
12731,1912,500,158,0,219,185,0,0,112
12732,5335,500,537,0,659,524,500,0,212
12733,3760,500,887,503,417,363,0,0,170
12734,3979,500,236,0,570,404,0,0,161
12735,2235,500,177,209,0,195,0,0,95
12736,2183,500,348,145,215,217,0,0,99
12737,3010,500,290,0,526,325,0,0,128
12738,2683,500,453,352,0,234,0,0,103
12739,2656,500,305,0,404,268,0,0,131
12740,2590,500,439,0,313,254,0,0,131
12741,2350,500,177,272,92,218,0,0,99
12742,3504,500,381,553,169,323,0,665,135
12743,15763,900,1880,1886,1959,1540,0,0,577
12744,4115,500,1670,0,668,429,0,0,193
12745,5720,500,369,0,879,582,0,0,214
12746,2084,500,145,0,277,210,0,0,111
12747,3472,500,343,0,426,346,0,0,142
12748,2132,500,467,447,0,187,500,0,90
12749,15579,900,1738,2726,1031,1449,500,0,522
12750,2425,500,275,423,221,231,0,0,123
12751,2411,500,565,0,215,233,0,0,111
12752,5391,500,1141,0,1085,567,0,0,225
12753,1562,500,88,261,232,156,0,0,98
12754,4144,500,900,846,0,362,500,0,135
12755,1799,500,120,149,121,176,0,0,85
12756,3878,500,296,0,668,406,0,0,175
12757,2320,500,131,341,0,203,0,0,94
12758,1739,500,350,284,0,153,500,0,69
12759,6249,500,390,0,428,583,500,0,217
12760,3047,500,190,220,351,303,0,0,126
12761,2761,500,512,0,382,282,500,0,107
12762,2178,500,145,0,221,214,0,0,103
12763,2978,500,352,0,498,310,0,0,149
12764,3528,500,738,391,347,342,0,0,149
12765,2631,500,178,0,447,269,0,0,134
12766,3137,500,324,194,466,319,0,0,148
12767,4428,500,302,678,361,420,0,0,169
12768,4897,500,267,0,777,502,0,0,196
12769,3191,500,378,555,192,295,0,0,143
12770,1551,500,0,0,249,161,500,0,90
12771,3108,500,130,0,366,312,0,0,127
12772,2174,500,237,316,0,190,0,0,92
12773,3147,500,232,174,482,316,0,0,150
12774,3242,500,333,0,525,335,0,0,147
12775,2288,500,143,387,0,200,0,0,103
12776,2994,500,496,0,354,293,0,0,137
12777,1341,500,140,0,164,132,0,0,86
12778,3264,500,467,0,563,342,0,0,144
12779,4820,500,495,898,0,422,0,0,180
12780,5754,500,848,494,818,580,0,0,217
12781,1854,500,80,178,108,175,0,0,96
12782,2622,500,127,113,273,258,0,0,122
12783,1262,0,109,0,173,126,0,0,108
12784,1776,500,149,352,0,155,500,0,82
12785,1768,500,162,0,224,176,500,0,85
12786,2432,500,0,459,0,213,0,0,117
12787,2895,500,186,382,411,296,0,0,126
12788,2180,500,310,0,281,218,0,0,110
12789,1614,500,91,149,209,158,0,0,103
12790,8072,500,0,1058,785,775,0,0,271
12791,1231,500,55,176,232,130,0,0,88
12792,1553,500,172,129,173,152,0,0,93
12793,5056,500,301,483,397,481,0,0,179
12794,3268,500,311,528,0,286,0,0,122
12795,2380,500,269,236,175,231,0,0,100
12796,2725,500,230,180,335,276,500,0,99
12797,3724,0,529,460,592,385,0,0,165
12798,12530,900,1571,0,1963,1253,500,0,476
12799,2667,500,307,305,315,261,0,0,130
12800,4377,500,498,0,0,383,0,0,162
12801,3412,500,356,0,390,334,0,0,143
12802,1900,500,195,154,201,186,0,0,102
12803,3046,500,278,304,342,299,500,0,119
12804,3378,500,353,460,289,322,0,0,148
12805,1491,500,0,133,0,131,2122,0,36
12806,2465,500,143,0,336,244,0,0,123
12807,4079,500,297,661,0,357,0,0,156
12808,3319,500,470,645,0,290,500,0,122
12809,4899,500,329,0,795,502,0,0,198
12810,5589,500,678,637,530,535,0,0,232
12811,3153,500,461,380,431,312,0,0,147
12812,2150,500,336,329,123,201,0,0,102
12813,5166,500,576,897,390,485,0,0,206
12814,2824,500,230,0,448,295,0,0,123
12815,1925,500,103,238,0,168,500,0,68
12816,1578,500,56,0,115,152,0,0,82
12817,5066,500,345,0,715,507,500,0,189
12818,3507,500,225,0,449,346,0,0,156
12819,4278,500,370,725,0,374,500,0,135
12820,2200,500,149,0,335,223,0,0,117
12821,4117,500,627,723,337,390,0,0,168
12822,4183,500,810,0,425,417,0,0,168
12823,3324,500,334,0,515,342,500,0,128
12824,2825,500,381,0,464,300,500,0,114
12825,2421,500,165,388,214,230,0,0,123
12826,2458,500,318,0,271,246,0,0,111
12827,6181,500,1069,1296,0,557,0,0,210
12828,1699,500,245,212,0,150,500,0,60
12829,1594,500,114,232,57,145,0,0,89
12830,3998,500,381,491,298,380,0,0,155
12831,2043,500,132,246,111,191,0,0,95
12832,3113,500,280,306,338,314,0,0,132
12833,5348,500,0,0,910,544,0,0,231
12834,8417,500,542,0,488,778,0,0,301
12835,786,500,219,0,118,80,0,0,72
12836,3938,500,199,468,0,345,0,0,142
12837,4874,500,1122,0,539,492,0,0,182
12838,10103,900,0,1047,975,967,500,0,334
12839,8299,500,544,0,985,807,0,0,326
12840,5023,500,240,717,237,476,0,0,174
12841,1733,500,112,172,0,152,0,0,87
12842,89485,900,5533,8279,13204,8890,0,0,2958
12843,9100,500,572,1470,679,855,0,0,309
12844,2243,500,273,0,429,240,0,0,123
12845,1866,0,249,0,235,189,0,0,77
12846,1621,500,137,0,166,162,500,0,72
12847,3258,500,278,284,228,319,0,0,128
12848,3302,500,0,0,439,328,0,0,150
12849,2074,500,90,0,273,214,0,0,98
12850,1311,500,113,166,58,121,0,0,83
12851,7126,500,881,0,810,691,0,0,264
12852,5058,500,531,1055,0,456,0,0,193
12853,7088,500,475,0,1063,734,0,0,262
12854,2657,500,523,434,0,232,0,0,116
12855,6962,500,883,0,1215,708,0,0,286
12856,3679,500,385,0,555,374,500,0,139
12857,3727,500,540,0,367,364,0,0,146
12858,2054,500,233,308,0,179,0,0,104
12859,11485,900,657,1891,1229,1108,0,0,407
12860,2689,500,284,232,327,273,0,0,126
12861,4948,500,365,0,975,514,0,0,218
12862,9372,900,1160,0,1465,938,0,0,380
12863,2908,500,330,0,327,291,0,0,139
12864,4047,500,383,385,463,401,0,0,155
12865,2794,500,422,324,265,267,0,0,131
12866,1053,500,44,140,57,98,0,0,75
12867,3630,500,275,605,865,391,0,0,171
12868,2909,500,276,303,284,281,500,0,116
12869,2618,500,226,0,326,262,0,0,120
12870,3846,500,257,562,245,360,0,0,150
12871,3888,500,533,416,334,372,0,0,157
12872,2083,500,198,288,290,212,0,0,105
12873,2832,500,210,0,375,279,0,0,141
12874,3655,500,358,358,388,358,0,0,145
12875,5566,500,380,0,872,581,0,0,217
12876,2820,500,476,220,425,286,0,0,133
12877,6541,500,341,1207,0,572,500,0,200
12878,2643,500,408,283,217,252,0,0,124
12879,14290,900,1563,1980,1493,1377,0,0,523
12880,4081,500,552,0,784,420,0,0,191
12881,3852,500,494,567,123,359,0,0,148
12882,18790,900,2340,0,3363,1923,0,0,702
12883,2542,500,297,437,143,235,0,0,125
12884,2455,500,157,167,380,256,0,0,114
12885,1816,500,67,156,136,177,0,0,90
12886,4758,500,358,834,405,449,0,0,199
12887,9225,500,680,1577,1112,899,0,0,346
12888,2186,500,170,0,228,220,0,0,98
12889,2593,500,399,0,314,256,500,0,111
12890,3714,500,395,318,587,378,0,0,173
12891,8304,500,988,0,1352,862,0,0,316
12892,1947,500,147,224,275,193,0,0,110
12893,15623,900,1095,2709,1204,1462,0,0,556
12894,7413,500,849,1269,551,696,0,0,282
12895,2482,500,191,247,189,239,0,0,110
12896,5894,500,791,1137,0,531,0,1778,166
12897,3847,500,255,0,619,388,0,0,181
12898,2849,500,295,229,359,284,0,0,129
12899,1861,500,353,183,112,178,0,0,86
12900,8402,500,1125,0,1411,860,0,0,318
12901,2805,500,295,381,239,267,0,0,125
12902,1943,500,305,244,0,169,0,0,85
12903,3469,500,628,345,536,348,0,0,167
12904,2105,500,341,321,0,184,0,0,95
12905,4346,500,316,0,666,436,0,0,226
12906,6382,500,458,728,743,620,0,0,253
12907,12005,900,2562,2021,0,1050,0,0,427
12908,3167,500,309,542,0,278,0,0,126
12909,7212,500,482,801,1006,716,0,0,284
12910,2940,500,275,453,183,274,0,0,129
12911,4810,500,561,0,544,474,0,0,185
12912,7284,500,431,1262,685,692,0,0,273
12913,2088,500,130,340,0,183,0,0,97
12914,1963,500,266,109,248,208,0,0,91
12915,2352,500,319,0,272,230,0,0,118
12916,3373,500,499,0,450,336,0,0,153
12917,13034,900,1368,2722,0,1141,500,0,421
12918,6219,500,362,958,432,583,0,0,225
12919,3397,500,214,0,496,346,0,0,150
12920,4942,500,1047,0,966,513,0,0,215
12921,2246,500,422,0,294,230,0,0,103
12922,4192,500,271,408,403,406,0,0,164
12923,8941,500,1618,899,1001,865,0,305,348
12924,10447,900,1211,0,1685,1056,0,0,405
12925,6001,500,355,1021,361,555,0,0,233
12926,2259,500,177,209,0,197,500,0,75
12927,2510,500,275,0,441,255,0,0,132
12928,3902,500,410,0,625,401,0,0,163
12929,5716,500,366,979,246,521,0,0,224
12930,2738,500,268,0,338,284,0,0,121
12931,4142,500,633,875,0,373,0,0,168
12932,5974,500,392,0,782,594,0,0,236
12933,4671,500,512,0,548,468,0,0,201
12934,4896,500,1084,899,515,473,0,0,208
12935,2522,500,134,193,179,243,0,0,107
12936,4282,500,448,850,0,385,500,0,152
12937,8530,500,843,463,988,834,0,0,294
12938,3209,500,342,492,0,281,500,0,125
12939,10178,900,0,0,1193,992,0,0,356
12940,2190,500,349,325,172,207,0,0,114
12941,4871,500,338,450,788,490,500,0,201
12942,2067,500,184,289,141,195,0,0,103
12943,2379,500,112,424,0,209,0,0,108
12944,2008,500,132,270,115,188,0,0,97
12945,3330,500,153,456,171,309,0,0,129
12946,2782,500,294,439,183,260,0,0,125
12947,2810,500,254,500,0,253,0,0,118
12948,3965,500,290,0,860,421,0,0,178
12949,3790,500,820,464,449,371,500,0,148
12950,6418,500,816,923,437,600,0,2085,178
12951,2033,500,119,209,153,198,0,0,91
12952,1666,500,95,0,146,169,500,0,66
12953,4769,500,552,0,671,475,0,0,198
12954,3636,500,368,675,0,318,0,0,138
12955,2228,500,339,297,0,196,0,0,89
12956,5029,500,357,0,608,504,0,0,204
12957,2142,500,219,313,0,187,500,0,91
12958,9763,900,1544,1843,777,916,0,0,340
12959,5672,500,894,614,614,554,0,0,204
12960,3493,500,257,0,442,343,0,0,163
12961,1980,500,552,254,166,188,0,0,109
12962,3927,500,890,752,363,375,0,0,179
12963,3838,500,521,0,441,377,0,0,156
12964,2812,500,149,421,273,271,0,0,130
12965,5269,500,621,0,618,517,0,0,204
12966,2037,500,91,141,239,204,0,0,105
12967,1858,500,395,313,0,163,0,0,95
12968,2390,500,225,0,389,246,0,0,116
12969,3729,500,370,665,0,327,0,0,140
12970,5591,500,290,612,617,542,0,0,226
12971,1410,500,153,0,255,148,0,0,94
12972,2736,500,550,0,318,271,0,0,131
12973,4086,500,666,0,718,420,0,0,176
12974,2510,500,1124,0,438,267,0,0,127
12975,1682,500,60,206,0,152,500,1312,40
12976,1765,500,260,181,163,175,0,0,98
12977,3893,500,407,704,0,341,500,0,129
12978,5120,500,549,962,0,448,500,0,170
12979,5788,500,700,698,621,557,500,8166,40
12980,2113,500,166,209,0,190,500,0,71
12981,4253,500,296,715,379,404,0,0,176
12982,8632,500,1561,0,1378,871,0,0,344
12983,4851,500,340,420,564,474,0,0,204
12984,2913,500,230,0,391,299,0,0,130
12985,3755,500,527,0,444,385,500,0,130
12986,5864,500,308,901,503,557,0,0,225
12987,2388,500,270,0,228,244,0,0,105
12988,1505,500,195,0,145,150,0,0,84
12989,3080,500,465,0,734,338,500,0,141
12990,7154,500,1763,1151,630,681,0,0,252
12991,4402,500,481,0,732,444,0,215,205
12992,2229,500,179,373,121,206,0,0,116
12993,1497,500,139,0,269,162,0,0,89
12994,3243,500,477,0,558,333,500,0,132
12995,2814,500,444,513,213,264,500,0,119
12996,6342,500,736,1096,330,600,0,0,243
12997,13188,900,732,2190,812,1222,0,0,445
12998,3711,500,463,673,0,325,0,0,143
12999,5825,500,832,0,890,591,8638,0,55
13000,1971,500,343,0,252,205,0,0,101
13001,2616,500,147,360,0,229,0,0,119
13002,3193,500,593,0,0,288,0,0,133
13003,6819,500,698,1387,0,614,500,0,231
13004,7473,500,1284,1410,548,699,0,0,291
13005,2106,500,557,253,223,205,0,0,107
13006,6084,500,1065,865,967,617,0,0,250
13007,4623,500,762,0,626,478,0,0,192
13008,1405,500,326,213,105,132,0,0,87
13009,3860,500,908,0,668,396,0,0,173
13010,2040,500,258,242,215,197,0,0,112
13011,4611,500,561,0,617,458,556,0,171
13012,2965,500,335,468,0,259,500,0,109
13013,2191,500,257,256,298,216,0,0,118
13014,1130,500,201,207,279,122,0,0,87
13015,2581,500,153,472,0,226,0,0,113
13016,2334,500,187,0,253,236,0,0,102
13017,2989,500,278,0,178,287,0,0,127
13018,13161,900,2261,2505,824,1219,0,0,492
13019,12753,900,1505,2306,1305,1222,0,2626,414
13020,2456,500,427,0,310,253,0,0,109
13021,5276,500,1141,339,695,519,500,0,190
13022,1788,500,180,356,0,157,0,0,92
13023,3554,500,338,0,453,357,500,0,129
13024,4050,500,1656,589,453,393,0,0,170
13025,2404,500,231,174,227,234,0,0,104
13026,5062,500,605,1064,0,456,1095,0,166
13027,2436,500,150,226,225,236,0,0,116
13028,2291,500,148,287,62,207,0,0,99
13029,4559,500,558,505,759,466,0,0,192
13030,2067,500,82,0,228,208,0,0,96
13031,4147,500,906,616,267,387,0,0,161
13032,3197,500,359,0,172,304,0,0,141
13033,6639,500,372,559,934,663,0,0,263
13034,5525,500,347,0,757,570,1122,0,197
13035,2805,500,261,0,337,281,0,0,119
13036,2831,500,0,415,169,263,0,0,130
13037,2487,500,125,400,0,217,0,0,108
13038,1407,500,55,82,110,137,500,0,64
13039,1737,500,339,0,225,182,0,0,93
13040,6065,500,398,511,649,589,0,0,223
13041,3568,500,806,0,717,373,500,0,159
13042,2222,0,375,0,287,222,500,0,84
13043,5367,500,363,0,622,526,0,0,203
13044,4322,500,490,898,0,378,0,0,175
13045,8358,500,548,1300,0,732,0,1099,235
13046,3099,500,261,284,341,316,0,0,130
13047,3858,500,215,633,0,347,0,0,136
13048,9671,500,1046,1506,0,846,500,0,318
13049,3753,500,616,0,439,367,0,0,160
13050,4364,500,919,0,608,441,0,0,169
13051,4093,500,656,848,0,358,500,0,144
13052,3782,500,569,0,679,393,0,0,162
13053,3327,500,487,0,640,356,500,0,134
13054,1662,500,159,0,224,169,0,0,92
13055,4006,500,393,0,577,418,0,0,160
13056,8097,500,877,1378,482,749,500,0,272
13057,3270,500,516,455,196,305,0,0,136
13058,1884,500,218,375,0,165,500,0,82
13059,3674,500,412,343,547,367,0,0,170
13060,2292,500,125,268,218,221,0,0,118
13061,4345,500,331,0,429,417,500,0,168
13062,3222,500,768,0,219,309,0,0,151
13063,1731,500,220,301,88,159,0,0,97
13064,4919,500,1123,0,644,483,0,0,209
13065,8931,500,954,1299,523,827,0,0,308
13066,14139,900,1504,1334,1912,1393,0,0,526
13067,2335,500,206,321,97,214,0,0,105
13068,916,500,91,193,0,80,545,0,61
13069,2108,500,221,221,172,201,0,0,105
13070,7930,500,555,0,1551,825,0,0,316
13071,6718,500,770,0,961,672,0,0,259
13072,1095,500,108,0,170,109,0,0,87
13073,4696,500,511,742,0,410,0,0,165
13074,1799,500,132,0,275,186,500,0,82
13075,7654,500,551,0,1203,769,0,0,315
13076,3001,500,377,518,0,270,0,0,116
13077,2364,500,336,0,344,240,0,0,118
13078,6707,500,373,559,968,673,500,0,244
13079,5317,500,311,888,318,492,0,0,204
13080,6265,500,399,639,600,603,500,0,207
13081,25265,900,1510,2898,2872,2443,0,0,853
13082,3755,500,777,375,459,369,0,0,165
13083,1094,500,86,120,79,103,500,0,62
13084,5141,500,642,0,817,516,0,0,224
13085,4809,500,322,410,616,474,0,0,196
13086,4966,500,0,690,0,435,0,0,186
13087,13085,900,1575,0,1677,1318,0,0,494
13088,5740,500,810,0,874,594,0,0,235
13089,2949,500,215,424,309,284,0,0,137
13090,2923,500,505,645,0,256,0,0,138
13091,1643,500,174,290,56,148,0,0,96
13092,3420,500,827,0,304,326,500,0,138
13093,1414,500,258,0,165,151,0,0,82
13094,2798,500,204,372,248,265,0,0,137
13095,3129,500,456,523,395,309,0,0,142
13096,2501,500,233,0,326,264,0,0,112
13097,6063,500,1363,0,685,589,0,0,225
13098,3157,500,433,329,285,304,0,0,133
13099,8285,500,958,0,1181,826,0,0,309
13100,5141,500,529,521,531,500,500,0,177
13101,7279,500,399,1393,0,637,0,0,247
13102,3602,500,256,0,461,356,0,0,167
13103,4350,500,807,800,0,380,0,0,152
13104,4645,500,336,1073,0,406,0,0,182
13105,3643,500,472,0,728,387,0,0,158
13106,13182,900,2289,2075,1073,1245,0,0,447
13107,5562,500,573,632,496,528,0,0,218
13108,1658,500,152,332,0,145,500,0,80
13109,1756,500,149,227,206,176,0,0,94
13110,6722,500,435,1056,336,618,0,0,237
13111,10188,900,740,0,1534,1046,0,0,391
13112,4240,500,294,0,569,434,0,0,182
13113,1008,500,76,97,71,101,0,0,71
13114,1865,500,266,0,258,191,0,0,102
13115,3950,500,867,0,732,417,0,0,180
13116,7117,500,699,1154,0,623,0,0,238
13117,4527,500,292,538,594,451,0,0,176
13118,5052,500,0,515,653,498,0,1439,209
13119,2888,500,193,263,225,276,0,0,123
13120,1429,500,272,212,167,143,0,0,91
13121,2588,500,1118,275,274,253,0,0,122
13122,2280,500,446,0,0,199,0,0,108
13123,1728,500,257,268,56,157,0,0,91
13124,5256,500,525,792,623,521,561,0,184
13125,1912,500,105,0,329,197,0,0,112
13126,4902,500,255,602,0,429,500,0,158
13127,3443,500,283,0,393,343,0,0,138
13128,3940,500,471,0,338,380,500,0,132
13129,8669,500,973,1533,542,804,0,0,313
13130,1946,500,177,291,102,180,0,0,103
13131,2551,500,183,302,348,256,0,0,122
13132,2516,500,181,351,0,220,0,0,101
13133,3763,500,407,380,415,369,0,0,150
13134,782,500,73,104,106,78,0,0,72
13135,2881,500,271,0,522,310,0,0,126
13136,1259,500,324,0,165,124,0,0,87
13137,3140,500,217,0,378,308,0,0,146
13138,4141,500,449,398,500,403,0,0,192
13139,3101,500,379,0,396,303,0,0,149
13140,4955,500,479,630,410,470,0,0,190
13141,4516,500,266,814,0,395,0,0,161
13142,1668,500,78,263,0,145,0,0,86
13143,3432,500,209,618,0,309,0,0,134
13144,32761,900,3485,0,0,2948,0,0,1016
13145,10175,900,1121,1142,1084,984,0,0,363
13146,2443,500,147,279,219,232,0,0,125
13147,19046,900,0,2707,1873,1816,0,0,630
13148,5504,500,327,1116,0,482,0,0,207
13149,3502,500,444,0,861,386,500,0,172
13150,1881,500,142,389,0,164,500,0,89
13151,2656,500,410,0,336,264,0,0,129
13152,4676,500,740,819,226,429,500,0,173
13153,5182,500,329,533,608,523,500,0,193
13154,2065,500,116,243,0,180,500,0,70
13155,3238,500,434,427,218,305,0,0,133
13156,2274,500,154,0,290,229,500,0,99
13157,6976,500,670,1322,0,611,0,0,231
13158,5005,500,319,868,0,437,0,0,177
13159,2632,500,188,0,396,266,0,0,126
13160,3387,500,0,413,113,309,0,0,134
13161,5977,500,696,559,878,596,0,0,243
13162,2731,500,117,0,311,274,0,0,118
13163,19780,900,2331,2365,2160,1908,0,0,700
13164,4725,500,512,738,0,413,0,0,187
13165,1540,500,46,146,60,143,500,0,64
13166,1675,500,154,0,221,166,0,0,104
13167,3335,500,192,343,376,333,0,0,133
13168,3649,500,358,357,336,352,500,0,131
13169,2673,500,224,365,180,253,500,0,99
13170,11338,900,685,0,1542,1117,0,0,422
13171,1827,500,247,212,0,161,0,0,79
13172,4909,500,308,375,653,493,0,676,167
13173,3882,500,673,0,739,402,0,0,174
13174,1212,500,111,0,161,123,0,0,83
13175,2281,500,220,0,220,222,0,0,109
13176,6408,500,605,0,844,638,0,0,272
13177,1565,500,177,0,245,159,0,0,97
13178,11372,900,1331,1659,936,1070,0,0,426
13179,4031,500,384,760,0,353,0,0,153
13180,2038,500,162,227,118,199,0,0,92
13181,4173,500,262,631,677,431,0,6043,40
13182,5511,500,318,1000,0,482,0,0,192
13183,3484,500,343,536,182,322,2220,0,91
13184,3224,500,189,462,220,300,0,0,145
13185,4048,500,728,0,0,354,0,0,163
13186,1938,500,415,0,341,204,500,0,86
13187,3389,500,211,573,0,296,0,0,128
13188,3988,500,451,0,658,408,0,0,171
13189,3343,500,708,0,510,342,0,0,145
13190,4121,500,518,748,274,383,0,0,178
13191,1705,500,103,0,270,171,0,0,107
13192,3890,0,658,581,0,340,0,0,137
13193,6439,500,1551,0,1019,646,0,0,267
13194,15226,900,1612,0,2689,1554,0,0,578
13195,3752,500,241,0,662,385,0,0,167
13196,5710,500,377,940,0,500,500,0,200
13197,3707,500,348,0,551,387,562,0,146
13198,4176,500,278,623,0,365,0,0,175
13199,2145,500,115,0,182,212,0,0,93
13200,3874,500,446,430,393,374,0,0,161
13201,2549,500,123,516,0,223,0,0,121
13202,3282,500,224,0,491,328,0,0,157
13203,2778,500,138,403,169,259,0,0,129
13204,8679,500,1045,1030,1269,864,0,0,333
13205,5424,500,312,0,814,561,0,0,220
13206,4539,500,333,780,235,416,0,0,186
13207,2932,500,200,0,386,293,0,0,132
13208,2319,500,167,233,115,218,0,0,98
13209,5302,500,317,999,0,464,0,0,190
13210,2156,500,451,0,358,226,0,0,123
13211,2315,500,350,0,175,225,0,0,97
13212,25669,900,1906,0,3540,2534,0,0,885
13213,3396,500,227,538,220,317,0,0,142
13214,1769,500,290,90,135,177,0,0,83
13215,1291,500,200,0,220,134,0,0,87
13216,3625,500,258,0,563,367,500,0,142
13217,2443,500,116,338,140,228,0,0,111
13218,4167,500,319,0,697,420,0,0,187
13219,12216,900,1435,1449,1387,1183,0,0,454
13220,8768,500,508,0,626,819,0,0,339
13221,3001,500,356,523,170,277,0,0,137
13222,3070,500,135,454,0,269,0,0,114
13223,3086,500,212,322,334,309,0,0,137
13224,10390,900,547,1784,650,962,0,0,389
13225,2575,500,344,330,183,247,0,0,107
13226,3452,500,390,415,401,334,500,0,149
13227,1025,500,288,99,167,104,0,0,84
13228,7008,500,803,1254,531,656,0,0,266
13229,4166,500,671,383,533,412,0,0,176
13230,1471,500,242,142,87,140,0,0,80
13231,3188,500,224,396,224,301,0,0,132
13232,2669,500,316,337,172,253,0,0,109
13233,1546,500,55,83,112,150,0,0,81
13234,1434,500,248,235,0,126,0,0,79
13235,14936,900,1735,2682,1338,1416,0,0,536
13236,1065,500,121,187,88,100,0,0,86
13237,1695,500,333,211,108,160,0,0,88
13238,1597,500,96,0,188,167,242,0,79
13239,5238,500,314,654,476,501,0,0,204
13240,6527,500,850,0,985,662,224,0,243
13241,2330,500,552,440,220,223,0,0,118
13242,4642,500,256,778,0,406,0,0,157
13243,4437,500,407,578,0,388,0,0,156
13244,2767,500,284,0,302,271,0,0,126
13245,1948,500,146,223,220,189,0,0,112
13246,3146,500,189,427,374,306,0,0,141
13247,2551,500,207,158,191,247,0,0,105
13248,1552,500,199,97,134,152,0,0,84
13249,9134,900,928,0,2062,977,0,0,363
13250,3159,500,488,0,503,318,0,0,148
13251,2240,500,171,0,114,216,0,0,97
13252,3976,500,460,0,729,411,0,0,178
13253,3754,500,0,0,675,384,0,0,175
13254,3531,500,333,609,0,317,0,0,133
13255,4625,500,496,752,254,428,0,0,134
13256,2742,500,604,522,166,254,0,0,123
13257,8727,500,558,0,970,849,0,0,302
13258,4479,500,556,577,422,430,0,0,171
13259,1458,500,72,0,163,143,0,0,88
13260,4424,500,266,0,566,443,500,0,152
13261,9763,900,1119,1344,1155,953,0,0,369
13262,3154,500,248,484,0,276,500,0,99
13263,4717,500,703,487,448,457,0,0,166
13264,5623,500,368,0,775,563,0,0,210
13265,1726,500,57,0,117,167,0,0,85
13266,3285,500,584,486,166,305,0,0,126
13267,1373,500,271,114,161,140,0,0,86
13268,4411,500,300,0,232,418,0,2051,122
13269,5183,500,1065,0,843,529,0,0,221
13270,1698,500,213,151,195,170,0,0,92
13271,1156,500,93,139,0,101,0,0,78
13272,1792,500,219,314,111,167,0,0,107
13273,2442,500,269,366,253,235,0,0,126
13274,4765,500,334,0,773,484,0,0,194
13275,6218,500,436,1087,382,575,0,0,243
13276,4185,500,495,616,386,400,0,0,184
13277,4649,500,896,875,214,437,0,0,193
13278,8298,500,911,925,779,793,0,0,296
13279,1033,500,111,165,56,95,0,0,80
13280,4222,500,289,555,277,395,0,0,161
13281,2364,500,224,190,286,234,0,0,115
13282,1948,500,229,357,162,183,0,0,113
13283,9488,900,1765,0,1762,976,500,0,383
13284,3422,500,516,414,525,343,0,0,160
13285,2196,500,105,0,394,228,500,0,99
13286,2093,500,143,280,138,196,0,0,105
13287,3843,500,198,647,0,335,0,0,142
13288,3025,500,469,471,214,282,0,0,136
13289,5451,500,645,506,662,533,0,0,214
13290,4009,500,499,393,572,396,0,0,183
13291,2518,500,145,284,0,220,0,0,105
13292,22296,900,2632,4089,1954,2105,0,0,782
13293,26537,900,3068,4780,2137,2495,0,0,901
13294,2652,500,108,0,230,259,500,0,93
13295,3639,500,303,0,572,379,0,0,145
13296,2571,500,127,225,220,248,500,0,101
13297,5002,500,957,0,837,505,0,0,215
13298,7472,500,433,676,958,733,0,0,283
13299,3389,500,332,0,518,343,0,0,145
13300,15635,900,2695,0,2702,1587,0,0,623
13301,3531,500,212,0,419,352,0,0,151
13302,1951,500,177,253,114,182,0,0,101
13303,4277,500,296,481,496,415,0,0,184
13304,6560,500,710,0,785,646,0,0,242
13305,2476,500,277,0,327,244,0,0,124
13306,3986,500,513,0,789,429,0,0,169
13307,3551,500,227,0,670,369,0,0,168
13308,7163,500,402,0,811,696,0,0,272
13309,3723,500,439,539,356,354,0,0,167
13310,2943,500,210,0,439,298,500,0,121
13311,1486,500,67,0,237,152,0,0,92
13312,2209,500,144,0,107,204,500,0,88
13313,2796,500,310,297,304,273,500,0,120
13314,3837,500,533,417,395,373,0,0,153
13315,2289,500,147,0,397,243,0,0,113
13316,2338,500,233,357,165,220,0,0,115
13317,4054,500,217,722,0,355,0,0,149
13318,1778,500,129,151,222,176,0,0,100
13319,4150,500,662,617,371,396,0,0,166
13320,1968,500,116,0,183,196,500,0,75
13321,4655,500,1658,0,630,460,0,0,191
13322,5682,500,528,462,768,569,0,0,214
13323,7083,500,1549,1533,0,638,0,0,232
13324,2337,500,661,513,0,204,500,0,94
13325,3834,500,368,726,0,336,0,0,145
13326,1666,500,137,264,83,153,0,0,98
13327,7092,500,959,1537,0,621,500,0,255
13328,2033,500,122,0,0,178,0,0,109
13329,2320,500,374,0,228,227,0,0,107
13330,2394,500,553,376,195,227,0,0,117
13331,7157,500,853,0,1266,730,500,0,267
13332,1954,500,143,219,221,190,0,0,111
13333,2150,500,337,285,180,206,0,0,105
13334,7368,500,434,656,893,719,0,0,273
13335,3642,500,369,481,0,319,0,663,124
13336,4877,500,311,639,428,467,500,0,170
13337,2056,500,173,203,124,201,0,0,92
13338,2107,500,233,0,356,232,0,0,105
13339,6029,500,886,0,897,619,0,0,240
13340,3125,500,348,456,0,273,0,0,134
13341,2270,500,172,0,325,228,500,0,100
13342,2499,500,251,0,247,242,0,0,118
13343,3867,500,661,0,486,390,0,0,176
13344,6362,500,681,1356,0,557,500,0,218
13345,3737,500,425,0,564,383,0,0,154
13346,7844,500,478,0,1188,785,500,0,290
13347,5115,0,814,1024,0,447,0,0,174
13348,3599,0,355,532,162,330,0,0,126
13349,7671,500,1314,1413,743,734,0,0,297
13350,1094,500,99,208,0,96,500,0,62
13351,2325,500,126,0,446,246,0,0,120
13352,2476,500,590,431,273,245,0,0,135
13353,2021,500,160,0,208,210,0,0,96
13354,3864,500,423,602,200,357,0,0,156
13355,4579,500,418,0,516,451,0,0,183
13356,1436,500,87,0,118,146,0,0,77
13357,2870,500,396,0,439,293,0,0,130
13358,11783,900,2444,2656,0,1031,0,0,424
13359,3568,500,420,0,668,368,500,0,150
13360,2551,500,337,509,0,223,0,0,118
13361,8836,500,331,1382,590,826,0,0,292
13362,3673,500,360,552,248,346,0,0,147
13363,2205,500,425,455,0,193,0,0,108
13364,1927,500,108,329,105,178,500,0,90
13365,4038,500,851,0,553,406,500,0,160
13366,3727,500,287,0,596,375,0,0,176
13367,1928,500,335,289,0,169,500,0,71
13368,1820,500,420,0,190,178,0,0,97
13369,2563,500,0,0,214,244,500,0,106
13370,2305,500,561,251,168,219,500,0,93
13371,2018,500,261,286,57,188,0,0,99
13372,2502,500,228,250,223,240,0,0,117
13373,1887,500,341,0,232,192,0,0,95
13374,4808,500,364,564,549,465,0,0,201
13375,1310,500,0,152,0,114,500,0,57
13376,4647,500,610,0,612,464,0,0,180
13377,2310,500,157,195,323,231,0,0,117
13378,2096,500,249,0,304,209,500,0,95
13379,7784,500,1494,0,1445,797,0,0,331
13380,5858,500,674,0,1002,600,0,0,244
13381,6526,500,340,1207,0,570,500,0,206
13382,2301,500,178,177,144,219,0,0,98
13383,13204,900,2297,0,1669,1297,0,0,499
13384,5109,500,570,905,273,483,0,0,203
13385,2362,500,125,269,213,227,0,0,110
13386,3600,500,900,0,546,360,0,0,168
13387,2301,500,406,0,383,240,0,0,125
13388,2011,500,177,116,190,197,0,0,99
13389,2280,500,230,174,225,222,0,0,109
13390,2215,500,358,0,402,229,500,0,111
13391,4271,500,443,0,568,439,0,0,169
13392,2708,500,460,0,250,264,0,0,118
13393,1137,500,122,245,0,100,0,0,83
13394,8969,500,1482,0,1412,908,0,0,333
13395,1755,500,90,0,286,180,0,0,101
13396,1946,500,122,397,0,175,500,0,90
13397,2007,500,84,318,0,180,0,0,93
13398,1488,500,240,0,0,131,0,0,77
13399,4090,500,671,869,0,358,0,0,158
13400,2052,500,114,190,116,194,0,0,91
13401,9013,900,1968,0,1672,923,0,0,366
13402,5113,500,493,664,0,460,0,0,175
13403,4069,500,261,383,446,412,0,0,169
13404,2751,500,372,517,0,240,0,0,112
13405,3579,500,481,402,248,339,0,0,143
13406,2596,500,275,0,454,265,0,0,139
13407,1722,500,363,330,226,170,0,0,103
13408,2817,500,591,0,385,278,0,0,148
13409,6086,500,706,0,1073,629,0,0,241
13410,1456,500,162,0,336,157,0,0,97
13411,1353,500,158,238,0,119,0,0,86
13412,2331,500,116,337,139,217,0,0,112
13413,2805,500,187,484,0,253,0,0,120
13414,6118,500,751,1428,0,536,0,0,228
13415,3895,500,413,418,430,390,0,0,168
13416,3597,500,369,664,0,315,500,0,121
13417,5602,500,670,0,886,564,0,0,216
13418,3554,500,237,520,0,311,0,0,149
13419,2391,500,180,125,263,242,0,0,103
13420,4047,500,272,667,213,372,0,0,159
13421,2516,500,124,389,110,230,0,0,118
13422,1475,500,158,315,0,129,0,0,93
13423,3643,500,403,0,620,376,500,0,136
13424,1903,500,304,269,149,179,0,0,107
13425,3006,500,363,0,485,303,500,0,132
13426,3436,500,518,432,319,331,0,0,140
13427,2025,500,565,356,0,178,0,0,101
13428,1709,500,172,206,0,149,0,0,87
13429,2366,500,165,469,0,207,0,0,113
13430,1123,500,288,208,56,103,0,0,84
13431,12245,900,656,2074,827,1139,500,0,422
13432,2917,500,166,360,163,273,500,0,102
13433,2154,500,160,0,222,208,0,0,110
13434,2828,500,380,0,401,294,500,0,122
13435,6384,500,439,729,742,620,0,0,247
13436,6573,500,710,560,780,646,0,0,242
13437,2560,500,215,258,241,261,0,0,107
13438,8111,500,931,0,1409,824,0,0,324
13439,1472,500,113,277,0,129,0,0,88
13440,1514,500,221,176,171,147,0,0,94
13441,1683,500,197,126,111,166,0,0,80
13442,2102,500,219,242,220,203,0,0,117
13443,5971,500,399,0,872,598,0,1390,198
13444,2235,500,442,0,359,231,0,0,123
13445,3089,500,261,403,302,303,0,0,123
13446,4692,500,337,423,635,463,0,0,195
13447,4322,500,646,423,679,434,0,0,187
13448,6818,500,1367,0,1193,704,0,0,274
13449,3309,500,603,0,511,338,0,0,147
13450,1317,500,189,0,113,132,0,0,77
13451,1466,500,93,148,64,136,500,0,62
13452,1307,500,213,231,113,124,0,0,92
13453,3539,500,558,0,637,373,0,0,155
13454,2766,500,384,187,230,269,0,0,113
13455,3017,500,365,370,357,293,0,0,151
13456,6128,500,722,733,666,590,500,0,230
13457,1858,500,358,279,226,186,0,0,102
13458,2730,500,209,0,429,273,500,0,128
13459,5752,500,569,900,232,524,500,0,188
13460,3102,500,716,0,539,326,0,0,159
13461,3787,500,334,365,337,364,500,0,134
13462,2249,500,448,362,114,214,0,0,112
13463,1928,500,167,162,230,194,0,0,97
13464,2737,500,293,525,0,246,0,0,120
13465,4370,500,450,0,692,460,500,0,161
13466,4699,500,1076,937,329,438,0,0,208
13467,2846,500,159,438,0,257,0,0,111
13468,18060,900,3280,3494,1311,1685,0,0,664
13469,1712,500,264,187,0,151,500,0,58
13470,2370,500,105,155,240,234,0,0,105
13471,2594,500,150,347,0,228,0,0,95
13472,3962,500,521,854,0,346,0,0,164
13473,4430,500,868,609,344,419,0,0,173
13474,2178,500,522,455,0,191,500,0,87
13475,2798,500,295,294,295,272,0,0,127
13476,7267,500,762,0,1178,741,0,0,258
13477,7922,500,1830,1558,710,751,0,0,318
13478,23015,900,2690,2741,2424,2214,0,0,798
13479,2510,500,357,0,335,261,0,0,120
13480,8941,500,1440,2006,0,783,11664,0,65
13481,3532,500,639,0,631,361,0,0,159
13482,2543,500,572,0,343,260,0,0,117
13483,6581,500,470,0,1072,664,0,0,260
13484,7020,500,778,1224,437,650,0,0,260
13485,2126,500,174,313,0,186,0,0,89
13486,3598,500,485,0,484,365,0,0,148
13487,1891,500,182,287,83,173,0,0,93
13488,3670,500,0,296,612,375,0,0,176
13489,5132,500,316,0,716,532,0,0,201
13490,3743,500,356,346,409,380,0,0,147
13491,1650,500,159,315,0,145,0,0,90
13492,1289,500,96,132,178,133,0,0,83
13493,8917,500,915,1009,871,854,0,0,322
13494,5710,500,1138,0,602,556,0,0,214
13495,5038,500,509,562,741,520,0,0,203
13496,3929,500,436,435,393,378,0,0,156
13497,2373,500,225,0,438,248,0,0,124
13498,1541,500,171,212,133,147,0,0,91
13499,6897,500,843,654,1139,698,0,0,278
13500,4415,500,453,778,0,386,500,0,144
13501,2292,500,98,0,230,228,0,0,104
13502,3168,500,315,415,327,306,0,0,151
13503,3784,500,347,492,0,331,0,0,143
13504,6340,500,716,726,640,609,0,0,244
13505,1167,500,279,95,177,121,0,0,80
13506,2252,500,149,0,348,230,500,0,101
13507,876,500,157,52,105,85,0,0,77
13508,1604,500,244,252,231,163,0,0,95
13509,3264,500,210,572,0,285,500,0,112
13510,4810,500,1119,520,593,468,0,0,207
13511,2738,500,379,0,461,282,0,0,129
13512,2862,500,452,573,0,251,0,0,121
13513,1661,500,98,143,0,145,500,0,63
13514,3899,500,373,0,547,392,0,0,173
13515,8734,500,1134,1280,590,816,11774,0,43
13516,3796,500,705,314,400,372,0,0,159
13517,2715,500,429,593,0,237,0,0,118
13518,3994,500,211,802,0,360,0,0,158
13519,4248,500,447,514,363,406,0,0,164
13520,2762,500,216,0,610,298,0,0,149
13521,2940,500,583,0,416,293,0,0,148
13522,1179,500,0,146,0,104,500,0,54
13523,2804,500,377,291,285,273,0,0,125
13524,3317,500,601,321,278,319,500,0,116
13525,3243,500,258,503,0,293,0,0,120
13526,3730,500,494,303,347,361,0,0,151
13527,1347,500,231,244,0,118,0,0,82
13528,3491,500,438,746,0,306,0,0,153
13529,3354,500,366,0,502,337,0,0,157
13530,3294,500,600,0,272,317,0,0,129
13531,2460,500,99,181,233,244,500,0,84
13532,5924,500,1153,0,601,574,500,0,203
13533,854,500,87,144,60,79,0,0,74
13534,3310,500,330,0,394,324,0,0,146
13535,8170,500,1131,989,919,790,0,0,300
13536,3913,500,259,578,0,342,0,0,158
13537,3796,500,219,625,170,347,0,0,156
13538,1222,500,95,88,113,119,0,0,85
13539,2017,500,168,147,175,194,0,0,99
13540,3398,500,282,0,403,339,500,0,122
13541,6577,500,935,1283,0,576,0,0,221
13542,2418,500,450,360,115,223,0,0,109
13543,8715,900,2237,0,1667,896,0,0,394
13544,1494,500,56,0,114,144,0,0,87
13545,6272,500,1105,0,978,629,0,0,255
13546,8709,500,848,1678,0,762,0,0,279
13547,16415,900,913,2706,1170,1534,0,0,541
13548,3189,500,693,651,0,279,0,0,136
13549,3509,500,369,638,0,308,0,0,139
13550,3525,500,325,640,0,309,500,0,122
13551,1749,500,150,0,282,176,0,2857,35
13552,2752,500,206,242,483,282,0,0,138
13553,4874,500,508,762,369,461,0,0,196
13554,3487,500,161,481,165,321,0,0,133
13555,1932,500,75,0,169,190,0,0,91
13556,2662,500,190,0,604,282,0,0,145
13557,12715,900,2616,0,2425,1319,0,720,453
13558,1928,500,167,0,224,194,0,0,99
13559,3446,500,210,413,253,327,561,0,125
13560,1490,500,171,208,172,146,0,0,95
13561,4454,500,845,0,723,460,0,0,178
13562,4252,500,265,681,242,393,0,0,173
13563,3478,500,357,0,442,345,0,0,153
13564,5156,500,340,0,731,517,0,0,199
13565,38018,900,4860,0,7262,3914,0,0,1391
13566,2104,500,106,0,282,218,0,0,112
13567,2080,500,0,207,135,196,0,0,98
13568,2140,500,167,0,181,202,0,0,116
13569,906,500,0,84,112,89,0,0,74
13570,8469,500,1462,1562,482,781,0,0,304
13571,3806,500,447,0,511,378,0,0,161
13572,2364,500,390,165,242,236,0,0,105
13573,1585,500,117,170,118,155,0,0,86
13574,2871,500,150,197,285,278,0,0,133
13575,3657,500,0,0,574,378,0,0,148
13576,6270,500,600,855,849,626,0,0,243
13577,2464,500,184,533,0,215,500,0,103
13578,4969,500,343,938,0,435,0,0,181
13579,4126,500,697,0,678,419,0,0,181
13580,3517,500,191,428,266,332,0,0,144
13581,8752,500,500,0,1319,881,0,0,309
13582,4039,500,382,628,277,379,500,0,140
13583,4887,500,362,0,809,508,0,0,207
13584,7353,500,797,1242,512,688,0,0,265
13585,1274,500,266,86,99,123,0,0,78
13586,11047,900,1279,0,1446,1083,0,0,430
13587,2484,500,234,414,0,217,0,0,112
13588,6026,500,355,0,982,615,0,0,244
13589,2864,500,234,456,0,250,0,0,111
13590,4091,500,261,469,584,405,0,0,184
13591,8342,500,490,1600,0,730,0,0,268
13592,11324,900,883,1246,1126,1087,0,0,410
13593,27995,900,3313,3326,3402,2730,0,0,968
13594,4919,500,312,589,417,469,0,0,197
13595,1444,500,348,211,208,147,0,0,95
13596,3481,500,562,483,415,353,0,0,152
13597,4346,500,453,0,467,427,0,0,162
13598,2930,500,598,0,559,309,0,0,138
13599,16082,900,0,0,2510,1610,0,0,561
13600,2025,500,471,0,328,206,0,0,113
13601,2778,500,285,419,314,273,0,0,127
13602,13727,900,1494,2981,0,1235,0,0,454
13603,1877,500,262,0,227,188,0,0,96
13604,2304,500,320,0,372,234,0,0,122
13605,1802,500,140,360,0,158,0,0,103
13606,2996,500,130,257,324,296,0,0,123
13607,2104,500,154,150,234,206,0,0,109
13608,2714,500,406,504,0,238,0,0,116
13609,2066,500,177,347,0,181,0,0,99
13610,4516,500,494,750,0,406,900,0,141
13611,1422,500,244,0,199,148,0,0,85
13612,4518,500,260,837,0,395,0,0,170
13613,2996,500,183,449,0,262,0,0,111
13614,3589,500,267,718,0,314,0,0,145
13615,2467,500,144,365,0,216,0,0,104
13616,9497,900,1124,0,1151,927,0,0,370
13617,3754,500,846,687,176,344,0,0,151
13618,3422,500,300,544,0,300,0,0,124
13619,2411,500,224,0,325,241,0,0,119
13620,2150,500,83,0,350,232,0,0,101
13621,3592,500,317,0,696,394,0,0,163
13622,6105,500,676,0,735,599,0,0,233
13623,2310,500,0,0,180,225,0,0,99
13624,5504,500,666,651,572,529,0,0,216
13625,1986,500,159,0,220,192,0,0,113
13626,2208,500,125,223,223,214,0,0,117
13627,1389,500,168,0,171,144,0,0,81
13628,3874,500,384,0,583,408,500,0,145
13629,2489,500,0,0,346,255,0,0,119
13630,5609,500,325,1022,0,491,0,0,189
13631,1874,500,128,210,0,164,0,0,81
13632,2702,500,256,489,0,237,0,0,110
13633,1172,500,90,147,59,109,0,0,76
13634,3791,500,255,0,612,381,500,0,160
13635,1628,500,168,0,315,171,0,0,101
13636,6162,500,666,0,0,540,0,0,229
13637,4337,500,631,627,332,410,0,0,172
13638,7876,500,926,0,1465,818,0,0,302
13639,1911,500,311,0,343,205,0,0,108
13640,6090,500,293,309,854,611,0,0,232
13641,6438,500,666,0,879,637,0,0,247
13642,2553,500,158,0,275,250,0,0,117
13643,2366,500,341,220,227,231,0,0,103
13644,4053,500,989,430,506,397,0,0,179
13645,2795,500,231,0,354,287,0,0,111
13646,1556,500,79,0,277,163,0,0,95
13647,3415,500,349,0,617,351,0,0,162
13648,3802,500,366,352,345,368,0,0,143
13649,5457,500,509,558,507,525,0,0,202
13650,3265,500,259,419,107,297,0,0,123
13651,2013,500,0,0,307,207,0,0,103
13652,3482,500,208,0,603,356,0,0,157
13653,9620,900,1174,574,1528,968,0,0,384
13654,2261,500,250,215,0,198,0,0,89
13655,4486,500,455,904,0,393,0,0,172
13656,3359,500,350,631,0,293,0,0,137
13657,4202,500,533,535,0,367,0,0,148
13658,5491,500,576,1068,0,481,500,0,189
13659,14282,900,2616,2751,1942,1407,500,0,544
13660,7992,500,1523,1225,636,755,0,1142,260
13661,3605,500,751,541,255,338,0,0,150
13662,1327,500,95,195,0,116,0,0,77
13663,3832,500,360,0,401,377,500,0,130
13664,18979,900,2047,4082,0,1660,0,0,621
13665,13839,900,1424,2827,0,1246,500,0,437
13666,4704,500,283,0,517,458,500,0,172
13667,2932,500,222,456,222,276,0,0,129
13668,7037,500,467,1342,0,615,0,0,230
13669,5530,500,363,723,0,484,0,0,185
13670,1285,500,0,0,223,132,0,0,88
13671,3870,500,201,764,0,338,0,0,154
13672,3303,500,401,704,0,289,0,0,146
13673,2739,500,583,576,0,240,0,0,118
13674,5675,500,1146,672,532,544,0,0,208
13675,6179,500,693,911,629,595,0,0,237
13676,6534,500,1045,865,556,623,0,0,233
13677,3690,500,254,683,0,322,4766,0,45
13678,6212,500,360,1146,0,544,0,0,207
13679,2847,500,190,339,0,250,557,0,99
13680,2226,500,144,282,0,194,0,0,102
13681,2929,500,231,0,398,309,0,0,130
13682,3005,500,472,0,492,304,500,0,136
13683,5264,500,549,486,746,523,0,0,217
13684,4439,500,628,0,498,447,0,0,177
13685,2864,500,531,0,393,288,0,0,129
13686,3669,500,321,0,451,366,500,0,142
13687,3959,500,671,0,465,387,0,0,166
13688,2874,500,177,0,339,289,0,0,121
13689,6403,500,348,0,877,641,0,0,230
13690,4175,500,208,673,0,366,0,0,149
13691,2835,500,150,0,415,294,0,0,137
13692,6584,500,1550,863,765,639,0,0,252
13693,3424,500,475,470,217,320,0,0,138
13694,4338,500,668,0,610,440,0,0,166
13695,5743,500,592,1082,0,503,0,0,192
13696,5399,0,1015,0,1067,562,0,0,208
13697,3300,500,455,623,0,289,0,0,135
13698,4720,500,1121,0,645,486,500,0,188
13699,2760,500,276,548,0,242,500,0,114
13700,4565,500,547,596,352,433,500,0,154
13701,24547,900,2616,5212,0,2148,0,0,777
13702,3330,500,246,300,475,331,0,0,152
13703,1710,0,58,0,183,179,0,0,72
13704,3100,500,296,0,441,311,0,0,145
13705,11120,900,1195,1722,0,973,0,0,403
13706,2400,500,252,397,138,222,0,0,115
13707,5048,500,513,660,521,492,0,0,188
13708,2037,500,370,0,225,206,0,0,101
13709,2512,500,230,386,0,220,500,0,89
13710,2357,500,451,286,180,224,0,0,106
13711,1816,500,304,270,204,175,0,0,101
13712,554,500,66,0,112,58,0,0,66
13713,916,500,99,0,166,94,500,0,74
13714,2826,500,452,561,0,248,0,0,124
13715,7021,500,1556,667,975,703,0,0,261
13716,2395,500,331,0,160,230,0,1918,74
13717,4348,500,551,905,0,380,0,0,172
13718,8573,500,954,1168,789,817,0,0,309
13719,16433,900,1125,1889,1790,1583,0,0,576
13720,1914,500,150,285,115,178,0,0,95
13721,1682,500,193,0,440,183,0,0,116
13722,2824,500,401,0,301,275,500,0,118
13723,1914,500,234,113,135,185,0,0,91
13724,32538,900,2737,5719,2408,3042,0,0,1065
13725,1005,0,112,107,140,101,0,601,47
13726,3422,500,538,540,0,300,0,0,142
13727,3422,500,799,0,546,343,0,0,163
13728,2237,500,1110,0,494,236,500,0,114
13729,5048,500,251,686,0,441,0,0,179
13730,4530,500,499,0,761,468,0,0,185
13731,3346,500,150,0,0,293,0,0,129
13732,8882,500,630,0,1225,875,0,0,336
13733,2316,500,414,347,109,213,0,0,110
13734,2073,500,265,0,224,207,0,0,102
13735,3745,500,328,537,168,345,0,0,139
13736,2207,500,168,363,0,193,0,0,95
13737,1935,500,438,435,0,169,500,0,91
13738,2099,500,497,0,289,215,0,0,113
13739,1728,500,107,96,220,181,0,0,88
13740,19635,900,2250,3491,1629,1850,0,0,677
13741,13896,900,1642,1315,1819,1367,500,0,480
13742,4513,500,971,569,485,435,500,0,174
13743,5892,500,645,0,908,600,0,0,224
13744,2351,500,148,288,62,212,0,0,102
13745,2866,500,451,231,304,281,500,0,109
13746,15679,900,1642,3266,0,1397,500,0,496
13747,1733,500,141,229,149,165,0,0,103
13748,4774,500,633,860,0,418,500,0,148
13749,5588,500,311,1062,0,489,6888,0,61
13750,7788,500,947,1437,933,757,0,0,306
13751,1486,500,172,0,223,150,0,0,94
13752,3999,500,202,292,411,391,0,0,152
13753,1528,500,170,317,0,133,0,0,86
13754,1506,500,0,124,171,147,0,0,97
13755,2162,500,264,271,147,206,0,0,100
13756,1723,500,95,0,223,171,0,0,102
13757,2765,500,288,415,0,242,500,0,111
13758,4050,500,261,740,0,365,500,0,140
13759,4230,500,301,357,489,414,0,0,178
13760,8506,500,530,1607,0,744,0,0,278
13761,7771,500,774,682,1044,772,500,0,273
13762,2693,500,457,0,494,278,0,0,138
13763,2413,500,582,0,330,237,0,0,135
13764,2500,500,470,0,431,255,0,0,129
13765,3721,500,778,708,0,325,0,0,144
13766,5830,500,599,1130,0,510,0,0,208
13767,4620,500,252,426,710,461,0,0,216
13768,1796,500,210,0,294,182,500,0,96
13769,3945,500,353,695,0,355,0,0,146
13770,2636,500,271,225,267,254,0,0,129
13771,2349,500,572,376,0,211,0,0,102
13772,3336,500,602,322,341,328,0,0,131
13773,7756,500,776,0,1479,808,0,0,315
13774,2886,500,246,268,237,277,0,0,121
13775,8692,500,554,747,1091,855,0,0,318
13776,2752,500,258,0,309,271,0,0,127
13777,1508,500,170,206,0,132,0,0,86
13778,5559,500,745,0,708,562,0,0,219
13779,4997,500,820,863,527,484,0,0,204
13780,2771,500,386,235,289,277,0,0,114
13781,2250,500,468,327,257,228,0,0,118
13782,2800,500,191,393,162,261,0,0,123
13783,1638,500,304,265,0,143,0,0,85
13784,3892,500,299,0,646,393,500,0,172
13785,3122,500,223,456,167,290,0,0,128
13786,1746,500,319,0,263,181,0,0,95
13787,4800,500,512,890,0,420,0,0,172
13788,8207,500,1350,0,927,801,0,302,298
13789,2049,500,147,224,221,198,0,663,96
13790,6692,500,1594,1341,492,625,0,3097,196
13791,2203,500,0,0,291,227,0,0,102
13792,1875,500,130,152,223,185,0,0,102
13793,1271,500,95,163,62,118,0,0,80
13794,4756,500,507,387,537,467,0,0,183
13795,3630,500,422,403,416,354,500,0,143
13796,1794,500,98,0,192,187,500,0,68
13797,3452,500,332,267,434,346,0,0,141
13798,5580,500,611,0,869,569,500,0,200
13799,1621,500,166,0,283,166,0,0,101
13800,2871,500,209,477,159,265,0,0,131
13801,4724,500,731,732,0,414,0,0,180
13802,4289,500,281,628,612,434,0,0,169
13803,7345,500,399,1175,557,691,0,0,257
13804,1125,500,57,144,0,98,0,0,87
13805,5164,500,318,837,363,483,0,0,188
13806,3772,500,406,586,0,330,0,0,136
13807,1679,500,0,125,173,164,0,0,97
13808,8453,500,953,1002,851,809,0,0,320
13809,2931,500,327,318,363,298,0,0,134
13810,2322,500,328,342,195,223,0,0,111
13811,1088,500,94,109,112,106,500,0,60
13812,1683,500,160,315,0,147,500,0,76
13813,4344,500,263,0,744,447,0,0,178
13814,4182,500,472,0,609,420,0,0,177
13815,3251,500,214,0,466,338,0,0,143
13816,2687,500,213,317,164,255,0,0,110
13817,4716,500,931,1100,0,413,0,0,196
13818,2751,500,227,0,278,270,0,0,118
13819,2888,500,349,355,329,279,0,0,150
13820,2009,500,259,0,219,206,0,0,104
13821,3543,500,460,520,236,334,0,0,136
13822,5601,500,691,1210,0,490,0,0,224
13823,4766,500,129,807,0,417,0,0,167
13824,3226,500,558,453,569,333,0,0,152
13825,3897,500,384,0,505,392,567,0,142
13826,2017,500,684,0,346,218,500,0,90
13827,5667,500,351,497,651,551,0,0,201
13828,1911,500,547,380,0,168,0,0,101
13829,2147,500,328,389,163,201,0,0,112
13830,4289,500,728,0,546,431,0,0,189
13831,2119,500,161,0,257,220,500,0,78
13832,19455,900,1125,2814,2059,1874,0,0,652
13833,1954,500,0,282,0,171,0,0,93
13834,4051,500,653,785,0,355,500,0,135
13835,4079,500,825,461,396,394,0,0,161
13836,3279,500,216,650,0,287,0,0,137
13837,8775,500,498,0,1552,893,0,0,367
13838,2948,500,576,629,0,258,500,0,118
13839,2401,500,253,393,163,225,0,0,117
13840,1570,500,163,0,276,163,0,0,95
13841,1766,500,225,0,326,181,552,0,102
13842,5205,500,576,896,382,487,0,0,205
13843,7539,500,819,0,847,735,0,0,272
13844,3148,500,351,0,506,321,0,609,131
13845,14183,900,1777,0,2616,1455,500,0,533
13846,5644,500,633,0,876,574,0,0,221
13847,4321,500,470,783,0,379,0,0,175
13848,1565,500,56,152,0,137,500,0,61
13849,1846,500,153,227,86,172,0,558,74
13850,2352,500,360,0,365,240,0,0,117
13851,2302,500,184,348,197,217,0,0,118
13852,8344,500,461,703,891,808,0,0,289
13853,1579,500,171,227,194,156,0,0,95
13854,4879,500,511,597,390,464,0,0,177
13855,1786,500,90,211,286,183,500,0,86
13856,3744,500,271,0,597,379,0,0,163
13857,4592,500,531,0,0,402,0,0,157
13858,3973,500,632,0,883,421,0,0,201
13859,4034,500,790,0,615,413,0,0,159
13860,1319,500,76,260,0,115,0,0,88
13861,1330,500,74,176,89,124,0,0,85
13862,2150,500,70,218,183,213,0,0,93
13863,5325,500,557,431,685,531,0,0,201
13864,2697,500,383,352,241,264,0,0,118
13865,4598,500,326,0,0,402,0,0,177
13866,15806,900,2675,0,975,1463,0,0,570
13867,4996,500,314,0,739,514,0,0,220
13868,2622,500,187,0,396,265,0,1396,95
13869,3757,500,466,0,458,375,0,0,150
13870,2684,500,383,0,235,262,0,0,112
13871,2377,500,279,353,0,207,0,0,98
13872,4712,500,341,0,805,477,0,0,213
13873,2161,500,218,227,88,201,0,0,90
13874,4958,500,648,1021,0,434,0,0,185
13875,2849,500,129,228,218,282,0,0,118
13876,1993,500,184,242,0,174,0,0,85
13877,4443,500,321,0,701,448,0,0,188
13878,2936,500,263,250,327,294,500,0,111
13879,1317,500,71,0,161,129,0,0,89
13880,2361,500,285,0,277,240,0,0,108
13881,7964,500,1009,0,1425,813,0,0,313
13882,1396,500,190,179,0,122,0,0,79
13883,1763,500,113,135,115,169,577,0,74
13884,1768,500,191,170,331,181,0,0,107
13885,2435,500,522,399,323,245,0,0,116
13886,3635,500,612,511,309,345,0,0,147
13887,10356,900,663,0,1343,1020,500,0,365
13888,1697,500,171,261,139,161,0,0,95
13889,3547,500,328,538,279,337,0,0,143
13890,4494,500,451,0,727,464,0,0,179
13891,1616,500,126,336,0,141,0,0,97
13892,5709,500,649,0,863,591,500,0,218
13893,2156,500,218,312,0,189,0,0,105
13894,4981,500,574,0,961,516,500,0,201
13895,1932,500,263,0,222,193,0,0,99
13896,1609,500,334,0,222,164,2828,0,39
13897,988,500,111,87,133,99,0,0,79
13898,10077,900,580,1383,0,882,0,0,312
13899,4173,500,260,381,326,399,0,0,155
13900,2351,500,269,226,314,231,0,0,125
13901,9242,500,1461,2257,0,809,0,0,325
13902,4503,500,494,0,509,438,0,0,187
13903,1740,500,104,0,326,179,0,0,111
13904,9401,500,2238,1532,939,903,500,0,318
13905,2962,500,223,0,491,302,0,0,140
13906,3995,500,242,734,0,350,500,0,140
13907,4046,500,665,619,248,376,500,0,151
13908,4118,500,693,488,442,399,0,0,179
13909,4479,500,246,619,171,409,0,0,164
13910,2013,500,346,370,204,193,0,0,109
13911,3395,500,211,257,520,348,0,0,146
13912,9607,900,1459,0,1795,986,0,0,402
13913,3292,500,527,0,550,332,500,0,146
13914,4149,500,668,620,348,394,0,0,175
13915,8445,500,506,1458,426,773,500,0,295
13916,3726,500,459,454,439,361,0,0,170
13917,2487,500,375,416,0,218,0,0,99
13918,1951,500,171,257,258,199,0,0,104
13919,1980,500,224,155,171,195,500,0,77
13920,4350,500,632,387,450,422,0,0,176
13921,1402,500,91,0,0,123,0,0,77
13922,3121,500,349,633,0,281,0,0,138
13923,6200,500,693,0,573,592,500,0,222
13924,2183,500,152,228,93,204,0,0,93
13925,16254,900,769,2666,1113,1515,0,0,533
13926,1897,500,335,289,0,166,0,0,88
13927,2987,500,150,283,337,294,0,0,135
13928,5421,500,313,595,590,524,0,0,217
13929,2077,500,143,381,0,182,0,0,99
13930,1192,500,135,0,261,129,0,734,87
13931,3439,500,500,521,134,314,0,0,132
13932,2098,500,167,0,230,216,500,0,86
13933,2658,500,591,0,502,276,0,0,133
13934,3177,500,486,380,342,307,0,0,139
13935,3570,500,447,0,230,340,0,0,164
13936,2842,500,589,544,214,267,0,0,140
13937,2929,500,116,0,285,287,0,0,125
13938,6163,500,656,871,510,601,0,1871,184
13939,1118,500,90,79,114,110,0,0,76
13940,1284,500,62,94,112,123,0,0,82
13941,3036,500,0,0,437,316,0,0,145
13942,3546,500,214,322,276,339,0,0,146
13943,1732,500,279,86,104,168,0,0,85
13944,2244,500,150,0,291,228,500,0,90
13945,8485,500,947,0,1814,927,0,0,357
13946,1871,500,105,0,448,203,500,0,107
13947,4027,500,487,783,0,352,0,0,151
13948,1615,500,173,162,169,162,0,0,96
13949,7326,500,972,667,1185,745,0,0,292
13950,3905,500,447,430,393,377,500,0,149
13951,2023,0,82,0,233,206,0,0,83
13952,2073,500,163,317,0,182,0,0,92
13953,7745,500,550,699,981,759,0,0,289
13954,975,500,44,140,57,94,0,0,76
13955,1875,500,103,0,309,193,0,0,103
13956,6897,500,368,1048,560,654,0,0,244
13957,2004,500,103,284,151,190,559,0,89
13958,1184,500,94,159,22,106,0,0,75
13959,2011,500,231,0,289,214,0,0,102
13960,2622,500,200,173,341,269,0,0,111
13961,1926,500,223,263,195,187,0,0,105
13962,1369,500,112,0,168,136,500,0,72
13963,2903,500,299,0,450,296,0,0,132
13964,6247,500,430,703,722,607,500,0,225
13965,5708,500,573,820,375,532,0,0,226
13966,6561,500,409,0,1024,656,0,0,262
13967,11244,900,1196,1721,0,984,0,0,389
13968,4781,500,330,423,513,462,500,0,176
13969,3690,500,445,563,0,323,0,0,153
13970,4245,500,549,744,0,372,0,0,152
13971,6899,500,446,583,793,673,500,0,234
13972,2535,500,292,440,170,237,0,0,131
13973,2389,500,162,341,281,237,0,0,117
13974,5352,500,635,0,879,555,0,0,224
13975,4169,500,446,353,519,412,0,0,167
13976,1402,500,70,226,112,132,0,0,91
13977,1501,500,193,0,115,150,0,0,85
13978,1664,500,0,125,173,162,0,0,94
13979,1300,500,110,172,173,129,0,481,86
13980,2135,500,125,0,391,221,500,0,102
13981,2169,500,340,289,0,190,0,0,93
13982,3692,500,273,515,423,358,500,0,149
13983,2865,500,166,0,294,293,0,0,118
13984,1033,500,121,125,137,101,0,0,82
13985,5578,500,325,1025,0,488,0,0,190
13986,2270,500,258,256,299,224,0,0,119
13987,1139,500,0,67,81,110,0,0,75
13988,3300,500,380,0,442,326,0,0,149
13989,1253,0,0,87,116,124,0,0,63
13990,3370,500,606,638,159,307,500,0,132
13991,3627,500,465,0,465,365,1813,0,102
13992,1462,500,0,89,119,144,0,0,80
13993,3886,500,262,641,162,354,0,0,161
13994,2802,500,326,0,329,279,0,0,126
13995,2317,500,379,0,447,239,0,0,129
13996,3371,500,403,0,528,340,0,0,156
13997,3654,500,284,762,0,329,0,0,155
13998,2195,500,450,0,289,218,500,0,101
13999,1630,500,160,0,222,162,0,0,97
14000,1995,500,0,204,81,185,0,0,86
14001,3641,500,462,673,0,319,0,0,144
14002,5365,500,659,459,562,521,0,0,203
14003,4093,500,516,0,851,441,500,0,174
14004,1907,500,0,0,0,166,0,0,94
14005,8640,500,909,0,1506,881,0,0,338
14006,2761,500,0,0,548,288,0,0,133
14007,5763,500,573,0,637,561,0,0,216
14008,5323,500,483,687,0,466,0,0,180
14009,6932,500,660,1301,0,606,0,0,228
14010,6934,500,852,1217,322,634,0,0,262
14011,2963,500,192,0,674,319,0,0,147
14012,2681,500,357,323,221,258,0,0,116
14013,1503,500,88,262,287,154,0,0,100
14014,914,500,156,126,63,87,500,0,57
14015,5981,500,364,556,735,582,0,0,238
14016,2547,500,359,369,0,224,0,0,103
14017,5843,500,656,0,946,590,0,0,243
14018,2005,500,345,0,230,202,0,3282,40
14019,7380,500,357,1124,0,646,500,0,236
14020,1767,500,146,272,150,172,500,0,88
14021,2259,500,369,279,0,198,0,0,99
14022,4964,500,550,805,226,454,0,0,187
14023,2273,500,255,0,334,229,0,0,124
14024,2758,500,218,0,402,274,0,0,137
14025,1729,500,0,74,125,169,500,0,73
14026,9621,500,553,1029,1118,939,0,0,332
14027,5224,500,337,510,520,507,0,0,204
14028,5674,500,667,0,933,587,0,906,226
14029,1817,500,338,0,172,179,500,0,76
14030,3182,500,403,0,510,341,0,0,140
14031,2884,500,421,580,0,260,0,0,118
14032,6518,500,820,0,717,635,0,0,241
14033,5229,500,526,0,787,533,0,0,201
14034,5434,500,692,1170,0,476,0,0,207
14035,4118,500,413,488,307,391,500,0,142
14036,3439,500,340,385,282,330,0,0,140
14037,1907,500,302,400,0,167,0,0,105
14038,2673,500,1127,0,327,274,0,0,127
14039,2702,500,256,0,411,280,0,0,120
14040,2407,500,342,176,239,236,0,0,104
14041,4325,500,230,550,0,378,0,0,152
14042,3642,500,192,0,380,355,0,0,156
14043,4780,500,1666,737,0,418,500,0,148
14044,3820,500,606,625,222,355,0,5503,40
14045,1570,500,61,0,169,159,0,0,85
14046,10952,900,2047,0,2095,1132,0,0,451
14047,3620,500,225,483,114,329,0,0,135
14048,2800,500,218,255,330,272,0,0,144
14049,2301,500,176,0,294,238,500,0,85
14050,1456,500,59,170,51,133,0,0,80
14051,2156,500,158,0,228,214,500,0,90
14052,3606,500,215,0,333,350,565,0,124
14053,4178,500,567,0,704,433,500,0,158
14054,6380,500,1004,620,928,635,0,0,260
14055,1592,500,102,90,165,160,0,0,85
14056,7198,500,718,0,1009,739,0,0,292
14057,5216,500,534,0,824,550,0,0,204
14058,5807,500,676,0,900,586,0,0,233
14059,6055,500,678,0,841,605,0,0,234
14060,3674,500,310,605,0,321,0,0,136
14061,4253,500,322,592,456,410,549,0,167
14062,4113,500,660,441,391,397,0,0,163
14063,6581,500,737,0,873,650,0,0,258
14064,4544,500,516,0,639,453,0,0,189
14065,3017,500,458,379,323,290,0,0,155
14066,5416,500,670,0,586,529,500,0,190
14067,3097,500,355,520,0,270,0,0,133
14068,2030,500,102,0,0,178,0,0,101
14069,2602,500,409,228,330,258,500,0,113
14070,1895,500,111,0,289,208,0,0,95
14071,1931,500,104,0,222,189,0,0,104
14072,24562,900,2611,5204,0,2149,0,0,776
14073,1553,500,93,175,159,149,2455,0,36
14074,2845,500,396,0,507,297,0,0,135
14075,4986,500,1130,0,997,518,0,0,232
14076,2102,500,179,0,233,213,500,0,81
14077,2598,500,377,416,0,228,0,0,106
14078,14518,900,790,3000,0,1301,0,0,476
14079,2762,500,152,228,228,267,0,0,116
14080,1894,500,173,233,88,175,0,0,96
14081,1813,500,175,0,192,179,0,0,98
14082,2869,500,325,0,332,284,0,0,138
14083,4060,500,828,616,266,380,0,0,159
14084,5512,500,510,835,0,496,0,0,197
14085,1373,500,200,0,164,137,0,0,87
14086,2429,500,317,471,0,213,0,0,112
14087,8639,500,986,980,1068,848,0,0,256
14088,3332,500,332,321,338,325,0,0,135
14089,2294,500,353,0,294,238,0,0,106
14090,1558,500,149,272,0,136,0,0,88
14091,1531,500,309,0,231,163,0,0,91
14092,2788,500,231,0,348,284,0,0,115
14093,3750,500,287,0,541,373,0,0,177
14094,5177,500,333,669,0,453,0,0,175
14095,2267,500,171,0,289,235,0,0,100
14096,2182,500,89,237,0,197,0,0,101
14097,2318,500,126,254,310,236,0,0,116
14098,3493,500,528,334,403,339,0,0,154
14099,2200,500,372,175,232,217,500,0,95
14100,1637,500,61,0,170,165,0,0,87
14101,1716,500,115,202,103,162,0,0,87
14102,2164,500,145,396,0,189,0,0,102
14103,2425,500,147,0,340,247,500,0,102
14104,3599,500,194,0,387,356,0,0,138
14105,2741,500,163,341,119,253,0,0,111
14106,2728,500,128,0,344,277,0,0,118
14107,1391,0,125,0,120,140,0,0,65
14108,4227,500,188,513,0,370,0,0,146
14109,2250,500,176,425,0,197,0,1473,79
14110,3550,500,372,0,597,363,0,0,168
14111,2610,500,274,0,386,264,0,0,134
14112,1466,500,327,245,56,133,0,0,90
14113,2512,500,223,423,0,220,0,0,110
14114,5528,500,366,459,679,544,0,0,208
14115,2376,500,188,366,0,209,0,0,100
14116,3803,500,368,0,330,365,0,0,149
14117,1462,500,92,177,0,129,500,0,57
14118,3735,500,241,0,786,394,0,0,170
14119,3657,500,565,0,571,376,0,0,154
14120,4686,500,531,435,821,479,0,0,204
14121,3695,500,900,480,430,359,500,0,154
14122,3971,500,386,496,314,379,0,0,160
14123,2080,500,219,211,160,208,0,0,100
14124,8883,500,923,0,1558,909,0,0,343
14125,1166,500,102,93,209,122,0,0,83
14126,1031,500,60,151,55,95,0,0,79
14127,14787,900,1806,0,1990,1454,0,0,556
14128,3468,500,332,292,407,340,500,0,126
14129,2578,500,187,0,416,262,0,0,129
14130,4423,500,506,0,833,460,500,0,170
14131,10629,900,699,1512,0,930,0,0,335
14132,2297,500,160,449,0,201,0,0,109
14133,1955,500,123,222,214,188,0,0,109
14134,6316,500,1558,0,377,582,500,0,239
14135,9734,500,560,1928,0,852,500,0,309
14136,2635,500,583,0,389,267,0,0,125
14137,3416,500,210,448,300,327,0,0,146
14138,4935,500,598,770,0,432,500,0,176
14139,1669,500,93,313,0,146,0,0,89
14140,1789,500,108,96,221,187,0,0,89
14141,2386,500,181,294,116,222,0,0,103
14142,3374,500,465,0,334,331,0,0,139
14143,1765,500,168,172,81,167,0,0,83
14144,5051,500,373,694,461,480,0,0,214
14145,2175,500,220,0,237,214,0,0,109
14146,2257,500,473,376,447,240,500,0,102
14147,2956,500,189,283,303,289,0,0,131
14148,3459,500,367,488,0,302,0,0,148
14149,5195,500,607,485,649,523,553,0,201
14150,5312,500,1130,516,593,517,0,0,216
14151,2795,500,242,475,0,244,0,0,115
14152,5162,500,659,0,729,516,500,0,199
14153,2931,500,512,0,492,297,0,0,146
14154,3301,500,307,436,0,289,0,0,131
14155,1952,500,157,227,213,197,0,0,98
14156,5229,500,984,677,425,498,0,0,183
14157,2108,500,337,220,224,206,0,0,104
14158,6078,500,503,1231,0,532,500,0,202
14159,902,0,85,0,139,94,500,0,47
14160,1686,500,0,125,173,164,0,0,94
14161,2261,500,238,318,0,197,0,0,103
14162,1313,500,59,0,166,137,0,0,86
14163,2218,500,374,284,284,224,0,0,108
14164,2980,500,627,0,453,299,0,0,150
14165,6538,500,676,0,1042,660,500,0,246
14166,2750,500,224,316,124,254,0,0,116
14167,3626,500,457,0,683,385,0,0,155
14168,4008,500,573,392,395,392,0,0,150
14169,1817,500,346,321,0,159,0,0,89
14170,7373,500,845,1322,813,713,0,0,286
14171,2351,500,185,249,0,205,0,0,96
14172,1245,500,154,0,217,127,0,0,90
14173,2769,500,251,423,0,242,0,0,106
14174,1818,500,0,234,62,166,0,0,93
14175,6636,500,868,0,768,668,0,0,248
14176,1726,500,109,98,189,176,0,0,87
14177,2781,500,311,245,571,293,0,0,140
14178,4459,500,531,0,914,476,0,0,206
14179,2575,500,568,250,170,245,500,0,94
14180,5695,500,956,1152,0,498,0,0,197
14181,3591,500,423,0,561,368,0,0,162
14182,2616,500,218,0,0,229,0,0,126
14183,3104,500,333,0,446,312,0,0,139
14184,5315,500,377,465,798,533,0,0,218
14185,2878,500,313,0,479,290,0,3961,40
14186,1769,500,180,257,0,155,500,0,81
14187,1314,500,327,0,222,134,0,0,90
14188,3479,500,194,0,512,357,0,0,136
14189,1817,500,65,0,178,184,0,0,89
14190,2803,500,208,0,511,295,0,1750,105
14191,2589,500,1118,0,274,253,0,0,120
14192,3855,500,668,871,0,338,500,0,145
14193,2076,500,119,208,94,195,0,0,117
14194,2989,500,337,478,244,284,0,0,140
14195,2205,500,154,0,288,222,0,0,107
14196,2339,500,146,0,217,230,0,0,104
14197,2626,500,228,0,162,249,0,0,109
14198,7084,500,858,682,986,701,0,0,282
14199,1873,500,95,263,56,170,0,0,96
14200,4651,500,333,415,563,454,0,0,191
14201,2047,500,118,0,172,203,0,0,91
14202,1530,500,162,0,299,161,0,0,96
14203,2879,500,224,455,0,251,0,0,111
14204,1845,500,258,267,0,161,0,0,100
14205,850,500,74,122,0,74,0,0,66
14206,5107,500,547,0,783,518,0,1240,176
14207,2483,500,255,0,507,261,0,0,131
14208,12233,900,2883,0,1837,1260,0,0,496
14209,4840,500,231,686,499,472,500,0,161
14210,5696,500,313,890,314,526,0,0,204
14211,5643,500,366,450,676,557,559,0,184
14212,8560,500,1782,0,1266,878,0,0,347
14213,2837,500,596,0,563,300,0,1429,105
14214,4581,500,681,561,466,447,0,0,183
14215,2123,500,0,203,230,219,0,0,95
14216,6165,500,362,0,854,629,0,0,237
14217,7887,500,931,729,950,771,500,0,281
14218,3741,500,1656,0,524,371,500,0,155
14219,8667,500,906,1801,0,758,0,0,295
14220,3373,500,499,230,473,337,0,0,152
14221,2652,500,192,494,0,232,0,0,118
14222,5040,500,517,511,537,492,0,0,189
14223,28082,900,1096,4048,1895,2613,0,0,884
14224,8419,500,541,887,985,847,500,1633,242
14225,2687,500,192,263,286,263,0,0,120
14226,1466,500,255,0,221,147,0,0,98
14227,7531,500,855,833,759,726,0,0,272
14228,1746,500,161,264,0,158,500,0,79
14229,15200,900,1980,2677,1243,1435,0,0,535
14230,2374,500,459,0,393,262,0,0,115
14231,1721,500,79,0,170,168,0,0,91
14232,2514,500,406,0,423,261,0,0,126
14233,2015,500,186,144,216,199,0,0,100
14234,4579,500,459,910,0,401,0,0,173
14235,9719,900,1154,0,1609,988,0,0,379
14236,4461,500,542,963,0,390,500,0,168
14237,6082,500,355,815,376,566,0,0,213
14238,4194,500,284,0,593,422,500,1236,132
14239,2088,500,0,153,258,207,0,0,107
14240,7607,500,1347,743,1084,758,0,0,303
14241,1988,500,166,0,351,217,0,0,109
14242,1764,500,166,217,0,155,0,0,91
14243,4302,500,499,0,668,436,0,0,184
14244,3439,500,536,414,380,333,500,0,146
14245,3103,500,221,573,0,271,500,0,120
14246,41923,900,5045,5125,4706,4046,0,0,1440
14247,2161,500,114,0,348,221,0,0,117
14248,5634,500,631,631,631,548,0,0,220
14249,4446,500,597,485,490,434,500,0,190
14250,2132,500,251,0,0,192,0,0,107
14251,1328,500,239,142,86,126,0,0,79
14252,1015,500,133,0,256,110,0,0,85
14253,4716,500,552,0,687,472,0,0,199
14254,3716,500,524,362,340,370,0,0,142
14255,3238,0,322,710,0,284,3844,0,47
14256,3149,500,325,468,0,275,0,0,137
14257,1972,500,441,364,112,182,0,0,104
14258,4003,500,941,527,435,386,0,0,187
14259,2677,500,226,0,277,262,0,0,126
14260,3388,500,373,0,500,343,500,0,126
14261,21616,900,2510,3891,1886,2044,0,0,753
14262,3146,500,0,354,0,275,0,0,126
14263,2670,500,679,429,323,266,0,0,126
14264,2147,500,154,0,283,216,0,0,107
14265,7737,500,1321,755,1173,776,0,0,300
14266,2891,500,308,408,243,283,0,0,132
14267,5865,500,395,825,374,545,0,0,220
14268,1412,500,257,238,203,140,0,0,95
14269,3228,500,329,589,0,282,0,0,129
14270,2665,500,592,0,542,280,0,0,134
14271,2896,500,277,365,459,295,0,0,136
14272,5127,500,341,0,855,525,0,0,208
14273,1315,500,165,84,104,128,500,0,64
14274,2293,500,262,0,387,236,0,0,119
14275,5229,500,311,973,0,457,0,0,182
14276,5918,500,842,320,1010,611,0,0,229
14277,11369,900,753,2187,0,995,0,0,374
14278,5398,500,982,921,223,493,0,0,206
14279,2863,500,191,339,0,251,0,0,113
14280,2289,500,0,196,297,224,500,0,111
14281,3360,500,531,739,0,302,0,0,149
14282,2590,500,181,251,298,256,0,0,120
14283,5284,500,656,0,338,493,500,0,196
14284,1802,500,304,0,270,180,0,0,110
14285,7690,500,408,0,1244,807,0,0,288
14286,2499,500,117,338,140,233,0,0,110
14287,2898,500,264,433,0,254,565,0,95
14288,10609,900,2269,0,1717,1073,0,0,432
14289,4313,500,299,0,705,449,500,0,171
14290,2147,500,158,0,292,212,0,0,121
14291,6295,500,781,0,1221,657,0,0,255
14292,4005,500,372,0,0,350,0,0,149
14293,17188,900,2045,1616,2396,1704,0,0,622
14294,14448,900,881,2863,0,1264,0,0,458
14295,2346,500,342,0,291,236,0,0,108
14296,5542,500,953,1154,0,485,0,0,207
14297,5155,500,508,837,633,507,0,0,207
14298,6232,500,595,979,0,545,0,0,217
14299,2175,500,267,0,219,216,500,0,84
14300,2603,500,256,0,441,267,500,0,108
14301,2041,500,222,0,335,208,0,0,113
14302,2076,500,97,0,285,212,0,0,104
14303,4913,500,495,515,557,481,0,0,186
14304,8519,500,931,1207,0,745,0,0,277
14305,3065,500,303,434,271,293,500,0,121
14306,5260,500,334,663,329,492,500,0,168
14307,8475,500,1340,0,1207,865,500,14087,40
14308,5156,500,605,464,733,515,0,0,216
14309,4934,500,504,0,712,498,0,0,200
14310,1760,500,58,0,183,179,0,0,88
14311,2428,500,355,0,344,246,0,0,124
14312,1069,500,74,143,0,94,0,0,70
14313,2213,500,90,0,280,224,0,0,104
14314,2774,500,208,477,159,256,0,0,130
14315,5247,500,970,1136,0,472,0,0,203
14316,2529,500,451,316,275,244,0,0,129
14317,1948,500,236,179,266,193,500,0,97
14318,2160,500,262,321,0,188,0,0,129
14319,51358,900,5504,10970,0,4494,0,0,1566
14320,2504,500,223,0,307,254,0,0,111
14321,2155,500,225,0,329,221,0,0,108
14322,4470,500,1678,0,621,449,0,0,177
14323,3340,500,488,0,607,351,0,0,160
14324,1349,500,140,0,164,133,0,0,86
14325,1857,500,128,244,0,162,500,0,85
14326,6675,500,441,1259,0,584,0,0,226
14327,1708,500,102,392,0,150,0,0,94
14328,1269,500,108,0,0,111,0,0,85
14329,1725,500,0,205,0,150,500,0,65
14330,1903,500,0,179,170,191,0,0,86
14331,1404,500,259,156,54,131,0,0,76
14332,5504,500,782,775,0,481,0,0,196
14333,3133,500,139,484,0,274,500,0,103
14334,4302,500,300,668,332,406,0,0,176
14335,1497,500,124,249,0,131,0,0,79
14336,2326,500,223,0,329,234,0,0,115
14337,8225,500,553,0,976,806,0,0,289
14338,2108,500,179,0,431,233,0,0,107
14339,1683,500,196,303,162,160,0,0,101
14340,5097,500,500,0,778,534,0,0,200
14341,1942,500,123,0,104,179,500,0,94
14342,2314,500,131,247,0,202,0,0,97
14343,4416,500,274,612,0,386,0,0,164
14344,2038,500,142,303,113,190,0,0,102
14345,5609,500,567,1125,0,491,500,0,187
14346,1851,500,116,206,75,172,0,0,88
14347,3034,500,467,293,398,299,0,0,146
14348,6166,500,398,637,543,588,0,0,230
14349,4217,500,535,0,616,437,0,0,183
14350,3032,500,457,470,178,282,0,0,127
14351,3199,500,226,265,345,311,0,0,139
14352,6367,500,603,0,1083,657,0,0,242
14353,5863,500,0,991,0,527,0,0,199
14354,2597,500,200,0,346,266,0,0,114
14355,4277,500,490,784,0,375,0,0,150
14356,1476,500,332,238,155,142,0,0,92
14357,3413,500,546,0,670,354,0,0,166
14358,2417,500,223,243,280,238,500,0,104
14359,2872,0,185,252,238,276,0,0,109
14360,4240,500,513,0,697,429,0,0,201
14361,1561,500,171,196,133,148,0,0,92
14362,4913,500,731,799,238,452,0,0,187
14363,8709,500,505,1745,0,762,500,0,282
14364,743,500,114,158,0,65,0,0,68
14365,12417,900,1483,1497,1456,1204,500,0,453
14366,4172,500,522,615,0,365,0,0,164
14367,2699,500,296,0,458,277,0,0,137
14368,2022,500,228,0,177,196,0,0,99
14369,5556,500,365,840,271,512,7204,0,40
14370,4129,500,370,525,0,362,0,0,150
14371,1164,500,94,140,0,101,0,0,77
14372,2957,500,168,392,219,281,0,0,121
14373,1529,500,168,84,107,149,0,0,91
14374,2859,500,280,246,339,281,0,0,134
14375,4207,500,387,0,624,427,500,0,161
14376,2828,500,273,282,223,269,500,0,109
14377,2635,500,222,433,0,230,0,0,107
14378,4369,500,292,0,709,449,0,0,168
14379,5302,500,353,878,393,497,0,0,202
14380,3205,500,301,365,236,304,0,0,131
14381,2667,500,143,0,167,253,0,0,111
14382,1843,500,144,341,0,162,500,0,82
14383,3979,500,529,0,454,387,500,0,155
14384,2576,500,152,0,291,260,0,0,112
14385,2200,500,149,155,227,217,500,0,84
14386,2113,500,221,375,0,185,0,0,99
14387,7250,500,736,0,612,687,500,0,268
14388,7150,500,789,1024,0,625,500,0,226
14389,10578,900,704,1174,1074,1016,0,0,381
14390,970,0,164,149,38,89,0,0,58
14391,2498,500,190,0,334,249,557,0,111
14392,3301,500,539,404,274,328,500,0,116
14393,1579,500,135,202,107,150,0,0,86
14394,4473,500,493,0,821,460,0,0,197
14395,2358,500,255,0,246,235,0,0,109
14396,1407,500,230,182,111,137,500,0,66
14397,14177,900,1541,3077,0,1239,0,0,483
14398,12265,900,2162,2040,1084,1161,500,0,458
14399,4836,500,461,719,244,447,0,0,175
14400,2059,500,165,288,0,181,0,0,90
14401,1752,500,112,172,0,154,0,0,83
14402,3553,500,231,0,495,361,0,0,145
14403,1432,500,154,264,0,125,0,0,88
14404,1388,500,81,160,0,121,0,0,77
14405,2930,500,358,525,0,256,0,0,130
14406,6613,500,436,1338,0,579,0,0,231
14407,1727,500,122,179,115,166,0,0,85
14408,2147,500,145,258,0,193,0,0,88
14409,1030,0,63,0,251,111,0,0,71
14410,5491,500,516,0,818,556,0,0,212
14411,8532,500,586,0,1540,880,0,0,316
14412,5428,500,1148,633,550,525,0,0,200
14413,1570,500,91,0,150,164,0,0,80
14414,2612,500,224,364,0,235,0,0,112
14415,6682,500,690,1070,435,625,500,0,221
14416,5342,500,532,806,217,488,0,0,193
14417,4443,500,627,859,0,389,500,0,152
14418,7100,500,429,1290,0,621,500,0,217
14419,2387,500,401,422,0,209,0,0,118
14420,4622,500,498,0,482,448,0,0,185
14421,2137,500,130,231,113,202,0,0,92
14422,2751,500,0,131,386,276,0,0,134
14423,6767,500,872,0,1376,702,0,0,286
14424,1748,500,153,369,0,153,0,0,93
14425,4722,500,957,0,525,463,0,0,183
14426,5793,500,0,713,0,507,0,0,197
14427,2118,500,219,242,221,204,0,0,114
14428,2177,500,230,265,126,205,0,0,96
14429,3817,500,834,626,189,353,0,0,138
14430,5240,500,1140,677,633,511,0,0,217
14431,3946,500,664,0,594,406,0,0,182
14432,3535,500,338,0,0,309,0,0,128
14433,1866,500,173,266,109,174,0,0,100
14434,7981,500,878,706,842,772,0,0,288
14435,7864,500,977,861,766,757,0,0,269
14436,3571,500,335,0,567,365,0,0,155
14437,7259,500,441,0,1144,730,0,0,278
14438,2240,500,371,416,0,196,0,0,104
14439,1415,500,78,0,167,138,0,0,91
14440,9447,500,537,1950,0,850,0,0,328
14441,2565,500,307,0,409,258,0,0,137
14442,4941,500,0,513,540,478,0,0,197
14443,14082,900,1640,2552,1167,1326,0,0,510
14444,3865,500,1116,377,469,382,0,0,163
14445,4110,500,562,0,464,403,0,0,168
14446,32020,900,1964,6652,0,2882,0,0,980
14447,2076,500,167,128,203,206,500,0,80
14448,3499,500,323,0,486,368,0,0,143
14449,7522,500,1303,0,917,740,0,0,268
14450,3070,500,192,340,0,269,0,0,115
14451,24447,900,2816,4336,2258,2327,0,0,832
14452,4294,500,0,0,659,437,0,0,166
14453,2427,500,298,0,377,243,0,0,129
14454,1404,500,208,150,190,140,500,0,77
14455,5832,500,636,0,952,598,0,0,242
14456,2760,500,438,270,431,277,500,0,124
14457,3714,500,720,712,0,335,0,0,142
14458,3450,500,392,0,674,357,2763,0,105
14459,1862,500,81,0,289,195,500,0,81
14460,1837,500,304,0,215,178,0,0,106
14461,3828,500,448,210,568,385,0,0,163
14462,8976,500,1071,0,1162,882,0,0,340
14463,6449,500,849,0,828,658,0,0,254
14464,1042,500,118,157,0,91,500,0,54
14465,1756,500,164,324,0,154,551,0,81
14466,4909,500,301,482,531,479,0,0,187
14467,3091,500,313,578,0,271,0,0,128
14468,5042,500,793,0,0,441,0,0,165
14469,8010,500,582,906,853,772,0,0,302
14470,1538,500,94,176,175,156,0,0,90
14471,2376,500,198,341,0,208,0,0,101
14472,3691,500,370,665,0,323,0,0,147
14473,2262,500,0,209,137,214,0,0,99
14474,14221,900,1019,0,2199,1423,500,0,509
14475,5079,500,959,0,894,517,0,0,230
14476,3232,500,682,516,0,283,500,0,122
14477,1743,500,172,206,0,152,0,0,88
14478,1268,500,256,136,53,122,0,0,76
14479,4695,500,232,0,664,487,500,0,171
14480,4201,500,262,0,566,425,500,0,149
14481,1465,500,114,136,141,143,500,0,71
14482,4707,500,555,0,333,442,0,0,180
14483,2655,500,427,264,341,260,0,0,142
14484,3476,500,385,317,409,340,0,0,156
14485,3316,500,294,576,0,290,0,0,129
14486,1628,500,257,180,167,158,0,0,95
14487,3215,500,299,441,124,295,0,0,124
14488,1911,500,103,394,0,167,0,0,94
14489,4882,500,504,0,780,500,0,0,183
14490,4320,500,222,546,222,400,0,0,159
14491,4446,500,1074,603,488,429,0,0,193
14492,9727,900,690,1114,1094,940,0,0,366
14493,2876,500,323,471,0,252,0,0,114
14494,2691,500,154,473,0,236,0,0,122
14495,3224,500,457,675,0,283,0,0,137
14496,3123,500,349,529,0,274,500,0,123
14497,2063,500,132,270,104,191,0,0,98
14498,15290,900,0,0,3089,1588,0,0,556
14499,5582,500,823,1134,0,489,500,0,182
14500,3631,500,549,478,407,369,0,0,150
14501,4061,500,411,0,212,377,500,0,141
14502,4848,500,522,0,883,506,0,0,204
14503,10991,900,1290,0,1298,1100,0,0,416
14504,2039,500,373,0,346,210,0,0,109
14505,2724,500,224,0,224,265,0,0,109
14506,2585,500,270,416,144,239,0,0,124
14507,5641,500,322,0,977,584,0,0,220
14508,1593,500,285,120,206,161,0,0,90
14509,1932,500,142,0,248,190,0,0,109
14510,3810,500,469,453,314,364,500,0,133
14511,2574,500,453,354,79,233,500,0,91
14512,1951,500,108,393,0,171,0,0,102
14513,2716,500,115,240,277,266,0,0,120
14514,6162,500,1046,0,658,600,0,0,219
14515,1841,500,209,0,236,191,500,0,76
14516,1515,500,0,96,68,145,0,0,75
14517,4304,500,824,888,0,376,0,0,170
14518,12552,900,857,1410,1166,1196,0,0,472
14519,1053,500,0,0,114,104,0,0,77
14520,2989,500,325,520,127,272,0,0,136
14521,3578,500,510,0,737,381,0,0,171
14522,2019,500,163,316,0,177,0,0,93
14523,3772,500,238,0,0,330,0,0,159
14524,3807,500,630,0,657,397,500,0,161
14525,3054,500,392,591,0,268,0,0,118
14526,5402,500,1130,643,538,520,0,0,208
14527,16619,900,1854,2954,829,1522,0,0,569
14528,6946,500,678,374,767,676,0,0,254
14529,4098,500,500,492,523,401,0,0,177
14530,2563,500,106,156,243,253,0,0,109
14531,2381,500,231,0,413,248,0,0,115
14532,2037,500,124,0,271,202,0,0,113
14533,1841,500,185,294,469,204,0,0,111
14534,4651,500,892,0,666,468,0,0,189
14535,4014,500,303,0,752,412,0,0,197
14536,6161,500,1030,931,475,581,0,0,213
14537,2125,500,261,454,0,186,0,0,110
14538,2013,500,304,315,0,176,0,0,90
14539,3555,500,337,0,578,371,0,0,150
14540,3207,500,400,704,0,281,0,0,149
14541,1258,500,55,0,175,131,500,0,66
14542,3769,500,285,637,208,348,0,0,163
14543,2831,500,249,488,0,248,0,0,114
14544,4076,500,837,0,722,421,0,0,176
14545,9404,500,556,815,1145,920,0,0,342
14546,2880,500,413,284,328,285,0,0,125
14547,3136,500,0,451,199,292,0,0,135
14548,1514,500,126,0,137,148,0,0,85
14549,2874,500,228,0,280,282,0,0,120
14550,3528,500,366,552,330,339,0,0,148
14551,3857,500,431,671,0,338,0,0,142
14552,3474,500,332,0,772,385,0,0,158
14553,2089,500,277,296,109,194,0,0,101
14554,2412,500,153,366,0,218,0,0,102
14555,5055,500,499,608,424,483,500,0,171
14556,1622,500,171,206,0,142,0,0,91
14557,1381,500,102,197,0,121,0,0,77
14558,2711,500,366,458,0,237,0,0,108
14559,2133,500,386,270,291,218,0,0,104
14560,5620,500,643,939,372,524,0,0,212
14561,2550,500,136,478,0,223,500,0,101
14562,6579,500,766,1115,0,576,0,0,229
14563,926,500,111,0,167,95,0,0,80
14564,1753,500,261,0,271,180,0,0,104
14565,3278,500,294,576,0,287,0,0,126
14566,1156,500,70,0,159,114,0,0,87
14567,6371,500,778,0,1315,662,0,0,274
14568,2729,500,286,0,478,284,0,0,129
14569,3614,500,483,737,0,316,0,0,148
14570,2079,500,125,112,378,214,500,0,103
14571,5431,500,1121,1146,0,475,0,0,191
14572,4075,500,557,633,172,373,0,0,157
14573,2546,500,221,313,0,223,0,0,111
14574,3879,500,911,0,764,406,0,115,179
14575,3841,500,517,588,170,352,0,0,147
14576,7153,500,1570,1497,0,626,0,0,237
14577,1683,500,164,360,0,147,500,0,74
14578,2585,500,117,339,141,241,0,0,114
14579,1551,500,60,0,116,150,0,0,83
14580,55838,5495,0,0,0,0,0,0,0
14581,3088,500,331,441,304,297,0,0,157
14582,4033,500,0,709,0,353,0,0,155
14583,2252,0,98,0,283,230,0,0,93
14584,3861,500,0,309,516,383,0,0,172
14585,17162,900,2056,0,2321,1694,0,0,625
14586,1840,500,94,314,0,161,500,0,74
14587,3628,0,410,396,378,362,0,0,150
14588,7973,500,1699,0,1006,778,0,0,311
14589,1816,500,223,0,331,187,1114,0,85
14590,2630,500,470,480,0,230,0,0,110
14591,4602,500,924,750,414,443,0,0,173
14592,1840,500,336,211,109,173,0,0,89
14593,2294,500,0,0,0,200,0,0,98
14594,2569,500,127,0,278,254,0,0,116
14595,3396,500,332,320,287,326,0,0,134
14596,2019,500,0,206,135,191,0,0,99
14597,3339,500,459,349,336,325,0,1584,112
14598,7255,500,1290,918,808,700,0,0,302
14599,2374,500,352,0,311,247,0,0,108
14600,2580,500,127,180,221,248,0,0,114
14601,2705,500,329,253,314,263,0,0,131
14602,8339,500,579,0,1403,848,0,0,312
14603,3080,500,299,383,224,293,0,0,126
14604,3742,500,510,655,233,357,0,0,162
14605,7111,500,736,812,772,688,0,0,260
14606,2801,500,316,462,0,246,0,0,123
14607,2133,500,169,147,176,205,0,0,98
14608,2005,500,131,0,351,209,0,0,113
14609,4413,500,317,0,667,443,0,0,196
14610,3516,500,647,662,208,325,0,0,154
14611,2562,500,269,365,160,238,0,0,119
14612,3694,500,516,533,221,343,0,0,160
14613,3511,500,549,741,0,316,0,0,149
14614,18103,900,2159,3300,1944,1740,500,0,637
14615,2089,500,215,269,0,182,0,0,87
14616,2947,500,455,0,513,299,0,0,156
14617,2116,500,318,0,320,217,0,0,122
14618,6709,500,1528,670,965,670,0,0,261
14619,2466,500,379,234,227,240,0,0,111
14620,2905,500,408,420,0,255,0,0,123
14621,3472,500,578,323,388,338,0,0,157
14622,1779,0,97,96,227,186,0,0,71
14623,2406,500,378,234,226,234,0,0,112
14624,2096,500,366,342,0,184,0,0,98
14625,2033,500,95,316,0,178,0,0,98
14626,3931,500,534,417,391,381,0,0,171
14627,3723,500,512,307,493,367,0,0,167
14628,3613,500,415,0,594,376,0,0,168
14629,4690,500,510,0,685,487,500,0,184
14630,4149,500,526,0,450,407,500,0,149
14631,3359,500,356,0,491,338,0,0,153
14632,4291,500,502,0,538,422,500,0,165
14633,4233,500,667,0,658,429,0,0,179
14634,3753,500,359,286,383,368,0,0,149
14635,7542,500,1166,1270,442,700,0,0,270
14636,1614,500,152,197,135,155,0,0,90
14637,2712,500,114,427,0,238,0,0,113
14638,1321,500,291,101,170,138,0,0,84
14639,2873,500,223,429,219,270,0,0,144
14640,2779,500,336,0,550,289,0,0,142
14641,1657,500,273,245,198,167,500,0,85
14642,2428,0,478,250,214,235,0,0,96
14643,1391,500,91,205,0,122,0,0,78
14644,4558,500,694,857,0,399,0,0,163
14645,2281,500,187,336,0,200,0,0,111
14646,2972,500,228,0,293,293,0,0,118
14647,3478,500,255,593,0,304,0,0,148
14648,4629,500,670,427,392,443,0,0,168
14649,2798,500,207,0,577,293,0,0,145
14650,2810,500,0,0,448,294,0,0,142
14651,3308,500,351,635,0,290,0,0,139
14652,12680,900,0,0,2313,1300,0,0,458
14653,4313,500,495,570,352,411,0,0,162
14654,1565,500,404,0,283,160,0,0,101
14655,3956,500,664,0,767,411,0,0,183
14656,2350,500,189,261,220,224,0,0,120
14657,1483,500,60,0,115,144,0,0,83
14658,2006,500,168,0,290,210,0,0,100
14659,4722,500,289,0,847,484,0,0,207
14660,3998,500,458,539,560,399,0,0,173
14661,1807,500,219,177,220,176,0,0,108
14662,1180,500,109,0,172,117,0,0,83
14663,1376,500,294,205,57,127,0,0,86
14664,3952,500,394,536,345,378,0,0,157
14665,19145,900,1102,0,2994,1916,500,0,668
14666,5783,500,811,0,687,561,0,0,231
14667,9560,500,1593,0,1080,931,0,0,350
14668,2964,500,164,0,401,304,0,0,123
14669,1496,500,331,280,121,141,0,0,91
14670,1693,500,103,0,396,182,0,0,105
14671,7895,500,871,713,857,765,0,0,291
14672,2622,500,316,0,444,266,0,0,134
14673,969,0,83,178,0,85,0,0,56
14674,3046,500,339,238,412,307,0,0,140
14675,2401,500,403,0,165,225,0,0,125
14676,7868,500,458,887,802,754,0,0,288
14677,2698,500,227,378,0,237,0,0,111
14678,5395,500,572,790,957,554,0,0,218
14679,4182,500,616,0,502,416,500,0,149
14680,8235,500,558,0,1122,815,500,3140,215
14681,2390,500,133,252,277,234,0,0,119
14682,5141,500,480,0,672,513,0,0,198
14683,1907,500,74,0,169,187,0,0,99
14684,3163,500,330,320,336,308,0,0,137
14685,4776,500,249,615,489,476,0,0,179
14686,1060,500,54,149,60,98,0,0,77
14687,6555,500,341,1207,0,573,0,0,224
14688,1814,500,80,0,224,183,0,0,95
14689,3675,500,255,0,487,364,500,0,154
14690,6191,500,814,1228,0,542,0,0,212
14691,2869,500,370,434,161,267,0,0,123
14692,3680,500,385,0,498,368,500,0,138
14693,5596,500,516,0,774,563,0,0,211
14694,3075,500,238,468,150,283,500,784,114
14695,2019,500,469,252,216,195,0,0,115
14696,3007,500,230,0,344,310,0,0,123
14697,1984,500,331,391,0,174,0,0,98
14698,3748,500,654,713,213,345,0,0,168
14699,4882,500,980,0,556,478,0,0,192
14700,2478,500,225,190,287,245,0,0,115
14701,2157,500,97,0,281,220,0,0,104
14702,2536,500,127,296,212,242,0,3617,40
14703,2525,500,225,367,350,255,0,0,117
14704,8595,500,1063,847,1209,849,0,0,338
14705,5893,500,665,1103,0,516,0,0,192
14706,2622,500,105,348,0,230,0,0,99
14707,5148,500,338,0,797,525,0,0,201
14708,5547,500,822,587,527,550,500,0,182
14709,2824,500,318,462,0,247,0,0,113
14710,5295,500,475,933,0,463,0,0,178
14711,3848,500,394,0,425,376,0,0,154
14712,7447,500,543,0,1191,768,500,0,279
14713,1310,500,92,0,116,129,0,0,82
14714,2378,500,155,0,291,240,0,0,108
14715,10297,900,1058,2099,0,900,0,0,337
14716,1226,500,122,187,89,115,0,0,86
14717,5205,500,510,560,488,499,0,0,203
14718,4426,500,469,228,634,446,0,0,181
14719,3269,500,518,182,532,335,0,0,149
14720,3856,500,675,0,561,383,500,0,162
14721,3020,500,208,0,474,307,0,0,143
14722,2578,500,223,364,123,238,0,0,115
14723,15511,900,1771,2344,1536,1484,0,0,547
14724,7253,500,920,1066,496,677,0,0,260
14725,3650,500,358,0,331,352,0,0,144
14726,7022,500,812,1111,471,653,500,0,255
14727,2281,500,325,0,727,268,0,2179,83
14728,4085,500,503,0,761,433,500,0,182
14729,5354,500,1081,656,714,529,0,0,209
14730,3969,500,252,0,559,407,0,0,174
14731,2525,500,338,350,198,242,0,0,113
14732,7658,500,1114,0,1347,780,0,0,303
14733,2428,500,108,0,286,244,0,0,111
14734,3551,500,607,0,547,359,0,0,165
14735,3844,500,346,378,324,368,0,0,149
14736,5059,500,888,0,876,517,0,0,216
14737,1866,500,115,285,0,163,0,0,89
14738,1627,500,187,280,193,159,0,0,98
14739,3044,500,159,366,0,266,0,0,115
14740,2872,500,160,0,279,282,0,0,124
14741,2309,500,340,176,238,227,0,0,113
14742,1105,500,90,171,111,106,0,0,80
14743,41162,900,4470,7433,0,3601,0,0,1283
14744,5664,500,570,1128,0,496,500,0,183
14745,6043,500,679,0,719,595,0,0,226
14746,3876,500,557,425,372,374,0,605,165
14747,6329,500,424,1100,321,580,0,0,237
14748,4956,500,576,0,662,493,0,0,198
14749,50313,0,0,0,0,0,0,0,0
14750,4414,500,599,0,738,452,0,0,186
14751,2856,500,297,294,290,277,500,425,107
14752,3507,500,374,0,388,344,0,0,152
14753,1055,500,193,203,0,92,0,0,78
14754,1889,500,168,0,288,193,0,0,107
14755,1746,500,573,0,246,180,0,0,100
14756,2449,500,223,174,314,248,0,0,113
14757,3189,500,338,492,0,279,0,0,116
14758,2748,500,317,269,172,261,500,0,93
14759,3902,500,1120,0,571,395,0,0,180
14760,2111,500,443,362,113,195,0,0,104
14761,3855,500,402,577,0,337,0,0,157
14762,1397,500,55,209,0,122,0,0,79
14763,3112,500,332,0,396,308,0,0,138
14764,882,500,83,182,0,77,0,0,73
14765,2365,500,377,234,237,231,0,0,108
14766,4306,0,313,849,0,377,0,0,148
14767,9545,900,2042,983,1184,933,0,0,392
14768,3568,500,380,569,160,327,0,0,146
14769,3433,500,445,629,0,301,0,0,140
14770,5528,500,350,620,589,533,500,0,216
14771,7272,500,402,780,656,692,0,0,258
14772,1684,500,306,0,349,176,0,0,112
14773,3115,500,365,638,0,273,0,0,133
14774,1188,500,55,0,112,115,500,0,68
14775,6188,500,682,649,700,600,0,0,238
14776,4009,500,444,538,0,351,500,0,126
14777,4890,500,509,0,598,492,0,0,210
14778,4947,500,971,801,399,472,0,0,181
14779,4151,500,293,0,577,413,0,0,174
14780,4600,500,489,728,0,403,500,0,275
14781,2073,500,157,0,175,210,0,0,123
14782,2026,500,105,0,223,198,0,0,106
14783,1628,500,149,246,111,153,0,0,92
14784,2129,500,258,289,154,200,0,0,106
14785,1458,500,202,0,171,146,0,0,89
14786,2908,500,337,413,118,274,0,0,119
14787,4492,500,424,651,271,420,0,0,164
14788,4251,500,767,546,491,424,0,0,194
14789,4752,500,0,561,466,457,0,0,176
14790,1764,500,253,221,152,170,0,0,94
14791,2302,500,280,224,420,235,0,1325,100
14792,7373,500,772,1459,0,645,0,0,265
14793,2667,500,383,187,241,261,500,0,96
14794,2379,500,405,228,327,236,0,0,126
14795,3357,500,540,628,120,312,500,0,138
14796,2490,500,100,0,352,262,0,0,114
14797,2760,500,158,365,0,249,0,0,110
14798,4264,500,314,863,0,373,0,0,175
14799,2255,500,98,0,225,230,500,0,87
14800,4121,500,555,0,512,411,0,0,164
14801,6362,500,635,1257,0,557,0,0,221
14802,2192,500,266,181,173,213,0,0,98
14803,5612,500,1055,0,649,552,500,0,193
14804,6754,500,1583,680,1054,681,0,0,274
14805,3345,500,352,530,183,310,0,0,141
14806,10756,900,1230,1246,1113,1034,0,0,399
14807,5108,500,625,491,622,498,0,0,221
14808,2876,500,356,351,379,283,0,0,143
14809,4779,500,556,0,0,418,0,0,176
14810,11486,900,0,2192,0,1003,0,0,366
14811,6843,500,849,668,963,676,500,0,281
14812,2052,500,185,101,293,208,0,0,115
14813,3741,500,252,0,0,327,0,0,157
14814,2557,500,220,0,329,250,0,0,133
14815,2737,500,225,244,227,264,0,0,111
14816,1725,500,200,123,143,175,0,0,88
14817,2272,500,445,472,0,198,0,0,105
14818,3702,500,856,0,607,387,0,0,158
14819,3252,500,535,310,226,309,0,0,131
14820,3694,500,404,521,0,323,0,0,304
14821,2657,500,320,470,0,233,500,0,99
14822,6545,500,1377,0,865,652,0,0,237
14823,2051,500,178,131,179,201,0,0,101
14824,1457,500,235,328,0,131,0,0,92
14825,27231,900,3326,2679,3419,2656,0,0,971
14826,6100,500,347,0,871,610,0,0,230
14827,3757,500,483,0,447,374,0,0,154
14828,4921,500,779,0,829,499,0,0,207
14829,2392,500,292,294,318,234,0,0,127
14830,9177,500,630,816,1104,895,0,0,339
14831,1721,500,258,180,162,166,0,0,100
14832,3084,500,199,231,315,301,0,0,129
14833,3624,500,785,0,398,355,0,673,126
14834,2250,500,319,286,152,213,0,0,108
14835,2831,500,179,511,0,248,0,0,119
14836,1718,500,118,170,60,159,0,0,81
14837,10901,900,0,2098,0,954,0,0,354
14838,2213,500,203,156,187,214,0,0,101
14839,9607,500,625,820,1259,951,0,0,334
14840,1987,500,470,0,321,201,0,0,110
14841,4562,500,492,545,611,449,0,0,193
14842,4433,500,246,0,674,455,0,0,179
14843,6512,500,675,1040,463,612,0,0,233
14844,4141,500,670,0,576,416,0,0,171
14845,1083,500,192,98,185,112,0,0,82
14846,1915,500,167,0,289,200,0,0,98
14847,4232,500,902,845,0,370,0,0,158
14848,2798,500,165,0,292,278,0,0,117
14849,29808,900,3824,0,5645,3061,0,0,1108
14850,2260,500,188,338,170,212,0,0,117
14851,1199,500,71,0,160,118,0,0,88
14852,4838,500,708,0,731,494,0,0,188
14853,4219,500,548,744,0,369,0,0,145
14854,5969,500,355,627,548,570,0,0,218
14855,2660,500,394,0,436,280,559,0,123
14856,1593,500,76,111,211,161,0,0,91
14857,1608,500,308,208,91,151,0,0,89
14858,3958,500,497,380,350,383,0,0,150
14859,1607,500,159,0,0,141,0,0,90
14860,5263,500,344,0,801,535,0,0,206
14861,4421,500,558,0,714,462,6655,0,47
14862,5006,500,547,434,589,491,0,0,198
14863,1737,500,147,225,85,161,0,0,89
14864,6487,500,553,0,907,644,0,0,249
14865,3525,500,224,576,0,308,223,0,124
14866,2344,500,231,217,226,228,0,0,114
14867,1808,500,189,280,207,178,0,0,101
14868,1197,500,0,0,216,122,0,0,86
14869,4100,500,1663,0,610,411,0,0,181
14870,3155,500,455,289,256,305,0,0,123
14871,1267,500,110,134,224,131,500,0,77
14872,7135,500,714,1416,0,624,0,0,242
14873,3703,500,484,784,0,324,0,0,155
14874,4059,500,416,0,610,415,0,0,159
14875,2513,500,224,0,336,252,500,0,106
14876,2344,500,235,0,305,243,0,0,102
14877,13224,900,0,0,2472,1361,0,0,478
14878,1638,500,61,0,170,166,0,0,86
14879,2432,500,171,0,353,257,0,0,102
14880,1426,500,169,206,0,124,0,0,87
14881,3525,500,233,527,261,333,0,0,140
14882,3643,500,214,491,224,342,0,0,143
14883,2533,500,258,0,287,250,0,0,118
14884,1760,500,260,0,225,176,0,0,102
14885,2692,500,555,530,0,242,0,0,122
14886,6724,500,703,1401,0,589,0,0,239
14887,3215,500,302,596,0,281,0,0,130
14888,2355,500,236,258,198,227,0,0,105
14889,1651,500,140,247,0,149,0,0,94
14890,3394,500,220,571,0,297,0,0,137
14891,2725,500,189,0,487,279,0,0,147
14892,1114,500,0,0,115,110,0,0,78
14893,1401,500,337,326,0,122,0,0,85
14894,1415,500,162,0,278,148,500,0,80
14895,3524,500,613,429,421,353,0,0,159
14896,2475,500,145,307,116,230,0,0,104
14897,2380,500,98,0,173,228,0,0,101
14898,1681,500,129,0,119,168,0,0,81
14899,4866,500,810,469,630,479,900,0,166
14900,17956,900,1988,3188,749,1632,0,0,606
14901,69189,7144,0,0,0,0,0,0,0
14902,4500,500,453,714,389,429,0,0,171
14903,3158,500,588,0,502,327,0,0,138
14904,1893,500,130,152,235,188,0,0,103
14905,2739,500,384,232,358,273,0,0,130
14906,2165,500,226,0,322,222,414,0,112
14907,3418,500,319,379,248,325,500,0,119
14908,2252,500,254,0,181,220,0,0,96
14909,3393,500,512,642,0,297,500,0,114
14910,2961,500,188,205,319,293,0,0,122
14911,2381,500,223,329,62,215,0,0,101
14912,7230,500,452,1151,489,676,0,0,252
14913,5626,500,648,0,793,562,0,0,225
14914,4535,500,0,793,0,397,0,0,40
14915,1637,500,272,251,0,144,500,0,66
14916,1895,500,58,181,65,175,0,0,89
14917,5963,500,1349,1356,0,522,0,0,210
14918,6939,500,798,0,1181,707,0,0,268
14919,9089,500,1576,0,1193,895,0,0,338
14920,2549,500,270,281,215,242,500,0,112
14921,9082,500,1093,0,0,815,0,0,597
14922,1439,500,327,164,106,136,1113,0,61
14923,2422,500,224,0,325,242,0,0,119
14924,8740,500,442,1673,0,764,0,0,279
14925,2312,500,359,270,116,217,0,0,96
14926,2894,500,275,277,225,276,0,0,126
14927,1238,500,265,86,98,120,0,0,75
14928,6906,500,341,1292,0,605,0,0,278
14929,4611,500,325,495,465,445,0,0,181
14930,3246,500,584,525,145,298,0,0,133
14931,1951,500,183,288,140,184,0,0,98
14932,4736,500,700,0,328,446,0,0,182
14933,3288,500,405,0,435,324,500,0,138
14934,6778,500,724,939,0,593,0,0,226
14935,2038,500,221,177,222,199,0,0,106
14936,744,500,222,138,55,70,0,0,72
14937,3936,500,438,566,0,344,0,0,150
14938,3229,500,563,266,361,318,0,0,139
14939,4625,500,453,499,443,444,0,0,190
14940,5297,500,288,942,0,464,0,0,183
14941,2140,500,169,0,227,216,0,0,98
14942,5093,500,521,0,1098,545,500,0,197
14943,4097,500,571,0,616,416,0,0,170
14944,1485,500,0,69,84,143,0,0,78
14945,2065,500,146,0,183,206,0,0,92
14946,1241,500,64,138,84,117,0,0,80
14947,2144,500,154,319,190,206,0,0,110
14948,1688,500,89,189,0,147,0,0,80
14949,3699,500,506,500,347,357,500,0,146
14950,1525,500,165,0,282,156,0,0,100
14951,10600,900,629,0,1340,1065,554,0,388
14952,4404,500,229,320,612,440,0,0,184
14953,3169,500,437,460,218,300,0,0,132
14954,1841,500,301,445,0,161,0,0,97
14955,2010,500,163,0,229,205,0,0,95
14956,2659,500,344,329,126,249,500,0,86
14957,8126,500,476,1130,540,758,0,0,286
14958,2456,500,582,261,275,237,0,0,134
14959,4014,500,0,0,638,402,500,5555,40
14960,5805,500,662,1034,433,543,0,0,228
14961,4291,500,627,428,447,433,500,0,153
14962,2813,500,323,495,269,268,0,0,140
14963,1432,500,128,242,107,134,0,0,90
14964,1434,500,126,184,131,140,0,0,83
14965,1250,500,0,130,0,110,500,0,57
14966,1087,500,0,0,220,119,0,0,80
14967,1168,500,252,156,53,109,0,0,74
14968,2170,500,251,365,0,190,0,0,110
14969,2827,500,527,439,171,265,0,0,122
14970,3504,500,505,281,417,348,0,0,144
14971,6787,500,450,1342,0,594,0,0,232
14972,2016,500,69,115,175,198,0,0,92
14973,4379,500,682,0,445,424,0,0,176
14974,1615,500,95,128,90,154,0,0,79
14975,1877,500,152,198,0,164,0,0,89
14976,3285,500,355,0,428,325,0,0,152
14977,7356,500,1275,1681,0,644,0,0,256
14978,2501,500,240,474,0,219,0,1972,74
14979,5038,500,827,0,876,511,0,0,207
14980,2569,500,189,466,0,225,0,0,114
14981,1494,500,252,322,0,130,500,0,74
14982,5713,500,714,0,638,560,0,0,213
14983,4384,500,697,487,445,424,0,0,180
14984,2154,500,178,215,139,205,0,0,95
14985,3633,500,441,429,408,352,0,0,169
14986,6465,500,676,1121,577,614,0,0,249
14987,1903,500,159,223,58,173,0,0,90
14988,2512,500,194,418,255,242,0,0,126
14989,3049,500,275,423,172,284,0,0,124
14990,2362,500,140,0,321,234,0,0,121
14991,3063,500,485,0,0,268,0,0,137
14992,6230,500,657,1048,0,545,500,0,206
14993,1779,500,95,180,0,157,0,0,78
14994,2794,500,550,437,268,272,0,0,120
14995,3235,500,199,0,307,315,0,0,133
14996,1236,500,108,170,0,108,0,0,85
14997,5040,500,475,677,0,441,0,0,177
14998,6562,500,1138,0,899,649,0,0,262
14999,3755,500,288,0,653,383,0,0,175
15000,3188,500,539,0,347,325,0,1675,96
15001,1600,500,231,266,113,150,0,0,93
15002,1899,500,343,0,292,201,0,0,97
15003,2910,500,274,412,112,266,0,0,119
15004,1601,500,155,265,0,140,0,0,85
15005,5589,500,359,992,0,503,0,0,193
15006,2163,500,176,208,0,189,0,0,91
15007,3053,500,137,0,291,299,0,0,121
15008,1799,500,363,421,0,158,0,0,101
15009,2905,500,361,198,270,285,0,0,117
15010,2396,500,272,0,391,249,0,0,129
15011,2681,500,424,0,549,280,0,0,138
15012,2008,500,75,112,176,199,0,0,93
15013,2038,500,186,367,0,179,0,0,98
15014,1961,500,211,169,211,190,0,0,104
15015,2507,500,566,250,170,238,0,0,104
15016,7546,500,444,1303,536,703,0,0,287
15017,14748,900,1778,0,0,1326,0,0,495
15018,6244,500,827,0,993,635,0,0,243
15019,4297,500,764,704,384,407,0,0,172
15020,1052,0,223,183,107,102,0,0,66
15021,5035,500,339,425,639,497,0,0,197
15022,3788,500,336,439,473,379,0,0,161
15023,9921,900,1145,0,1501,999,0,0,377
15024,2478,500,145,284,0,216,0,0,113
15025,1605,500,116,199,0,141,500,0,65
15026,10728,900,550,2085,0,939,500,0,336
15027,8250,500,1135,0,1203,822,0,0,307
15028,1980,500,251,0,243,201,0,0,110
15029,3693,500,365,455,344,358,0,0,145
15030,2879,500,223,0,484,292,0,0,145
15031,4035,500,409,704,0,353,0,0,145
15032,1743,500,260,0,225,174,0,0,102
15033,6654,500,1135,0,1376,692,0,0,284
15034,1178,500,96,0,177,125,0,0,82
15035,4768,500,520,0,962,518,0,0,213
15036,4395,500,529,586,0,385,0,0,155
15037,2330,500,251,224,269,225,0,0,124
15038,8041,500,841,0,1250,808,0,2401,257
15039,2978,500,287,280,271,296,0,0,124
15040,7620,500,792,1049,705,727,0,0,273
15041,4126,500,261,741,0,372,500,0,138
15042,3418,500,691,0,440,341,0,0,146
15043,1452,500,110,0,225,148,0,0,91
15044,7465,500,862,0,1495,783,0,0,287
15045,4952,500,568,0,654,489,0,0,204
15046,14952,900,1813,0,2391,1551,0,0,559
15047,4665,500,552,799,286,433,0,0,181
15048,2701,500,218,0,502,277,0,0,142
15049,30880,3050,2728,0,0,2779,0,0,0
15050,1118,500,71,88,85,111,0,0,73
15051,5902,500,675,522,812,589,500,0,207
15052,4382,500,616,609,0,384,0,0,164
15053,4075,500,447,710,214,374,0,0,170
15054,3575,500,599,539,0,313,0,0,141
15055,978,500,185,157,77,92,500,0,64
15056,3982,500,501,0,0,348,0,0,144
15057,9137,500,1081,0,1517,930,0,1748,303
15058,5535,500,411,1160,0,498,0,0,206
15059,4833,500,1124,0,860,491,0,0,216
15060,3763,500,659,0,714,392,0,0,176
15061,6728,500,384,0,1046,685,0,0,270
15062,2781,500,190,468,0,244,0,0,118
15063,6991,500,449,582,800,684,0,0,250
15064,1600,500,165,0,283,164,0,0,101
15065,6766,500,508,0,1296,695,0,0,277
15066,2865,500,300,0,632,309,0,0,137
15067,2718,500,228,0,393,279,0,0,121
15068,1929,500,96,125,317,201,0,0,103
15069,6876,500,1102,1221,335,630,549,0,244
15070,1603,500,64,0,174,162,0,0,87
15071,1502,500,272,86,101,145,0,0,83
15072,1162,500,94,162,62,108,0,0,80
15073,2393,500,190,0,394,244,0,0,123
15074,931,500,230,180,83,88,0,0,77
15075,2602,500,519,555,0,227,0,0,135
15076,2295,500,225,0,295,230,0,306,106
15077,2976,500,229,197,281,292,0,0,120
15078,3508,500,195,0,565,366,0,0,146
15079,3459,500,559,504,0,303,0,0,136
15080,2979,500,137,384,388,301,0,0,124
15081,2569,500,181,352,0,225,0,0,104
15082,2153,500,150,417,0,189,0,0,105
15083,2969,500,171,213,294,290,0,0,132
15084,3926,500,397,0,621,400,0,0,164
15085,3440,500,417,0,481,340,0,0,162
15086,2649,500,153,421,0,232,0,0,112
15087,8984,500,2017,1092,1032,878,0,0,320
15088,5938,500,676,1077,322,545,0,0,232
15089,4421,500,424,0,657,447,0,0,193
15090,4110,500,499,490,451,397,0,0,164
15091,1742,500,331,267,281,175,0,0,106
15092,4636,500,406,794,0,405,0,0,156
15093,4124,500,411,607,285,389,0,0,153
15094,4069,500,635,0,752,432,6387,0,0
15095,2700,500,194,512,0,236,500,0,103
15096,1619,500,416,0,239,162,500,0,83
15097,2787,500,275,278,331,276,0,0,127
15098,2444,500,315,0,515,255,0,0,134
15099,5275,500,359,830,0,462,0,0,183
15100,1506,500,0,0,192,151,0,0,89
15101,3313,500,331,182,517,335,500,0,142
15102,15272,900,926,3023,0,1337,0,0,479
15103,4691,500,600,388,509,459,500,0,170
15104,4923,500,557,904,0,430,0,0,174
15105,7065,500,966,861,703,676,0,0,277
15106,2057,500,171,288,278,205,0,0,114
15107,6008,500,371,882,0,526,0,0,202
15108,6809,500,1569,0,435,633,0,0,242
15109,4212,500,404,577,271,394,0,0,168
15110,6877,500,1132,675,843,671,0,0,259
15111,2221,500,146,155,274,223,0,0,104
15112,6493,500,420,522,663,629,0,0,227
15113,2023,500,555,0,222,197,0,0,111
15114,4906,500,528,1052,0,429,0,0,201
15115,3400,500,611,0,491,338,0,0,159
15116,4038,500,823,846,0,354,0,0,163
15117,1623,500,81,0,125,165,0,0,81
15118,1809,500,152,0,433,206,3100,0,41
15119,2059,500,90,313,0,180,0,0,93
15120,1876,500,225,0,221,183,0,0,106
15121,2668,500,506,405,214,256,0,0,118
15122,2933,500,298,148,348,290,500,0,118
15123,2490,500,267,502,0,218,0,0,122
15124,3118,500,215,583,0,281,0,0,134
15125,7474,500,857,0,1055,746,0,0,282
15126,1551,500,115,200,0,136,500,0,62
15127,1232,500,266,212,108,118,0,0,83
15128,2877,500,229,0,332,288,0,0,121
15129,2671,500,142,0,325,264,0,0,124
15130,2072,500,221,244,215,205,0,0,117
15131,1679,500,142,0,277,170,553,0,93
15132,5366,500,535,810,438,511,0,0,194
15133,2621,500,234,219,229,255,0,0,116
15134,2155,500,316,343,159,201,0,0,115
15135,3110,500,188,422,146,287,0,0,123
15136,2650,500,148,0,282,257,500,0,120
15137,9447,900,617,0,1932,980,0,0,386
15138,3899,500,219,0,561,409,0,0,163
15139,5061,500,337,839,241,464,0,0,204
15140,2888,500,190,0,496,295,0,0,140
15141,2792,500,590,0,278,270,0,0,129
15142,2957,500,545,663,0,259,0,0,132
15143,3921,500,833,0,713,405,0,0,176
15144,3980,500,128,581,312,374,500,0,154
15145,1507,500,0,107,53,141,0,0,77
15146,2227,500,230,382,157,208,0,0,118
15147,2043,500,209,377,0,179,0,0,99
15148,4477,500,592,863,0,403,0,0,173
15149,4757,500,334,0,713,492,0,0,202
15150,1866,500,67,252,0,163,0,0,93
15151,3087,500,195,0,342,307,0,0,133
15152,3427,500,771,648,281,324,500,0,141
15153,1569,500,257,181,211,156,0,0,100
15154,3616,500,465,0,565,372,0,922,155
15155,3829,500,390,0,629,394,0,0,163
15156,10699,900,756,1102,1248,1038,0,0,397
15157,3864,500,751,741,0,338,0,0,142
15158,1780,500,429,0,344,184,0,0,113
15159,4108,500,252,0,610,414,0,0,184
15160,1682,500,100,89,143,168,0,0,87
15161,3599,500,517,710,0,315,0,0,146
15162,1590,500,129,242,108,149,500,0,75
15163,1499,500,0,197,118,141,0,0,88
15164,4479,500,330,508,523,435,0,0,197
15165,6976,500,1085,1087,0,611,0,0,253
15166,2605,500,0,0,391,268,500,0,112
15167,3955,500,333,469,0,346,500,0,124
15168,6019,500,346,0,1177,625,0,0,261
15169,5182,500,844,896,492,497,0,0,208
15170,9091,500,1057,811,1521,929,0,0,325
15171,4776,500,1143,0,846,500,500,0,198
15172,3033,500,127,264,283,295,0,0,126
15173,7745,500,776,0,1485,808,0,0,287
15174,17597,900,1107,0,3256,1806,0,0,642
15175,1608,500,203,136,115,155,0,0,89
15176,1603,500,171,206,0,140,0,0,84
15177,7812,500,552,0,982,762,0,0,299
15178,1662,500,150,229,56,151,0,0,89
15179,9314,500,2001,0,776,880,0,0,333
15180,3425,500,468,0,444,347,0,0,143
15181,2934,500,135,511,0,264,0,0,119
15182,5360,500,515,0,717,550,500,0,194
15183,6591,500,768,752,771,661,0,0,256
15184,890,500,556,229,0,78,0,0,80
15185,5844,500,586,783,573,580,0,0,228
15186,14412,900,1302,2193,0,1261,500,4673,295
15187,1981,500,150,362,0,173,0,0,99
15188,2539,500,0,0,442,259,0,0,134
15189,4488,500,552,536,506,435,0,0,187
15190,4501,500,632,721,222,415,0,0,170
15191,2918,500,220,0,455,295,0,0,139
15192,5226,500,906,754,333,489,0,0,188
15193,3922,500,662,0,665,399,500,0,163
15194,1813,500,305,0,332,185,500,0,97
15195,3629,500,557,0,544,371,500,0,139
15196,8293,500,496,721,1084,819,0,0,310
15197,6525,500,452,751,692,627,0,0,251
15198,2942,500,477,0,420,297,0,0,143
15199,4453,500,300,697,343,420,0,0,181
15200,3717,500,389,0,633,383,0,0,164
15201,5042,500,816,822,0,442,500,0,187
15202,2954,500,719,704,0,259,0,0,133
15203,3435,500,382,307,517,345,500,0,146
15204,3406,500,463,470,181,317,0,0,136
15205,8472,500,986,0,1274,846,500,0,303
15206,1599,500,172,164,139,153,0,0,91
15207,4442,500,949,532,426,426,0,0,185
15208,1490,500,171,129,172,146,0,0,92
15209,3981,500,0,691,0,359,0,0,152
15210,4431,500,546,540,450,424,500,0,170
15211,2555,500,191,0,346,256,0,0,123
15212,4425,500,741,991,0,387,0,0,172
15213,7350,500,579,0,1250,746,0,0,286
15214,3617,500,512,733,0,316,0,0,154
15215,5224,500,1322,0,689,514,500,0,189
15216,2449,500,406,0,277,238,0,0,122
15217,5627,500,348,1107,0,493,0,0,200
15218,3861,500,362,0,580,397,0,0,155
15219,1670,500,301,267,166,162,0,0,93
15220,2155,500,211,364,0,189,0,0,100
15221,3292,500,320,542,0,297,0,0,122
15222,1612,500,153,0,221,160,0,0,100
15223,4788,500,708,0,816,496,0,0,191
15224,1611,500,144,0,281,164,0,0,106
15225,18263,900,2002,3161,1004,1680,0,0,610
15226,4396,500,745,556,770,460,0,0,194
15227,4487,500,407,578,0,392,0,0,167
15228,1538,500,88,187,0,134,0,0,76
15229,10045,900,999,1976,0,878,0,0,320
15230,4778,500,437,0,783,493,0,0,199
15231,3262,500,199,455,169,312,0,0,129
15232,11794,900,2612,0,2225,1215,0,469,483
15233,4493,500,637,0,609,449,0,671,161
15234,2489,500,211,315,174,238,0,0,107
15235,2357,500,153,236,302,234,500,0,100
15236,2082,500,157,151,221,205,0,0,105
15237,14736,900,1657,2619,877,1361,0,0,515
15238,3235,500,462,379,376,315,0,0,149
15239,1714,500,135,148,216,169,0,0,101
15240,2896,500,362,0,447,289,0,0,146
15241,1364,500,77,0,166,133,0,0,94
15242,4876,500,431,610,0,427,0,0,162
15243,1092,500,44,168,0,96,0,0,73
15244,3600,500,850,0,564,362,0,0,160
15245,5300,500,308,742,374,495,0,0,205
15246,4761,500,518,1033,0,417,0,0,188
15247,2279,500,409,291,57,206,0,0,97
15248,3544,500,443,0,441,347,0,0,162
15249,3421,500,378,594,218,317,0,0,150
15250,3721,500,256,567,172,342,0,4990,40
15251,3550,500,368,0,0,320,0,0,140
15252,2195,500,260,0,317,221,500,0,99
15253,13042,900,1654,0,2350,1330,0,0,515
15254,4803,500,263,0,278,447,0,0,177
15255,10893,900,1165,1835,605,1006,0,0,381
15256,4005,500,218,627,0,351,0,0,152
15257,6412,500,342,876,441,600,0,0,227
15258,2633,500,0,370,77,238,0,0,117
15259,3383,500,469,579,0,296,0,0,128
15260,5470,500,692,0,1020,563,0,4608,139
15261,6834,500,865,1068,488,638,0,0,260
15262,3277,500,0,473,0,287,0,0,123
15263,3201,500,304,0,335,314,500,0,117
15264,1551,500,0,275,0,136,500,0,75
15265,2666,500,158,0,295,269,0,0,112
15266,1014,500,288,0,166,103,0,0,83
15267,2218,500,271,235,236,229,0,0,104
15268,1596,500,222,228,122,150,0,0,92
15269,1836,500,167,146,173,177,0,0,98
15270,5656,500,834,0,717,559,0,3212,140
15271,2183,500,306,398,0,191,0,0,100
15272,3067,500,564,0,444,313,4889,0,39
15273,4995,500,567,0,742,507,500,0,198
15274,1932,500,112,0,182,193,0,0,91
15275,5867,500,760,0,1170,606,0,0,255
15276,11987,900,1655,0,1584,1181,0,0,494
15277,2788,500,455,386,255,267,500,0,115
15278,3125,500,0,456,571,326,0,0,147
15279,4202,500,295,702,642,422,6061,0,44
15280,12070,900,607,2297,0,1057,0,0,380
15281,2733,500,425,0,550,285,0,0,138
15282,3237,500,274,509,0,283,0,0,126
15283,8703,500,1887,1160,1015,842,0,658,332
15284,2619,500,159,0,333,262,0,0,124
15285,10451,900,624,1150,1074,1005,500,0,374
15286,4065,500,434,560,0,356,0,1708,114
15287,3869,500,809,0,547,388,0,0,167
15288,1065,500,90,77,131,107,500,0,63
15289,2056,500,144,192,168,197,0,0,107
15290,3112,500,732,0,505,316,0,0,150
15291,18901,900,2439,0,3631,1940,0,0,729
15292,743,500,0,64,77,72,0,0,71
15293,3353,500,556,616,186,309,0,0,153
15294,6263,500,610,0,965,635,0,0,246
15295,3908,500,393,618,183,359,0,0,155
15296,1942,500,168,147,174,187,0,0,99
15297,4597,500,913,1077,0,403,0,0,186
15298,2715,500,422,0,381,269,500,0,121
15299,3541,500,392,332,575,357,0,0,170
15300,3518,500,503,269,554,358,0,0,160
15301,5933,500,703,0,942,599,0,0,241
15302,1866,500,128,337,0,163,0,0,96
15303,5928,500,352,1119,0,519,0,4533,98
15304,2228,500,133,0,355,233,0,0,111
15305,4122,500,511,0,661,414,0,0,182
15306,4105,500,250,452,258,385,0,0,151
15307,2925,500,385,0,0,257,0,0,113
15308,4131,500,208,672,0,362,0,0,153
15309,1172,500,61,152,55,108,0,0,84
15310,2354,500,174,0,205,232,0,0,99
15311,2987,500,301,499,165,275,0,0,134
15312,1959,500,96,0,278,200,500,0,90
15313,1831,500,142,230,161,175,0,0,97
15314,1487,500,110,0,175,152,0,0,92
15315,3430,500,213,322,275,328,0,0,136
15316,3537,500,191,398,0,310,500,0,155
15317,5522,500,872,878,0,483,500,0,197
15318,1884,500,307,0,390,198,0,0,112
15319,5278,500,940,1215,0,462,500,478,157
15320,1720,500,159,227,0,150,0,0,91
15321,4069,500,273,816,0,356,500,0,153
15322,2832,500,325,264,226,271,0,0,117
15323,16526,900,0,2643,963,1522,0,0,528
15324,2573,500,347,112,359,266,0,0,113
15325,1162,500,112,166,57,107,500,0,62
15326,9131,500,991,0,1284,908,0,1324,299
15327,7525,500,873,0,1437,779,0,0,293
15328,8341,500,837,1381,424,767,0,0,277
15329,3956,500,603,0,572,404,0,0,163
15330,2000,500,151,297,106,185,0,0,101
15331,2293,500,188,162,349,238,0,0,110
15332,1713,500,225,266,236,173,0,0,98
15333,2648,500,360,314,0,232,0,0,106
15334,2629,500,575,0,345,269,345,0,102
15335,2227,500,175,0,292,230,500,0,91
15336,2283,500,151,522,0,200,0,0,114
15337,2814,500,170,444,0,247,0,0,111
15338,23394,900,2712,4199,2051,2213,0,0,804
15339,3373,500,330,543,243,317,0,0,145
15340,4932,500,529,700,320,460,0,0,189
15341,3627,500,522,289,383,356,0,0,145
15342,7308,500,416,793,750,703,0,0,254
15343,7189,500,1587,0,918,711,0,0,257
15344,8595,500,1485,0,993,837,500,0,300
15345,4447,500,503,0,500,434,0,0,176
15346,1933,500,152,0,284,195,500,0,90
15347,4511,500,769,0,502,437,0,0,193
15348,6832,500,1585,0,1217,702,0,0,272
15349,1909,500,307,114,379,200,0,0,111
15350,2475,500,146,290,0,223,0,0,101
15351,5113,500,550,0,830,520,0,0,209
15352,2189,500,170,148,177,211,0,0,103
15353,8266,500,863,1358,441,763,0,0,283
15354,3192,500,337,672,0,287,0,0,148
15355,9207,500,1036,0,1182,910,12834,0,40
15356,3339,500,467,0,462,341,0,0,146
15357,1318,500,103,0,172,135,0,0,83
15358,1546,500,126,118,67,147,0,0,78
15359,1231,500,326,0,271,129,0,0,91
15360,3210,500,192,310,433,322,0,0,140
15361,3278,500,282,0,402,328,0,0,135
15362,871,500,52,79,104,85,500,0,60
15363,2484,500,158,293,268,242,0,0,116
15364,2361,500,171,308,0,207,0,0,106
15365,4447,500,465,0,0,389,0,0,165
15366,2594,500,148,399,0,227,0,0,105
15367,8094,500,887,1405,437,745,0,0,290
15368,1143,500,111,0,222,118,0,0,88
15369,1809,500,81,0,341,195,0,0,98
15370,6334,500,366,0,1080,652,0,0,248
15371,2835,500,274,0,325,280,0,0,128
15372,7579,500,443,1559,0,682,0,0,272
15373,1938,500,400,349,0,170,0,0,93
15374,11584,900,1395,1117,1485,1135,0,0,443
15375,2387,500,246,0,290,246,0,0,103
15376,3399,0,516,360,273,323,0,0,129
15377,1486,500,144,0,220,150,500,0,77
15378,1225,500,142,223,88,114,0,0,86
15379,5235,500,815,0,1021,572,0,0,222
15380,12151,900,1490,0,1604,1192,500,0,455
15381,7232,500,356,1493,0,634,0,0,234
15382,4349,500,456,448,390,418,0,0,175
15383,1827,500,287,300,0,160,0,0,90
15384,3383,500,372,0,701,355,0,0,159
15385,1477,500,97,165,63,137,0,0,84
15386,1196,500,234,212,0,105,0,0,75
15387,25694,900,1102,0,3395,2528,0,0,855
15388,4099,500,499,626,441,395,0,0,188
15389,3066,500,0,549,0,269,500,0,116
15390,10026,900,1130,1800,519,920,500,0,356
15391,2397,500,408,0,496,252,0,0,129
15392,4845,500,1039,0,628,476,0,0,216
15393,1492,500,103,198,0,131,0,0,78
15394,3251,500,462,482,270,311,0,0,133
15395,2443,500,191,493,0,214,0,0,122
15396,2432,500,336,349,152,229,0,0,117
15397,4827,500,514,0,594,478,0,0,182
15398,3901,500,386,382,382,379,0,1642,117
15399,15177,900,1646,3284,0,1328,0,0,511
15400,3533,500,733,582,122,322,0,0,136
15401,2562,500,380,234,228,249,0,0,112
15402,2678,500,260,0,341,270,0,0,129
15403,2017,500,185,364,0,177,0,0,98
15404,2481,500,294,364,230,236,0,0,120
15405,1708,500,145,0,221,168,0,0,101
15406,4669,500,328,0,854,484,0,0,199
15407,2791,500,403,0,470,287,0,0,135
15408,5637,500,671,0,948,573,500,0,218
15409,3010,500,416,227,335,298,0,0,125
15410,12442,900,2877,0,1683,1233,0,0,490
15411,3301,500,199,0,573,347,0,0,166
15412,1774,500,167,219,140,170,0,0,94
15413,5832,500,847,0,1012,594,0,0,252
15414,2436,500,192,0,207,238,0,0,102
15415,2356,500,166,319,0,206,0,0,91
15416,3293,500,0,391,265,311,500,0,132
15417,4095,500,267,512,251,383,0,0,163
15418,3174,500,457,572,0,278,500,0,116
15419,1220,500,61,152,56,112,0,0,80
15420,5417,500,982,897,582,521,500,0,208
15421,11105,900,1887,1722,0,971,0,0,385
15422,3258,500,375,434,163,304,0,0,125
15423,1748,500,193,246,172,168,500,0,83
15424,4779,500,1695,0,740,491,0,0,192
15425,6833,500,804,0,878,672,500,0,251
15426,3659,500,365,281,400,361,0,0,264
15427,8157,500,906,1110,722,776,0,0,294
15428,2747,500,412,0,383,277,0,0,127
15429,8495,500,1441,0,0,764,0,0,276
15430,8139,500,2001,0,1183,807,0,0,343
15431,2234,500,241,0,454,232,0,0,129
15432,2908,500,580,530,0,254,500,0,98
15433,2088,500,414,0,399,226,0,0,106
15434,1401,500,146,211,0,123,0,0,87
15435,1533,500,126,129,210,158,0,0,94
15436,3013,500,159,375,0,264,500,0,102
15437,5505,500,599,0,824,567,0,0,228
15438,2410,500,126,224,225,233,0,0,108
15439,6717,500,341,1208,0,587,0,0,233
15440,1137,500,93,139,0,99,0,0,74
15441,1688,500,198,0,294,172,0,0,109
15442,4364,500,484,916,0,382,0,0,168
15443,3621,500,354,636,0,317,500,0,128
15444,2593,500,422,426,0,227,0,0,124
15445,3985,500,454,351,556,398,0,0,181
15446,9584,900,693,0,1738,978,500,0,352
15447,3303,500,778,402,405,325,0,0,158
15448,3201,500,409,322,337,313,0,0,134
15449,4587,500,221,0,621,471,0,0,193
15450,2422,500,224,0,400,250,0,0,115
15451,1649,500,73,179,154,161,0,0,89
15452,4834,500,566,0,685,501,0,0,193
15453,2198,500,125,0,273,217,0,0,116
15454,2640,500,188,306,324,257,0,0,134
15455,2504,500,128,0,252,243,500,0,102
15456,4742,500,520,0,689,475,0,0,191
15457,2607,500,408,0,279,254,0,0,120
15458,2556,500,165,398,0,224,0,0,111
15459,2896,500,199,0,473,306,500,0,124
15460,1725,500,67,0,177,171,500,0,75
15461,3688,500,322,632,0,332,500,0,125
15462,2280,500,327,501,0,200,0,0,113
15463,2762,500,227,0,353,279,500,0,105
15464,2684,500,455,359,116,248,500,0,92
15465,1952,500,216,0,151,190,0,0,92
15466,2961,500,224,265,342,288,500,0,865
15467,2077,500,91,214,292,213,0,0,106
15468,6004,500,765,1262,0,525,0,0,212
15469,6193,500,414,1160,0,542,500,0,198
15470,3152,500,298,440,123,289,0,0,123
15471,3136,500,429,424,0,275,0,0,126
15472,5261,500,559,433,700,527,0,0,204
15473,2649,500,127,0,279,262,0,0,116
15474,1674,500,0,272,0,146,500,0,93
15475,2978,500,279,0,460,304,0,0,135
15476,3548,500,333,0,364,349,0,0,134
15477,2874,500,210,0,465,290,0,0,141
15478,2360,500,107,0,285,237,0,0,115
15479,2688,500,252,415,0,235,0,0,119
15480,2661,500,155,265,273,258,500,0,115
15481,4087,500,227,364,574,405,0,0,177
15482,1215,500,76,93,181,139,0,0,77
15483,3170,500,402,502,0,277,0,0,115
15484,16637,900,1899,2925,1495,1581,0,0,582
15485,4277,500,451,296,691,442,0,0,172
15486,1998,500,123,267,215,192,500,0,98
15487,5878,500,938,1306,0,514,0,0,226
15488,4960,500,332,762,271,459,0,0,195
15489,1583,500,107,236,0,138,0,0,82
15490,4680,500,465,584,0,410,0,0,160
15491,2792,500,431,536,0,251,0,0,119
15492,1979,500,112,109,183,198,0,0,91
15493,2552,500,261,431,0,224,0,0,113
15494,3787,500,374,297,365,367,0,0,150
15495,2599,500,191,0,347,260,0,0,131
15496,1783,500,304,204,59,164,0,0,86
15497,1752,500,103,296,104,162,0,0,101
15498,2303,500,479,0,333,240,0,0,115
15499,3225,500,228,545,224,301,0,0,146
15500,2888,500,413,227,271,281,0,0,127
15501,6560,500,690,764,777,639,0,0,275
15502,11496,900,1170,1675,0,1004,2188,0,331
15503,6797,500,919,0,948,677,0,0,265
15504,2754,500,183,326,174,258,0,0,124
15505,2408,500,171,0,401,261,0,0,118
15506,4402,500,406,578,0,386,0,0,159
15507,2116,500,461,0,350,218,500,0,101
15508,6003,500,1039,0,752,590,0,0,245
15509,4890,500,828,922,268,450,0,0,205
15510,2270,500,154,0,158,216,500,0,88
15511,2999,500,277,394,223,283,0,0,130
15512,7571,500,1220,1584,0,662,500,0,239
15513,7477,500,470,1550,0,654,0,0,269
15514,6333,500,368,0,1164,651,500,0,246
15515,5911,500,567,1119,0,517,0,0,202
15516,1635,500,153,0,209,165,0,0,91
15517,6288,500,727,0,1053,635,0,0,255
15518,8114,500,1719,1879,0,712,0,0,302
15519,9012,500,909,1801,0,788,500,0,291
15520,3463,500,377,718,0,303,0,0,145
15521,9203,500,1020,1852,0,828,0,0,301
15522,2105,500,231,413,0,184,0,0,102
15523,9237,500,1604,0,1360,926,500,0,337
15524,5657,500,348,0,714,557,0,0,226
15525,2435,500,147,0,341,251,0,0,107
15526,2405,500,115,173,254,236,0,0,111
15527,5623,500,611,291,807,568,0,0,209
15528,6617,500,1564,0,968,661,0,0,280
15529,2316,500,0,486,0,203,0,0,116
15530,4686,500,501,998,0,411,0,6098,34
15531,2985,500,709,525,285,284,0,0,152
15532,6919,500,446,583,737,671,0,0,248
15533,1400,500,364,234,226,146,0,0,94
15534,2711,500,236,359,167,255,0,0,112
15535,9997,500,1121,2137,0,875,0,0,328
15536,2178,500,261,120,204,215,0,0,100
15537,1843,500,209,0,299,186,0,0,105
15538,4226,500,252,623,0,370,0,0,171
15539,3511,500,329,648,0,307,0,0,138
15540,2145,500,211,359,0,187,0,0,98
15541,5710,500,576,0,912,579,0,0,230
15542,7520,500,857,0,1183,783,0,0,287
15543,2545,500,244,0,454,264,500,0,112
15544,2993,500,217,411,0,262,3972,0,0
15545,5379,500,626,0,803,560,500,0,190
15546,1961,500,167,326,0,177,0,0,93
15547,3668,500,816,0,0,321,0,0,153
15548,2648,500,292,414,107,241,0,0,118
15549,3904,500,291,224,624,393,500,0,159
15550,2713,500,184,303,350,273,0,0,123
15551,1691,500,293,94,126,167,0,0,85
15552,5985,500,1093,602,933,601,0,0,255
15553,5440,500,355,1017,0,476,0,0,192
15554,2654,500,410,0,370,267,0,0,126
15555,1708,500,119,147,134,173,0,0,85
15556,4384,500,267,592,347,415,0,0,170
15557,1611,500,159,263,110,151,0,0,96
15558,7570,500,539,0,1200,782,0,0,293
15559,1773,500,301,243,0,154,0,0,82
15560,3202,500,494,266,516,325,500,0,133
15561,3146,500,251,0,477,328,0,0,128
15562,5078,500,612,0,810,512,0,0,215
15563,2761,500,400,0,300,269,0,0,130
15564,1159,500,61,117,106,115,0,0,81
15565,2489,500,520,441,169,233,0,0,121
15566,7538,500,868,0,931,737,0,1192,274
15567,3894,500,892,403,519,384,0,0,173
15568,2810,500,410,265,307,279,0,0,121
15569,5015,500,508,0,0,439,0,0,171
15570,1897,500,145,334,120,176,0,0,113
15571,5323,500,389,0,997,549,0,0,229
15572,1845,500,213,207,237,192,0,0,91
15573,2460,500,147,194,172,235,0,0,104
15574,2301,500,125,304,0,201,0,0,93
15575,4435,500,753,341,474,432,0,0,184
15576,1639,500,90,124,83,155,500,0,67
15577,4501,500,601,0,779,465,500,0,172
15578,1323,500,94,155,53,122,0,0,77
15579,3056,500,400,0,511,319,0,0,143
15580,3308,500,519,0,561,341,0,0,162
15581,5338,500,575,0,724,534,0,0,206
15582,3321,500,311,485,167,308,500,0,118
15583,5047,500,730,953,0,441,0,0,189
15584,3855,500,612,761,0,347,0,0,148
15585,1871,500,304,269,165,177,0,0,107
15586,7941,500,1304,733,1039,787,0,0,291
15587,3217,500,279,0,371,330,1256,0,104
15588,3859,500,621,865,0,338,0,0,164
15589,4190,500,286,794,0,367,500,0,142
15590,2043,500,80,267,0,178,500,0,78
15591,6331,500,398,953,271,579,0,0,213
15592,2772,500,437,541,0,242,500,0,97
15593,2925,500,507,539,109,265,0,0,131
15594,3003,500,680,0,311,290,500,0,134
15595,2534,500,0,489,0,221,0,0,121
15596,2071,500,228,307,432,224,0,0,110
15597,2058,500,237,201,191,211,0,0,97
15598,1828,500,104,238,204,177,0,0,103
15599,5443,500,369,594,625,530,0,0,211
15600,3220,500,249,0,564,328,0,0,153
15601,3342,500,358,622,0,293,0,1531,174
15602,3092,500,220,0,377,304,500,0,134
15603,1252,500,138,0,165,124,0,0,86
15604,2555,500,158,0,275,251,500,0,103
15605,2683,500,477,0,282,264,0,0,117
15606,3448,500,628,0,632,354,0,5562,40
15607,2594,500,147,0,115,242,0,0,102
15608,4374,500,291,0,447,425,0,0,171
15609,3099,500,0,0,389,309,500,0,119
15610,1540,500,204,69,230,160,0,0,89
15611,2707,500,491,0,510,293,0,0,130
15612,7898,500,945,0,1053,778,0,0,305
15613,7220,500,823,0,851,700,500,0,271
15614,3627,500,249,0,531,376,0,0,162
15615,1389,500,83,0,146,148,0,0,80
15616,5150,500,333,762,255,474,0,0,188
15617,3474,500,550,529,264,331,0,0,139
15618,2495,500,392,367,0,225,0,0,103
15619,1531,500,108,199,125,147,500,0,73
15620,4628,500,548,0,652,460,0,0,192
15621,1755,500,247,210,0,154,0,0,82
15622,3469,500,246,686,0,304,500,0,138
15623,1826,500,128,248,0,160,0,0,84
15624,2494,500,138,0,386,258,0,0,136
15625,4245,500,787,0,532,421,500,0,155
15626,3152,500,338,492,0,276,500,0,100
15627,3991,500,270,0,519,397,0,0,163
15628,2325,500,157,0,450,252,0,0,114
15629,13723,900,1550,2464,743,1260,0,0,485
15630,1728,500,175,0,227,175,500,0,82
15631,4500,500,524,358,667,451,0,0,191
15632,6263,500,348,514,869,626,0,0,231
15633,1289,500,78,0,328,139,0,0,94
15634,2376,500,97,320,0,208,0,0,100
15635,1300,500,267,86,99,126,0,0,78
15636,1742,500,94,0,0,152,0,0,93
15637,4069,500,606,826,0,357,500,0,131
15638,1913,500,0,0,248,192,0,0,102
15639,3867,500,444,0,716,400,0,0,176
15640,5258,500,305,895,476,499,0,0,207
15641,3522,500,532,0,621,360,0,0,161
15642,2889,500,408,276,312,286,500,0,111
15643,5226,500,631,0,723,517,500,0,205
15644,2897,500,471,0,485,293,0,0,151
15645,1803,500,301,401,0,158,0,0,105
15646,4693,500,525,416,627,465,0,0,193
15647,1952,500,184,0,224,198,0,0,105
15648,4103,500,393,0,515,422,0,0,152
15649,1890,500,100,169,66,175,0,0,83
15650,6066,500,576,505,674,593,0,0,224
15651,2359,500,213,276,141,221,0,0,104
15652,4925,500,550,0,996,515,0,0,213
15653,4643,500,629,0,499,454,0,0,177
15654,1933,500,59,62,186,196,0,0,90
15655,2838,500,257,0,413,294,0,0,121
15656,4891,500,334,511,606,482,0,0,196
15657,4267,500,293,536,388,408,0,0,162
15658,1583,500,224,0,285,164,0,0,97
15659,5338,500,644,1107,0,467,500,0,188
15660,2061,500,117,282,0,181,0,0,91
15661,3775,500,402,355,429,366,0,0,169
15662,2135,500,151,349,127,198,0,0,110
15663,2479,500,190,209,289,242,0,0,125
15664,2149,500,216,385,0,189,500,3054,40
15665,3734,500,162,484,167,344,0,0,142
15666,3502,500,890,719,158,319,0,0,153
15667,9169,500,991,1428,0,802,0,0,318
15668,2149,500,381,0,283,216,500,0,94
15669,2350,500,142,234,0,206,0,0,98
15670,5101,500,942,918,281,470,0,0,184
15671,1223,500,123,101,140,120,0,0,86
15672,3216,500,300,237,351,318,0,0,135
15673,4171,500,491,0,274,388,500,0,173
15674,1977,500,265,0,286,203,500,0,87
15675,2754,500,477,0,482,292,0,0,139
15676,3290,500,462,378,332,317,0,0,145
15677,1626,500,272,251,0,143,0,0,82
15678,1403,500,96,164,63,130,0,0,81
15679,2174,500,158,0,235,220,0,0,99
15680,1587,500,168,157,59,147,500,0,63
15681,4260,500,425,0,466,418,500,0,146
15682,903,500,229,180,77,86,0,0,76
15683,7252,500,358,1127,320,662,9091,0,50
15684,1515,500,168,311,0,132,500,0,71
15685,1695,500,278,86,103,164,0,0,80
15686,4004,500,309,0,886,421,0,0,192
15687,2236,500,188,246,186,215,0,0,107
15688,4456,500,269,0,619,446,0,0,178
15689,8500,500,543,1216,583,793,500,0,279
15690,26305,900,2810,4665,961,2381,0,0,823
15691,6887,500,748,0,0,603,0,0,237
15692,1881,500,170,0,326,196,0,0,111
15693,1784,500,217,375,0,156,0,0,97
15694,7040,500,775,1121,393,652,0,0,242
15695,4136,500,262,0,707,420,0,0,188
15696,1755,500,232,317,0,153,0,0,92
15697,1983,500,82,0,346,214,0,0,100
15698,6457,500,806,634,1013,646,0,0,268
15699,2244,500,190,0,365,234,0,0,114
15700,1755,500,243,333,0,154,0,0,94
15701,5205,500,546,433,558,507,0,669,182
15702,3430,500,413,388,397,342,0,0,138
15703,6457,500,431,0,847,638,0,0,267
15704,6181,500,682,702,718,602,0,0,253
15705,4725,500,399,406,622,468,0,0,193
15706,3000,500,230,0,424,297,1100,0,131
15707,2249,500,232,0,232,225,0,0,101
15708,1300,500,168,180,52,119,0,0,79
15709,2329,500,558,435,0,204,0,0,111
15710,3721,500,562,697,0,326,0,0,139
15711,3356,500,773,691,0,294,0,0,144
15712,3047,500,272,503,0,266,0,0,125
15713,5945,500,637,774,599,574,0,0,223
15714,5895,500,819,0,735,578,0,210,229
15715,1717,500,48,0,185,178,0,0,84
15716,3079,500,250,487,0,270,0,0,115
15717,2977,500,406,519,0,260,0,0,112
15718,3517,500,500,638,0,308,0,0,130
15719,6476,500,376,0,1393,693,0,0,252
15720,950,500,93,0,228,110,0,0,77
15721,3106,500,663,726,0,272,0,0,146
15722,5511,500,256,699,0,482,0,0,200
15723,4520,500,256,0,397,429,500,0,170
15724,2422,500,252,0,406,251,0,0,117
15725,2497,500,107,0,217,242,0,0,107
15726,2519,500,234,0,293,260,0,0,111
15727,2093,500,435,0,282,210,0,0,114
15728,2159,500,197,0,278,217,0,0,108
15729,2615,500,191,0,347,262,0,0,126
15730,7797,500,1291,1217,578,732,0,0,293
15731,6315,500,728,0,949,635,0,0,247
15732,3462,500,345,0,686,374,0,0,150
15733,6042,500,392,943,387,563,0,0,213
15734,3868,500,715,764,0,338,0,0,141
15735,5701,500,365,1168,0,499,0,0,217
15736,8849,500,0,0,1623,910,0,0,321
15737,5118,500,980,733,323,479,7400,0,50
15738,5537,500,390,0,900,562,0,0,221
15739,2210,500,337,328,123,207,0,0,103
15740,2930,500,252,0,409,303,0,0,123
15741,1550,500,255,93,180,157,500,0,71
15742,1303,500,118,151,125,127,0,0,82
15743,4117,500,465,364,589,412,0,0,172
15744,2762,500,330,413,349,279,0,0,133
15745,1841,500,0,133,168,182,0,0,92
15746,4756,500,765,962,0,417,500,0,158
15747,4610,500,295,0,464,448,0,0,186
15748,2681,500,219,0,324,273,0,0,112
15749,3590,500,262,701,0,314,0,0,143
15750,3040,500,260,0,403,307,0,0,129
15751,3599,500,0,0,400,355,0,0,145
15752,2996,500,0,338,0,262,0,0,117
15753,4858,500,482,0,848,500,0,0,196
15754,1838,500,146,154,223,181,0,0,105
15755,2283,500,154,0,227,224,0,0,106
15756,3661,500,808,0,764,386,0,0,171
15757,1603,500,63,155,57,147,0,0,83
15758,2512,500,128,0,298,249,0,0,116
15759,3163,500,209,0,351,310,0,0,145
15760,2120,500,557,253,223,206,0,0,108
15761,3756,500,830,0,456,369,0,0,160
15762,1677,500,302,267,166,163,0,0,103
15763,3363,500,491,0,507,339,0,0,149
15764,2728,500,227,322,137,253,0,0,112
15765,4144,500,415,823,0,362,500,0,146
15766,2523,500,241,361,221,250,0,0,115
15767,2347,500,144,324,89,214,0,0,106
15768,7004,500,411,1325,0,614,0,0,246
15769,5131,500,622,795,324,480,0,0,186
15770,2439,500,521,252,320,240,500,0,105
15771,4795,500,637,0,659,480,0,0,194
15772,5627,500,1150,0,794,562,0,0,227
15773,1771,500,112,145,114,167,0,0,95
15774,6768,500,420,985,0,592,0,0,236
15775,4570,500,578,796,224,419,0,0,177
15776,1840,500,131,269,170,177,0,0,98
15777,4379,500,437,776,0,383,0,0,155
15778,2515,500,186,281,315,247,0,0,135
15779,3556,500,435,424,0,312,0,0,134
15780,3472,500,568,0,509,360,500,0,136
15781,1971,500,97,0,336,206,0,0,108
15782,3095,500,190,369,279,296,0,0,133
15783,7182,500,734,0,0,628,500,0,227
15784,12356,900,2217,1592,1288,1185,500,0,468
15785,1789,500,89,0,179,173,0,0,98
15786,2531,500,233,416,0,222,0,0,106
15787,2732,500,179,428,0,239,0,0,107
15788,2446,500,132,247,0,214,0,0,99
15789,6101,500,352,544,1035,620,0,0,230
15790,4545,500,284,508,269,425,0,0,160
15791,1657,500,0,125,173,162,0,0,91
15792,4732,500,454,0,394,450,0,0,185
15793,3540,500,460,626,0,310,500,0,117
15794,1702,500,149,211,0,149,0,0,89
15795,4375,500,1658,866,182,400,0,0,164
15796,3254,500,226,266,345,316,0,0,143
15797,1434,500,254,0,160,142,0,0,98
15798,5397,500,612,0,808,559,0,0,213
15799,6937,500,848,680,1045,691,0,0,293
15800,1070,0,160,0,56,99,500,0,49
15801,3832,500,551,0,604,385,0,0,179
15802,2086,500,222,321,0,183,0,0,107
15803,2860,500,239,468,0,250,0,0,119
15804,4118,500,220,405,379,396,500,0,148
15805,3171,500,193,0,491,333,0,0,142
15806,4598,500,295,0,517,453,0,0,172
15807,2299,500,405,0,432,237,0,0,124
15808,2965,500,350,0,324,286,0,0,152
15809,3359,500,0,423,173,322,0,0,129
15810,2281,500,320,330,152,215,0,0,106
15811,935,0,84,0,111,91,0,0,60
15812,4409,500,673,0,867,466,0,0,186
15813,3656,500,378,0,357,354,0,0,152
15814,2784,500,337,0,343,277,0,0,128
15815,3708,500,307,0,0,334,0,0,130
15816,2583,500,156,241,161,246,500,0,90
15817,4003,500,512,0,412,393,0,0,154
15818,2558,500,248,409,164,239,0,0,121
15819,5085,500,532,540,489,490,500,0,190
15820,3133,500,211,321,328,304,500,0,123
15821,5679,500,1034,1303,0,497,500,0,199
15822,3977,500,660,520,0,348,0,0,149
15823,7060,500,423,1228,740,676,0,0,269
15824,1438,500,0,89,119,142,0,0,78
15825,2315,500,339,520,0,202,0,0,117
15826,3600,500,423,353,606,364,0,0,167
15827,7135,500,550,1181,482,666,0,0,255
15828,1792,500,210,202,238,178,0,0,106
15829,4099,500,396,0,284,386,0,0,149
15830,5125,500,333,662,328,479,0,0,183
15831,2994,500,287,0,305,293,0,0,130
15832,4014,500,659,0,435,392,0,0,172
15833,5786,500,0,0,914,590,0,0,238
15834,7480,500,437,1052,0,655,0,0,248
15835,5766,500,895,974,354,536,0,0,218
15836,8113,500,899,1652,0,710,0,0,276
15837,20433,900,2364,1985,3077,2035,0,0,784
15838,3158,500,279,0,475,327,0,0,130
15839,2340,500,152,364,0,204,0,0,103
15840,6228,500,607,668,638,602,0,0,239
15841,3940,500,250,655,0,345,0,0,141
15842,4070,500,222,550,227,380,0,0,147
15843,1715,500,183,244,181,165,0,0,108
15844,3391,500,338,0,431,341,0,0,137
15845,3411,500,610,0,435,334,0,0,159
15846,2921,500,414,227,334,289,0,0,124
15847,1872,500,112,0,231,183,0,0,114
15848,4558,500,473,0,507,442,500,0,175
15849,3508,500,657,364,401,339,0,0,159
15850,6199,500,704,698,664,600,0,0,246
15851,4433,500,526,0,494,427,0,0,185
15852,10843,900,1909,0,1848,1102,0,0,427
15853,2217,500,115,0,360,228,0,0,115
15854,7223,500,795,0,815,704,0,0,265
15855,3093,500,300,364,235,294,0,0,131
15856,5413,500,349,0,1022,585,0,0,220
15857,1552,500,223,274,0,136,500,0,71
15858,5453,500,1168,990,411,513,0,0,221
15859,3353,500,445,336,331,326,0,0,131
15860,2404,500,147,0,280,233,0,0,127
15861,3251,500,356,624,0,284,0,0,131
15862,3567,500,553,521,352,342,0,0,160
15863,5032,500,0,0,893,512,0,0,215
15864,1791,500,104,0,272,184,0,0,108
15865,1466,0,113,0,170,145,0,0,70
15866,952,500,186,123,133,97,552,0,70
15867,2681,500,277,421,112,245,500,0,105
15868,2662,500,274,0,335,264,0,1574,93
15869,4745,500,270,459,470,460,0,0,174
15870,2542,500,0,0,501,265,0,0,137
15871,2747,500,276,0,337,280,500,0,118
15872,1849,500,88,217,150,175,0,0,99
15873,1827,500,102,90,207,191,0,0,88
15874,4995,500,471,772,468,479,6913,0,51
15875,5604,500,1134,834,478,535,0,8250,40
15876,1750,500,95,182,0,158,0,0,80
15877,3887,500,0,267,429,383,0,0,151
15878,9160,500,1027,817,1086,896,0,0,328
15879,2110,500,253,0,276,207,0,0,116
15880,2977,500,0,247,448,298,0,0,144
15881,5787,500,316,0,864,583,0,0,221
15882,2733,500,276,397,271,263,0,0,128
15883,1476,500,0,133,0,130,0,0,75
15884,2578,500,244,329,154,243,0,0,114
15885,1909,500,96,346,0,167,0,0,102
15886,2175,500,350,0,334,219,0,0,113
15887,3418,500,647,531,307,324,0,0,154
15888,3727,500,387,0,498,374,500,0,138
15889,3607,500,192,358,379,351,0,0,166
15890,3282,500,456,599,0,288,0,0,130
15891,4161,500,0,521,486,420,0,0,174
15892,4238,500,454,600,373,415,0,0,172
15893,11817,900,1212,2406,0,1034,500,0,378
15894,4232,500,477,0,599,424,0,0,179
15895,10282,900,1222,0,1722,1048,15174,0,61
15896,10797,900,1152,0,1960,1103,0,0,431
15897,7151,500,484,1161,336,655,0,0,255
15898,6694,500,641,1055,325,619,0,0,217
15899,2470,500,188,303,177,236,0,0,105
15900,10955,900,654,995,1677,1096,0,0,429
15901,2122,500,105,0,224,207,500,0,86
15902,5541,500,378,819,450,522,0,0,215
15903,4085,500,907,713,333,389,0,0,163
15904,1699,500,144,0,295,173,0,0,102
15905,4362,500,334,657,379,418,500,0,155
15906,5210,500,570,0,743,523,0,0,200
15907,13373,900,2421,0,2015,1337,0,0,522
15908,9725,500,619,1541,424,889,0,0,323
15909,2711,500,582,641,0,237,0,0,120
15910,2990,500,471,291,375,293,0,0,143
15911,5135,500,620,0,822,518,0,0,217
15912,5796,500,618,630,493,551,0,0,217
15913,2585,500,407,368,211,246,500,0,106
15914,1543,500,222,265,177,151,0,0,95
15915,9503,900,2220,0,1532,962,0,0,396
15916,3062,500,370,0,495,310,0,0,149
15917,8191,500,985,999,955,794,0,0,294
15918,3561,500,554,663,0,312,0,0,135
15919,4782,500,509,0,663,482,0,0,182
15920,5606,500,539,591,550,541,500,0,190
15921,10015,900,1258,0,1579,1002,0,0,406
15922,5747,500,695,0,1025,592,0,0,227
15923,3999,500,439,685,208,367,500,0,150
15924,1965,500,166,325,0,172,0,0,93
15925,2094,500,179,249,230,201,0,0,111
15926,3723,500,230,0,465,374,500,0,133
15927,3840,500,652,850,0,336,500,0,147
15928,8055,500,1406,0,1202,827,0,0,331
15929,2251,500,0,414,0,197,500,0,101
15930,2570,500,352,269,252,249,0,0,120
15931,3604,500,226,0,569,365,0,0,161
15932,4582,500,956,0,575,450,0,0,201
15933,6480,500,690,0,982,648,0,0,263
15934,818,500,0,124,0,72,0,0,70
15935,5241,500,336,1003,0,458,0,0,193
15936,3504,500,410,0,601,368,0,0,165
15937,2567,500,148,0,232,253,0,0,105
15938,4449,500,919,0,507,440,0,0,167
15939,1523,500,331,0,163,150,0,0,88
15940,3829,500,382,0,585,391,0,0,163
15941,3640,500,361,0,497,378,0,0,149
15942,2383,500,98,181,232,237,0,0,109
15943,4712,500,733,430,566,463,0,0,200
15944,3554,500,338,413,0,311,0,0,134
15945,3948,500,413,0,500,394,0,0,170
15946,2675,500,317,0,495,276,500,0,121
15947,10854,900,0,809,1427,1067,0,1192,365
15948,4922,500,795,0,734,499,500,0,179
15949,15094,900,1915,0,2726,1541,0,0,590
15950,9541,500,1110,1705,586,883,500,0,324
15951,3713,500,513,700,0,325,500,0,124
15952,1403,500,156,0,219,143,0,0,87
15953,4046,500,664,713,192,370,0,0,165
15954,7551,500,848,1484,0,661,500,0,244
15955,2083,500,105,298,106,192,0,0,101
15956,4073,500,659,615,215,375,0,0,170
15957,4256,500,479,710,320,400,0,0,173
15958,6193,500,340,1207,0,557,0,0,216
15959,4741,500,264,359,596,473,0,0,177
15960,3797,500,227,466,240,356,2236,0,93
15961,3420,500,357,0,567,352,0,0,149
15962,2332,500,347,186,294,234,0,0,111
15963,37947,900,4077,0,0,3320,0,0,1176
15964,1529,500,228,112,131,148,0,0,89
15965,9359,500,1026,1037,913,899,0,0,329
15966,4968,500,498,901,0,447,0,0,173
15967,4265,500,811,672,257,399,0,0,158
15968,5242,500,309,572,485,500,0,0,208
15969,6184,500,579,570,551,592,0,0,236
15970,4562,500,524,500,432,438,0,0,177
15971,3401,500,204,499,410,337,0,0,149
15972,2682,500,425,494,170,249,0,0,133
15973,5053,500,503,505,521,492,500,0,178
15974,1931,500,281,211,114,184,0,0,88
15975,2845,500,167,391,218,271,0,0,128
15976,4906,500,291,0,986,513,0,0,223
15977,2657,500,133,0,0,233,0,0,111
15978,21966,900,2617,2079,2967,2168,500,0,763
15979,4131,500,228,456,599,423,500,0,167
15980,12167,900,1513,1852,807,1131,0,0,431
15981,4015,500,612,543,392,389,0,0,155
15982,2307,500,114,0,328,231,0,0,114
15983,3120,500,436,553,162,287,0,0,140
15984,3470,500,481,277,434,346,0,0,151
15985,1082,500,60,209,0,97,0,0,80
15986,5936,500,650,505,804,594,0,0,226
15987,1960,500,345,203,137,195,0,0,95
15988,1654,0,116,0,231,171,500,0,58
15989,3269,500,344,0,723,346,0,0,170
15990,3097,500,321,0,561,319,0,0,148
15991,3178,500,301,445,379,316,0,0,137
15992,6245,500,398,827,377,581,500,0,206
15993,2272,500,349,373,111,209,0,0,112
15994,3692,500,201,0,669,385,0,0,164
15995,9067,900,1043,888,1291,896,0,0,391
15996,2647,500,273,0,447,272,0,0,133
15997,5239,500,565,1128,0,471,500,0,187
15998,1329,500,110,0,225,137,0,0,89
15999,2066,500,217,312,0,181,0,0,107
16000,5619,500,358,679,439,532,1111,0,174
16001,4429,500,393,0,501,437,500,0,154
16002,5248,500,1116,1164,0,459,0,0,193
16003,4701,500,257,391,522,458,0,0,183
16004,1645,500,170,0,287,173,0,0,96
16005,7766,500,835,740,862,750,0,0,299
16006,5550,500,343,0,895,567,0,0,219
16007,5462,500,342,0,747,549,0,0,201
16008,1250,500,198,0,168,125,0,0,82
16009,2176,500,177,289,0,190,0,0,91
16010,1439,500,138,0,208,150,500,0,71
16011,3368,500,484,0,455,342,0,0,136
16012,5695,500,543,1070,0,498,0,0,196
16013,9714,900,1147,0,1173,946,0,0,377
16014,4130,500,0,597,169,377,0,0,163
16015,3437,500,355,356,335,332,0,0,145
16016,1924,500,145,341,0,169,0,0,96
16017,2895,500,309,617,0,253,0,0,130
16018,2125,500,167,0,288,218,500,0,86
16019,2104,500,414,302,130,198,0,0,103
16020,1612,500,134,0,206,166,0,0,88
16021,6722,500,681,0,1108,689,0,0,264
16022,2838,500,527,465,217,269,0,0,126
16023,5378,500,530,0,593,527,0,0,199
16024,1799,500,175,0,179,187,500,0,68
16025,5023,500,285,488,503,488,0,0,183
16026,7849,500,823,1280,506,732,500,0,257
16027,3832,500,295,792,0,335,500,0,144
16028,1950,500,221,275,0,171,0,0,87
16029,2654,500,167,375,169,249,0,0,112
16030,2955,500,162,0,402,303,0,0,127
16031,3831,500,411,364,551,380,0,0,177
16032,1268,500,112,0,213,134,0,0,90
16033,8179,500,869,0,673,775,500,0,270
16034,3527,500,264,0,414,344,0,0,159
16035,3966,500,379,0,0,347,0,0,147
16036,1575,500,273,149,239,159,0,0,96
16037,3045,500,455,572,0,267,0,0,124
16038,3196,500,186,352,215,312,0,0,123
16039,3001,500,457,416,167,278,0,0,126
16040,2216,500,402,0,463,234,0,0,123
16041,5019,500,313,493,492,486,0,0,184
16042,4296,500,492,751,214,394,0,0,171
16043,2471,500,223,0,174,240,0,0,120
16044,1089,500,90,79,113,107,0,0,76
16045,5325,500,550,304,797,534,500,0,205
16046,2417,500,158,0,438,252,0,0,124
16047,4580,500,325,0,604,453,0,0,191
16048,2028,500,0,215,115,191,0,0,91
16049,1505,500,331,0,188,148,0,0,98
16050,5186,500,551,0,826,528,0,720,187
16051,6968,500,691,987,425,647,0,0,248
16052,2099,500,410,0,235,210,0,0,107
16053,3904,500,266,0,676,396,0,0,188
16054,2000,500,112,204,124,193,0,0,91
16055,31856,900,0,0,4012,3112,500,0,1100
16056,8303,500,938,751,945,807,0,0,304
16057,9218,500,631,0,1411,952,0,0,338
16058,10947,900,1282,0,1762,1110,0,0,414
16059,5107,500,326,0,704,515,500,0,175
16060,3152,500,468,646,0,275,500,0,117
16061,2037,500,221,0,443,214,0,0,118
16062,1809,500,179,355,0,163,500,0,81
16063,6993,500,1102,1378,0,612,0,0,231
16064,1903,500,224,313,0,167,1792,0,59
16065,8361,500,938,1688,0,753,0,0,270
16066,3531,500,377,377,350,340,0,0,148
16067,4791,500,493,733,233,441,500,0,165
16068,6567,500,430,1052,364,606,0,0,230
16069,4394,500,682,487,445,425,0,0,171
16070,1254,500,212,231,112,119,0,0,87
16071,887,500,0,84,112,88,0,0,74
16072,3187,500,456,627,0,279,0,0,129
16073,5518,500,537,766,365,515,0,0,218
16074,1234,500,90,142,0,108,500,0,58
16075,2209,500,223,0,446,232,0,0,119
16076,9578,900,564,864,1100,928,0,0,359
16077,3077,500,282,400,296,297,0,0,133
16078,5090,500,643,0,852,527,0,0,199
16079,1913,500,355,0,293,200,500,0,88
16080,7626,500,467,0,1177,765,0,0,300
16081,3584,500,378,0,480,357,0,0,152
16082,4180,500,295,468,519,409,0,0,177
16083,6754,500,1582,0,1148,688,500,0,255
16084,892,500,255,87,95,86,0,0,73
16085,2625,500,224,316,180,248,0,0,117
16086,2749,500,318,0,440,279,0,0,138
16087,6077,500,323,0,667,591,0,0,228
16088,4151,500,245,0,671,438,0,0,176
16089,4208,500,236,795,0,379,0,0,164
16090,4009,500,0,0,521,400,0,0,165
16091,2515,500,159,338,0,220,0,0,97
16092,3480,500,446,335,287,334,0,0,142
16093,2658,500,111,401,0,239,500,0,97
16094,1593,500,126,189,92,150,0,0,86
16095,1562,500,292,0,191,164,0,0,85
16096,4335,500,244,0,563,435,500,0,160
16097,2077,500,265,0,230,208,0,0,100
16098,4184,500,849,0,876,452,0,0,175
16099,2092,500,559,0,330,213,0,0,112
16100,1678,500,172,342,0,147,0,0,94
16101,2814,500,197,0,382,282,0,0,131
16102,7836,500,1040,1063,775,753,0,0,282
16103,3515,500,327,323,317,341,4999,0,41
16104,7268,500,832,0,581,684,500,0,260
16105,5632,500,1072,0,987,572,500,0,236
16106,4349,500,1658,867,182,398,0,0,172
16107,3251,500,375,493,0,285,0,0,144
16108,2394,500,222,315,0,215,0,0,114
16109,1842,500,225,217,215,179,0,0,106
16110,2831,500,178,339,248,273,0,0,120
16111,3115,500,351,462,220,291,0,0,145
16112,1820,500,367,236,220,177,0,0,105
16113,2437,500,268,292,138,231,0,0,104
16114,1980,500,102,333,0,179,0,0,96
16115,5179,500,1071,848,388,490,0,0,199
16116,4970,500,321,0,0,435,0,0,189
16117,6432,500,427,1254,0,562,500,0,211
16118,3873,500,721,708,0,338,500,0,116
16119,5615,500,588,1170,0,491,0,0,214
16120,4599,500,270,0,695,467,0,6531,40
16121,2840,500,270,502,0,248,0,0,121
16122,2629,500,195,0,408,278,0,0,115
16123,2961,500,0,0,403,293,0,0,140
16124,4625,500,299,0,779,476,500,0,176
16125,2485,500,314,0,441,253,0,0,133
16126,8880,500,0,0,1198,881,11460,0,53
16127,4766,500,783,0,894,488,0,0,215
16128,4548,500,522,963,0,398,0,238,179
16129,2662,500,163,340,119,246,0,0,110
16130,3191,500,529,577,228,307,0,0,149
16131,1831,500,254,139,164,177,0,0,95
16132,1221,500,94,84,116,124,0,0,79
16133,2324,500,0,241,63,212,500,0,79
16134,2664,500,156,0,445,279,0,0,120
16135,12156,900,1648,0,1631,1194,0,0,471
16136,3907,500,437,629,341,373,0,0,160
16137,2934,500,727,0,440,292,0,0,143
16138,3300,500,354,356,328,327,0,0,143
16139,4377,500,290,429,380,419,0,0,169
16140,7832,500,1882,819,1149,781,0,0,327
16141,5568,500,342,971,0,487,0,0,182
16142,2796,500,240,305,246,280,0,0,116
16143,7778,500,1922,0,1139,772,0,0,308
16144,3160,500,263,0,378,319,0,0,131
16145,5341,500,670,0,660,535,0,0,227
16146,4601,500,527,0,482,443,0,3525,110
16147,2552,500,180,251,297,252,0,0,119
16148,13032,900,1400,2791,0,1140,0,0,444
16149,1936,500,141,320,0,169,0,0,101
16150,2192,500,146,399,0,191,0,0,104
16151,5113,500,475,0,786,521,0,2610,143
16152,1783,500,99,199,0,155,0,0,80
16153,1442,500,200,135,113,139,0,0,85
16154,9635,900,661,0,1245,946,0,0,364
16155,8421,500,842,0,925,818,0,0,295
16156,6108,500,371,0,747,599,0,0,229
16157,5033,500,517,660,575,509,0,0,190
16158,7034,500,853,0,1071,704,0,0,281
16159,4977,500,768,1066,0,436,0,0,193
16160,1839,500,184,0,437,200,0,0,117
16161,9691,900,1219,0,1778,1020,0,0,412
16162,3495,500,332,0,389,345,564,0,126
16163,3533,500,409,615,587,359,0,0,161
16164,6808,500,1109,774,688,657,500,9762,40
16165,4667,500,746,991,0,420,0,0,183
16166,3501,500,533,543,195,326,0,0,132
16167,3921,500,229,645,0,344,0,0,140
16168,3499,500,829,0,294,332,0,0,141
16169,6800,500,429,907,0,595,0,0,221
16170,5189,500,658,1104,0,454,0,0,199
16171,2926,500,596,0,450,299,0,0,137
16172,1242,500,103,0,165,126,500,604,55
16173,2425,500,401,0,218,238,500,0,93
16174,1875,500,58,180,65,173,0,0,87
16175,5721,500,742,0,419,537,0,0,220
16176,4130,500,260,421,429,396,0,0,185
16177,2835,500,121,0,534,307,0,0,119
16178,1860,500,57,180,65,172,0,0,87
16179,1756,500,264,260,308,185,0,0,99
16180,3329,500,332,0,557,340,0,0,151
16181,3801,500,336,550,525,385,0,0,156
16182,2159,500,170,0,229,214,0,0,103
16183,4424,500,226,0,661,443,0,0,142
16184,3136,500,562,167,376,310,0,0,136
16185,4402,500,292,0,550,438,0,0,169
16186,4689,500,208,0,729,482,0,1168,156
16187,3101,500,512,0,315,299,0,0,138
16188,2864,500,686,657,0,251,0,0,128
16189,2317,500,126,0,275,229,0,0,114
16190,10185,900,539,1950,0,892,500,0,325
16191,9054,500,0,1399,439,830,0,0,292
16192,5038,500,532,540,494,485,0,0,195
16193,5718,500,352,0,831,571,0,0,238
16194,1891,500,188,292,113,176,0,0,100
16195,8763,500,573,0,1359,909,500,0,325
16196,5716,500,411,1158,0,500,500,0,191
16197,2588,500,315,0,381,259,0,0,129
16198,4297,500,407,0,502,423,500,0,147
16199,4392,500,471,0,523,443,0,0,191
16200,5354,500,982,554,675,522,0,0,225
16201,1979,500,551,380,110,183,0,0,105
16202,19421,900,2243,2293,1880,1855,0,0,676
16203,3506,500,335,0,403,349,0,0,148
16204,2218,500,205,405,0,194,0,0,104
16205,2785,500,223,314,0,244,0,0,110
16206,3974,500,194,0,383,387,0,0,153
16207,3265,500,0,0,505,341,0,0,156
16208,2568,500,295,0,517,268,0,0,142
16209,7252,500,0,0,855,707,0,0,277
16210,5370,500,340,531,508,517,0,0,199
16211,2457,500,184,419,198,232,0,0,122
16212,3090,500,471,252,406,310,0,542,140
16213,2222,500,121,253,0,195,0,0,93
16214,1948,500,63,0,175,197,0,0,88
16215,7011,500,882,0,1076,701,0,0,292
16216,4200,500,510,0,700,439,0,0,188
16217,1991,500,75,139,116,189,0,0,90
16218,5077,500,353,1015,0,444,0,0,186
16219,1891,500,441,0,212,183,0,0,106
16220,2713,500,377,0,325,275,560,0,112
16221,3932,500,386,636,282,369,0,0,161
16222,3635,500,0,0,279,341,500,0,147
16223,3128,500,298,441,242,298,0,0,126
16224,2925,500,184,327,175,274,0,0,119
16225,4591,500,482,694,607,452,0,0,196
16226,7651,500,831,1543,0,670,0,0,258
16227,4425,500,321,0,701,446,0,0,188
16228,2583,500,252,0,355,261,0,0,122
16229,12775,900,1102,1487,1416,1269,0,0,467
16230,5679,500,1028,1210,0,497,0,0,214
16231,1805,500,95,0,225,184,0,0,106
16232,3208,500,210,572,0,280,500,0,114
16233,2452,500,223,0,224,237,0,0,114
16234,3409,500,531,737,0,298,0,0,149
16235,4707,500,271,691,696,478,0,0,186
16236,7660,500,535,0,1338,784,0,0,291
16237,6672,500,858,1470,0,584,0,0,245
16238,3837,500,253,222,563,390,0,551,155
16239,2720,500,425,493,121,248,0,0,131
16240,8151,500,542,937,867,784,0,0,334
16241,1267,500,173,236,0,111,0,0,81
16242,4173,500,566,0,683,431,0,0,173
16243,3217,500,200,589,0,282,500,0,114
16244,5161,500,340,784,232,472,0,0,188
16245,5331,500,1682,0,645,528,0,0,202
16246,5540,500,319,1003,0,498,0,0,192
16247,7150,500,474,0,829,697,0,0,262
16248,6885,500,370,1246,0,620,0,0,227
16249,2569,500,262,0,0,232,0,0,113
16250,1294,500,326,0,216,132,0,0,90
16251,8522,500,0,853,852,820,0,0,282
16252,8531,500,1459,0,1281,859,1113,0,299
16253,2563,500,306,387,0,224,0,0,116
16254,2879,500,386,602,0,252,0,0,130
16255,1280,500,88,0,233,139,500,0,65
16256,1051,500,86,0,199,112,500,0,64
16257,1599,500,225,212,202,163,0,0,91
16258,4266,500,335,0,518,421,0,0,170
16259,10826,900,1286,1967,1158,1041,0,0,414
16260,6523,500,1570,689,809,638,0,0,259
16261,3869,500,202,293,524,390,0,0,153
16262,4497,500,670,852,0,404,0,0,169
16263,7707,500,894,0,1397,792,0,0,297
16264,3343,500,543,421,385,333,0,0,157
16265,1986,500,82,0,258,205,0,0,94
16266,1957,500,214,369,0,171,0,0,100
16267,3284,500,447,423,278,313,0,0,142
16268,5438,500,1106,0,851,561,0,0,242
16269,5905,500,926,1288,0,517,0,0,224
16270,6321,500,363,1243,0,553,0,0,211
16271,5597,500,0,933,0,490,0,0,195
16272,10763,900,1178,1859,604,993,0,0,384
16273,5543,500,1148,0,793,554,0,0,235
16274,11800,900,1238,1779,0,1033,0,0,400
16275,1963,500,96,0,226,195,0,0,101
16276,6592,500,346,0,944,680,0,0,255
16277,2340,500,341,220,227,228,500,0,94
16278,1299,500,125,153,193,139,0,0,84
16279,3752,500,342,672,0,329,0,0,142
16280,2741,500,432,358,178,256,0,0,121
16281,5469,500,0,709,0,479,0,0,196
16282,1577,500,432,169,260,159,0,663,91
16283,5466,500,572,726,0,479,0,0,192
16284,3743,500,406,0,463,370,500,0,143
16285,4406,500,548,433,621,436,0,0,202
16286,3282,500,327,647,0,287,0,0,141
16287,3826,500,478,0,367,373,0,0,145
16288,4165,500,676,0,602,413,0,0,187
16289,4470,500,0,314,530,444,0,430,170
16290,1851,500,130,0,348,193,0,0,112
16291,2498,500,381,353,189,236,0,0,118
16292,3284,500,212,321,273,314,0,0,141
16293,2439,500,281,224,293,238,0,0,123
16294,1963,500,117,291,235,197,0,0,109
16295,22448,900,2611,3509,1918,2117,0,0,776
16296,3549,500,759,0,490,356,0,0,161
16297,2060,500,253,0,331,208,0,0,117
16298,1972,500,201,0,242,196,0,0,103
16299,1924,500,103,0,196,187,0,0,102
16300,6245,500,764,0,1121,641,500,0,249
16301,2106,500,104,0,141,199,500,0,81
16302,6649,500,1338,0,1014,669,0,0,269
16303,2673,500,322,568,0,234,3728,0,38
16304,4117,500,619,551,274,387,0,0,156
16305,6931,500,1567,0,1085,719,0,0,272
16306,2627,500,678,287,311,261,0,0,125
16307,3368,500,155,0,496,345,500,0,135
16308,1781,500,208,275,187,171,0,0,104
16309,4464,500,306,881,0,391,0,0,181
16310,5355,500,383,1080,0,468,0,0,195
16311,4603,500,229,680,261,427,0,0,168
16312,2720,500,287,0,459,283,500,0,112
16313,3286,500,213,326,410,335,0,0,140
16314,2028,500,350,454,0,177,0,0,105
16315,1610,500,0,196,223,166,0,0,92
16316,2841,500,190,0,433,286,0,0,147
16317,8105,500,553,916,803,775,0,0,303
16318,3159,500,274,489,0,276,0,0,123
16319,4707,500,544,558,539,456,0,0,201
16320,1863,500,129,222,139,183,0,0,96
16321,4654,500,497,653,371,440,0,0,182
16322,4058,500,218,0,658,421,0,0,186
16323,1479,500,79,0,333,160,0,0,96
16324,3458,500,375,452,293,329,0,3168,79
16325,5586,500,356,1138,0,488,0,0,204
16326,3582,500,0,0,386,350,0,0,157
16327,1627,500,373,209,171,161,0,0,97
16328,3471,500,256,0,555,351,0,0,169
16329,1696,500,246,0,238,172,0,0,94
16330,3653,500,527,0,666,386,0,0,164
16331,2028,500,150,261,0,177,0,0,97
16332,1055,500,185,231,0,92,0,0,81
16333,2557,500,452,259,319,250,0,0,131
16334,7462,500,784,1735,0,653,0,0,262
16335,3317,500,412,644,0,290,0,0,134
16336,8684,500,1471,1045,910,837,0,0,317
16337,1714,500,164,234,0,150,0,0,95
16338,7877,500,584,675,1371,810,0,0,291
16339,1970,500,136,269,0,172,0,0,98
16340,2916,500,411,367,157,272,0,0,115
16341,7324,500,811,0,892,739,0,0,270
16342,2892,500,684,285,256,281,0,490,120
16343,21697,900,1173,4453,0,1952,0,0,677
16344,1313,500,168,239,60,120,0,0,90
16345,1992,500,364,430,0,174,0,0,95
16346,7814,500,472,1542,0,684,0,0,260
16347,3770,500,201,0,574,385,0,0,159
16348,1565,500,244,0,224,158,0,0,94
16349,4894,500,522,0,867,510,0,0,197
16350,6803,500,742,0,838,691,0,0,255
16351,3011,500,308,613,0,263,0,0,132
16352,2370,500,0,131,181,231,500,0,84
16353,1837,500,334,0,284,190,556,0,95
16354,1523,500,172,136,188,150,0,0,95
16355,2528,500,452,0,380,252,0,0,131
16356,1772,500,100,0,119,172,0,0,89
16357,2190,500,372,289,178,212,0,0,103
16358,2455,500,126,0,0,215,0,0,108
16359,4869,500,258,0,611,484,0,0,187
16360,5118,500,790,0,851,535,0,0,218
16361,4413,500,476,950,0,386,0,0,180
16362,4137,500,376,503,326,395,0,0,159
16363,2882,500,499,0,679,308,0,0,149
16364,7754,500,776,0,1445,806,0,0,310
16365,799,0,42,165,0,70,0,0,55
16366,4222,500,519,748,274,392,0,0,177
16367,3545,500,383,447,356,343,0,0,151
16368,3171,500,321,0,451,325,500,0,133
16369,2698,500,185,0,340,278,0,0,126
16370,3014,500,154,454,226,284,0,0,146
16371,23471,900,2629,4160,1346,2162,0,3215,706
16372,3143,500,351,532,159,288,0,0,143
16373,1729,500,261,257,146,166,0,0,93
16374,8753,500,1442,0,879,842,500,0,307
16375,1579,500,299,204,58,145,0,0,82
16376,8475,500,974,1744,0,742,10691,0,52
16377,5226,500,597,0,0,470,0,659,170
16378,2330,500,517,443,168,218,0,0,120
16379,4841,500,544,956,0,424,0,0,183
16380,2249,500,125,224,223,218,1115,0,85
16381,2833,500,139,440,0,248,0,0,121
16382,1921,500,176,290,57,173,0,0,106
16383,5361,500,332,759,0,469,0,0,192
16384,2460,500,229,0,334,252,0,0,113
16385,2945,500,225,591,0,258,0,0,133
16386,4152,500,318,0,718,433,0,6121,40
16387,4527,500,507,0,661,469,0,0,188
16388,5823,500,396,636,540,555,0,0,219
16389,6211,500,680,0,1214,655,0,0,236
16390,1808,500,80,149,160,176,0,0,95
16391,3543,500,194,311,397,352,0,0,137
16392,3038,500,453,600,0,266,0,0,127
16393,2361,500,222,365,161,222,0,0,119
16394,3198,500,497,576,176,295,0,0,143
16395,3424,500,360,523,178,317,0,0,137
16396,12512,900,1438,2196,1254,1198,0,0,482
16397,4720,500,497,0,979,499,500,0,181
16398,8328,500,959,0,1337,846,0,0,310
16399,1912,500,227,174,311,194,500,0,94
16400,5829,500,1016,660,673,571,0,0,214
16401,8476,500,894,989,1025,826,500,0,316
16402,22904,900,1605,0,3333,2337,0,0,808
16403,1486,500,63,0,173,150,0,0,86
16404,4191,500,415,317,389,406,0,0,154
16405,1869,500,101,114,120,182,500,0,65
16406,2091,500,336,176,236,205,500,0,90
16407,2973,500,188,456,0,260,1100,0,100
16408,1731,500,172,206,0,151,0,0,88
16409,3669,500,421,0,689,379,0,0,160
16410,1854,500,255,95,158,186,0,0,88
16411,1551,500,72,0,164,152,0,0,88
16412,3267,500,406,369,237,311,0,0,133
16413,1357,500,118,175,54,125,0,0,79
16414,2031,500,104,0,324,211,0,0,118
16415,1986,500,131,129,149,195,0,0,89
16416,1987,500,265,0,186,201,0,0,93
16417,4497,500,502,625,321,423,0,0,170
16418,4900,500,497,0,772,499,0,0,198
16419,1816,500,302,402,0,164,500,0,86
16420,2088,500,145,216,114,198,500,0,76
16421,2932,500,350,0,402,289,0,0,145
16422,1611,500,46,174,0,141,0,0,76
16423,6188,500,395,822,701,605,0,0,224
16424,1915,500,205,203,0,168,0,0,85
16425,3209,500,494,570,214,299,0,0,147
16426,3695,500,543,0,608,378,0,0,172
16427,3988,500,660,0,436,386,0,0,173
16428,2715,500,207,476,109,246,500,0,119
16429,3808,500,556,553,0,334,0,0,153
16430,4209,500,555,0,450,413,0,0,158
16431,1790,500,81,0,341,193,0,0,98
16432,2221,500,564,0,384,231,0,0,121
16433,3166,500,332,265,346,310,500,0,124
16434,1869,500,129,190,223,185,0,0,102
16435,1687,500,113,0,179,168,0,0,87
16436,4127,500,612,0,286,390,500,0,140
16437,1805,500,207,0,164,179,0,0,91
16438,4476,500,492,0,0,391,0,0,149
16439,1424,500,167,259,0,124,0,0,88
16440,3617,500,329,427,0,317,0,0,131
16441,1194,500,89,175,0,105,0,0,75
16442,3833,500,202,0,575,391,0,0,154
16443,5261,500,370,0,952,539,0,0,234
16444,5566,500,602,0,831,554,0,0,235
16445,6486,500,831,0,846,665,0,0,243
16446,1774,500,141,0,110,165,1103,0,78
16447,3201,500,400,783,0,280,0,0,149
16448,5686,500,313,0,940,583,0,0,224
16449,7666,500,1560,1690,0,690,500,0,264
16450,1522,0,555,332,0,134,0,0,79
16451,4785,500,436,0,686,484,0,0,182
16452,16704,900,2032,1426,2154,1635,0,0,618
16453,2794,500,575,200,224,272,0,0,113
16454,6665,500,221,0,1209,681,0,0,262
16455,2903,500,460,0,493,298,0,0,139
16456,9633,900,626,0,1753,992,0,0,377
16457,3518,500,195,0,571,367,0,0,146
16458,4420,500,266,645,215,407,0,0,161
16459,3403,500,280,0,0,306,0,0,131
16460,2709,500,210,0,531,287,0,0,142
16461,1508,500,93,149,65,140,0,0,79
16462,2985,500,461,0,437,302,0,0,137
16463,2116,500,256,431,0,186,500,0,85
16464,1414,500,170,0,188,140,500,0,76
16465,3520,500,320,0,394,356,0,0,155
16466,2225,500,266,181,167,215,0,0,98
16467,2051,500,263,233,108,192,500,0,80
16468,2079,500,220,330,61,193,0,0,104
16469,5162,500,369,0,889,524,0,0,224
16470,2382,500,253,394,154,222,0,0,117
16471,1106,500,58,0,163,115,0,0,84
16472,5106,500,1167,513,563,495,0,0,200
16473,3660,500,356,531,229,343,0,0,138
16474,2673,500,252,498,0,234,0,0,111
16475,13257,900,2321,2472,1458,1280,0,0,503
16476,6645,500,768,771,795,648,0,0,258
16477,32221,900,1965,6653,0,2900,0,0,981
16478,5211,500,778,478,571,506,0,0,205
16479,3573,500,372,486,390,348,1115,1140,107
16480,2836,500,172,183,382,293,0,0,118
16481,28932,900,3521,0,4007,2855,0,0,1025
16482,2185,500,167,368,181,206,0,0,114
16483,3944,500,539,0,579,411,0,0,165
16484,2354,500,162,311,0,205,0,0,94
16485,4628,500,1065,0,669,464,0,0,205
16486,3466,500,208,0,603,355,0,0,171
16487,2727,500,289,575,0,239,500,0,108
16488,3469,500,472,645,0,303,0,0,137
16489,6498,500,713,570,710,632,0,0,243
16490,3502,500,757,0,587,368,0,0,164
16491,9824,900,1378,0,1237,963,0,0,381
16492,2484,500,268,0,182,232,500,0,107
16493,14948,900,964,0,2817,1530,0,0,568
16494,1684,500,352,0,302,178,0,0,101
16495,1142,500,122,125,139,112,0,0,83
16496,4521,500,334,528,450,431,0,0,206
16497,4739,500,287,787,324,442,0,0,183
16498,6366,500,399,638,545,607,0,0,221
16499,2116,500,156,334,0,185,0,0,97
16500,2151,500,160,0,284,213,0,0,119
16501,4945,500,339,0,331,462,0,0,185
16502,4897,500,562,0,557,496,0,0,182
16503,2595,500,355,320,203,248,0,0,114
16504,3968,500,498,303,350,384,0,0,147
16505,2517,500,155,0,436,266,0,0,130
16506,1867,500,234,113,134,181,0,0,90
16507,2352,500,155,0,274,235,0,0,109
16508,8739,500,892,1279,0,764,0,0,291
16509,1621,500,175,0,290,175,0,0,102
16510,5035,500,323,0,700,508,0,0,190
16511,4426,500,414,763,0,387,500,0,139
16512,4664,500,451,0,626,470,564,0,171
16513,2809,500,456,0,327,275,0,0,133
16514,1459,500,199,98,192,151,0,0,85
16515,6638,500,668,1324,0,581,0,0,242
16516,5544,500,331,0,729,561,0,0,230
16517,2544,500,225,0,276,249,0,0,125
16518,5763,500,320,0,820,579,0,0,216
16519,2506,500,325,246,498,260,0,0,136
16520,4957,500,1124,0,650,487,0,0,213
16521,5078,500,337,0,898,527,0,0,199
16522,9314,500,2102,913,1300,929,0,0,359
16523,3840,500,362,0,562,393,0,0,154
16524,2463,500,164,292,531,279,0,0,122
16525,4402,500,228,679,282,410,0,0,162
16526,4509,500,559,0,599,447,0,0,189
16527,2605,500,222,481,0,228,0,0,109
16528,3010,500,431,395,278,288,0,0,138
16529,2672,500,0,260,283,259,0,0,127
16530,4777,500,253,0,938,499,0,0,205
16531,5888,500,601,0,829,592,0,0,223
16532,6877,500,1574,1281,590,652,10193,0,50
16533,2257,500,181,0,394,231,0,0,120
16534,2664,500,108,163,231,260,0,0,110
16535,2020,500,103,239,0,176,500,0,69
16536,2904,500,357,0,452,290,0,0,150
16537,3327,500,343,0,494,343,0,0,156
16538,3450,500,355,427,256,326,0,0,147
16539,2808,500,210,321,387,286,0,0,137
16540,4267,500,965,857,422,408,0,0,186
16541,2664,500,244,213,291,262,0,0,130
16542,2691,500,191,262,223,257,0,0,122
16543,4609,500,327,498,470,444,0,0,181
16544,2581,500,187,409,350,256,0,0,127
16545,2449,500,189,261,221,234,0,0,118
16546,15720,900,1667,3318,0,1416,0,0,519
16547,3437,500,815,698,315,326,0,0,168
16548,4530,500,546,537,540,442,0,0,188
16549,3595,500,409,0,433,353,0,0,167
16550,3355,500,601,289,341,326,0,0,138
16551,803,500,178,0,123,82,0,0,73
16552,1527,500,100,191,158,152,500,0,68
16553,1843,500,116,234,58,167,0,0,93
16554,6050,500,415,971,319,558,0,0,220
16555,9245,500,1059,1070,1016,895,0,0,338
16556,3988,500,395,395,364,384,0,0,157
16557,3895,500,538,596,303,367,0,0,168
16558,1086,500,90,79,113,107,0,0,81
16559,3580,500,518,0,499,357,0,0,160
16560,1720,500,182,0,194,168,0,0,99
16561,2374,500,1108,0,271,232,0,0,121
16562,3831,500,255,677,0,335,0,0,141
16563,1567,500,110,237,0,137,500,1463,40
16564,9409,900,1108,1684,1049,909,0,0,366
16565,2303,500,360,0,281,229,0,0,117
16566,1943,500,145,398,0,170,0,0,106
16567,2708,500,190,338,0,237,0,0,113
16568,4793,500,511,349,508,466,0,0,195
16569,5113,500,1136,682,604,496,0,0,211
16570,2019,500,97,0,325,210,0,0,107
16571,4381,500,0,322,516,433,0,0,173
16572,3283,500,0,327,321,316,0,0,146
16573,11636,900,1250,1385,1452,1136,500,0,429
16574,1838,500,118,228,0,161,500,0,66
16575,5146,500,916,0,1049,545,0,0,221
16576,3165,500,163,0,475,324,500,0,130
16577,2539,500,452,0,324,249,0,0,139
16578,1870,500,344,0,339,199,0,0,100
16579,4430,500,547,368,469,432,500,0,168
16580,5384,500,1149,0,849,558,500,0,210
16581,2548,500,311,398,0,223,0,0,105
16582,9733,900,1111,1768,535,894,0,1128,340
16583,1502,500,105,0,111,150,0,0,81
16584,3112,500,485,304,341,301,500,0,135
16585,3200,500,733,0,450,319,0,0,152
16586,1811,500,106,226,0,159,0,0,85
16587,3996,500,451,0,614,411,0,0,178
16588,3219,500,404,317,423,316,1099,0,134
16589,3022,500,191,0,447,306,0,0,148
16590,2962,500,200,0,416,300,0,0,130
16591,1824,500,296,95,128,180,0,0,89
16592,15601,900,1135,0,2498,1564,0,0,581
16593,1670,500,116,0,291,179,0,0,93
16594,2121,500,177,249,231,204,0,0,114
16595,1266,500,95,168,91,121,0,0,79
16596,5379,500,259,0,759,540,0,0,211
16597,17231,900,2155,3757,0,1552,0,0,570
16598,2750,500,578,0,347,281,0,0,114
16599,8168,500,937,0,1183,818,0,0,304
16600,1773,500,104,0,271,177,0,0,109
16601,1113,500,119,158,0,98,0,0,70
16602,2379,500,0,0,391,240,0,0,127
16603,867,500,39,76,0,76,0,0,64
16604,4580,500,507,0,698,464,500,0,173
16605,4033,500,287,554,271,376,0,0,163
16606,2935,500,151,0,400,304,500,0,118
16607,5102,500,619,1070,0,459,0,0,188
16608,2662,500,227,333,165,252,0,0,109
16609,7300,500,882,0,1308,744,0,0,299
16610,7030,500,1656,0,1419,728,0,0,319
16611,2037,500,449,383,157,192,0,0,115
16612,6347,500,673,0,921,632,0,0,249
16613,3337,500,282,0,403,334,0,0,137
16614,8776,500,554,0,730,833,500,0,289
16615,4737,500,498,0,734,483,0,0,186
16616,1858,500,176,130,177,182,0,0,94
16617,3524,500,380,569,160,323,500,0,127
16618,5196,500,362,0,576,504,500,0,178
16619,4741,500,288,0,546,460,0,0,198
16620,3532,500,744,622,0,309,0,0,141
16621,3580,500,554,427,492,355,0,0,163
16622,3133,500,313,448,171,290,0,0,136
16623,1634,500,152,332,0,143,0,0,90
16624,3778,500,863,0,649,383,0,0,171
16625,1695,500,107,160,62,158,0,0,81
16626,2100,500,104,154,237,207,0,0,103
16627,4861,500,561,0,674,490,0,0,183
16628,2185,500,132,202,161,219,0,0,100
16629,6074,500,352,930,315,560,0,0,217
16630,2729,500,293,0,497,279,500,0,130
16631,1390,500,95,141,0,121,500,0,62
16632,2574,500,267,0,502,276,0,0,130
16633,2067,500,193,169,246,204,0,0,111
16634,2799,500,581,0,337,292,0,0,120
16635,3962,500,220,655,0,347,0,0,139
16636,2423,500,383,357,505,264,0,0,118
16637,3988,500,450,210,571,401,0,0,163
16638,3206,500,461,378,325,308,0,0,144
16639,29465,2868,0,0,0,0,0,0,0
16640,1998,500,116,0,183,199,0,0,91
16641,3217,500,457,559,0,282,0,0,123
16642,3652,500,379,679,0,319,0,0,138
16643,5026,500,560,758,183,458,0,0,177
16644,4009,500,222,0,567,401,0,0,175
16645,7010,500,764,613,738,679,0,0,256
16646,2756,500,182,0,340,276,0,0,121
16647,1759,500,129,0,346,184,500,0,96
16648,1922,500,89,312,0,168,500,0,80
16649,1435,500,109,170,0,126,0,0,81
16650,4766,500,257,0,627,475,0,0,176
16651,2143,500,92,267,240,214,0,0,102
16652,1512,500,193,0,116,151,0,0,81
16653,10086,900,1124,0,1373,993,0,0,370
16654,11398,900,2722,2002,1184,1092,0,0,466
16655,3947,500,627,485,429,381,0,660,147
16656,1997,500,412,0,397,216,0,0,106
16657,11285,900,1889,1722,0,987,0,0,363
16658,20474,900,2378,3707,1665,1925,0,0,712
16659,1935,500,196,0,446,210,0,0,117
16660,5790,500,397,767,853,579,0,0,235
16661,6090,500,740,865,516,576,0,0,237
16662,1872,500,0,214,0,164,500,0,64
16663,2082,500,346,0,224,212,0,0,95
16664,3998,500,470,528,219,373,0,0,151
16665,7224,500,872,1497,0,632,0,0,253
16666,5232,500,979,841,0,471,500,0,171
16667,2277,500,482,0,411,238,0,0,117
16668,3220,500,510,662,0,281,500,0,120
16669,1797,500,100,164,24,161,0,0,79
16670,754,0,239,0,135,78,0,0,56
16671,3538,500,256,0,322,347,0,0,159
16672,2833,500,427,0,598,300,0,0,146
16673,3312,0,431,424,0,290,1566,0,38
16674,1541,500,164,146,170,148,500,0,84
16675,3533,500,296,577,0,309,0,0,130
16676,4175,500,222,629,277,391,0,1501,130
16677,3411,500,322,402,0,299,0,0,125
16678,3455,500,256,0,560,350,0,0,156
16679,3440,500,386,0,565,349,0,0,163
16680,6469,500,996,1381,0,582,0,0,237
16681,3830,500,250,0,578,390,0,0,164
16682,2684,500,137,480,0,235,500,0,108
16683,3010,500,327,364,329,289,500,0,135
16684,3313,500,256,385,485,330,0,0,161
16685,3422,500,655,730,0,300,0,0,138
16686,3748,500,517,641,0,328,0,0,141
16687,1833,500,255,0,207,191,0,0,86
16688,5221,500,0,0,655,514,0,0,207
16689,1907,500,117,0,176,189,0,0,90
16690,20326,900,3613,0,3577,2073,0,0,749
16691,2266,500,154,0,289,229,500,0,92
16692,3909,500,516,732,0,342,0,0,146
16693,2689,500,453,379,0,235,500,0,92
16694,3561,500,210,0,409,354,0,0,138
16695,904,500,81,75,115,92,0,0,71
16696,2739,500,271,257,266,275,500,0,124
16697,1917,500,397,313,0,168,0,0,94
16698,6364,500,666,1324,0,557,0,0,232
16699,3207,500,386,0,401,333,0,0,140
16700,3215,500,460,352,311,309,500,0,129
16701,10152,900,1045,2075,0,889,500,0,318
16702,2441,500,127,0,397,253,0,0,125
16703,3573,500,645,658,0,313,0,0,145
16704,3601,500,501,381,335,346,500,0,137
16705,6315,500,359,0,761,641,0,0,225
16706,2387,500,354,0,366,244,0,0,120
16707,2371,500,127,0,306,241,0,0,122
16708,2863,500,349,332,291,291,500,0,107
16709,2147,500,97,0,286,219,0,0,104
16710,1661,500,177,232,165,165,0,0,101
16711,2156,500,218,312,0,189,500,0,94
16712,1832,500,261,0,215,182,0,0,102
16713,2504,500,187,0,445,258,0,0,130
16714,4483,500,675,0,869,474,0,0,180
16715,2617,500,335,427,0,230,0,0,101
16716,2427,500,445,182,362,253,0,0,113
16717,3300,500,0,0,507,341,0,0,139
16718,2159,500,90,0,216,212,0,0,103
16719,2233,500,222,0,444,232,0,0,130
16720,9882,900,1144,917,1170,963,221,0,371
16721,6896,500,662,0,1032,717,0,0,281
16722,1914,500,0,0,263,199,585,0,84
16723,3252,500,327,494,161,299,0,0,134
16724,2711,500,340,0,257,265,0,0,115
16725,3290,500,318,698,0,288,0,0,134
16726,2704,500,389,386,0,244,0,0,125
16727,2570,500,148,195,167,246,0,0,105
16728,4618,500,527,647,429,440,0,0,191
16729,2243,500,267,0,173,218,0,0,99
16730,3135,500,310,387,228,295,0,0,135
16731,1878,500,157,330,261,185,0,0,109
16732,5419,500,865,1204,0,474,500,0,196
16733,2450,500,168,325,0,214,500,0,88
16734,3474,500,267,601,166,318,500,0,138
16735,2113,500,131,268,0,185,0,0,99
16736,3416,500,191,0,433,337,0,0,148
16737,19970,900,2278,3567,1435,1861,0,0,685
16738,2038,500,169,184,175,196,0,0,98
16739,2628,500,222,433,0,230,500,0,91
16740,3452,500,509,702,0,302,0,0,144
16741,1876,500,167,146,174,181,0,0,99
16742,1815,500,175,0,192,179,0,0,98
16743,2246,500,167,0,0,197,0,0,90
16744,1671,500,99,168,124,164,0,0,86
16745,2979,500,595,0,337,293,0,0,129
16746,1652,500,163,128,169,161,500,0,78
16747,3344,500,594,643,0,293,0,0,131
16748,3034,500,330,245,359,300,561,0,123
16749,1938,500,174,207,0,169,500,0,73
16750,3021,500,0,264,384,302,0,0,124
16751,7413,500,866,1467,0,649,0,0,250
16752,4911,500,320,0,912,504,0,0,211
16753,1804,500,222,155,169,178,0,0,95
16754,6341,500,886,0,1040,658,0,1148,227
16755,5429,500,579,0,670,537,0,0,207
16756,4743,500,0,0,628,471,0,0,199
16757,4058,500,202,765,0,355,0,0,160
16758,4691,500,469,774,565,460,0,0,186
16759,4019,500,842,0,525,410,0,0,173
16760,7402,500,949,1815,0,648,0,1419,286
16761,2095,500,136,362,0,183,0,0,99
16762,2936,500,0,0,335,288,0,0,132
16763,3356,500,557,535,258,315,0,0,163
16764,5183,500,344,0,818,529,0,0,200
16765,3301,500,403,512,208,306,0,0,149
16766,4009,500,255,0,578,409,0,0,160
16767,3004,500,209,0,519,309,0,0,141
16768,6658,500,768,1327,0,582,0,0,228
16769,4874,500,826,1104,0,438,0,0,186
16770,2281,500,172,149,283,232,0,0,105
16771,1520,500,88,225,121,143,2371,0,36
16772,3552,500,482,0,593,368,0,368,145
16773,6412,500,467,0,1048,646,0,9072,40
16774,1202,500,84,0,114,122,0,0,75
16775,952,500,0,90,59,94,0,0,74
16776,3312,500,519,667,0,290,0,0,135
16777,5110,500,754,825,233,469,0,0,191
16778,2257,500,373,303,123,209,0,0,108
16779,9979,900,2291,0,2007,1036,0,0,437
16780,1267,500,91,143,23,114,0,0,76
16781,5106,500,313,653,486,489,0,0,197
16782,4517,500,519,0,468,437,500,0,169
16783,4621,500,256,0,557,455,0,0,185
16784,1522,500,311,136,151,147,0,0,96
16785,1497,500,334,0,273,155,0,0,95
16786,2192,500,225,0,282,215,0,0,117
16787,3556,500,892,717,158,324,0,0,165
16788,3632,500,452,610,0,318,0,0,131
16789,1561,500,114,67,165,155,0,0,88
16790,2807,500,302,0,425,286,0,0,131
16791,3657,500,0,0,634,375,500,0,141
16792,1883,500,279,148,244,190,0,0,100
16793,3062,500,187,254,332,305,0,0,127
16794,3245,500,232,0,477,326,0,0,151
16795,13256,900,821,0,2276,1347,0,0,493
16796,2756,500,327,0,397,281,500,0,109
16797,1626,500,92,0,151,169,0,0,83
16798,3099,500,282,0,498,329,500,0,128
16799,11108,900,1265,1912,1209,1075,0,0,408
16800,3567,500,310,270,446,357,0,0,150
16801,2269,500,403,257,270,221,0,0,124
16802,4088,500,404,577,0,357,0,0,155
16803,2075,500,177,210,115,195,500,0,79
16804,2541,500,376,324,114,236,0,0,103
16805,3630,500,452,354,287,347,0,0,143
16806,10101,900,0,1512,712,946,0,0,318
16807,3844,500,255,0,647,390,0,0,182
16808,2022,500,557,0,334,207,0,0,115
16809,2739,500,1136,0,443,292,0,0,128
16810,4404,500,505,0,668,444,0,0,191
16811,5953,500,418,0,881,596,0,0,246
16812,2091,500,0,0,230,210,0,0,105
16813,3261,500,279,304,276,314,500,0,117
16814,3345,500,592,0,485,340,0,0,141
16815,5602,500,592,524,744,551,0,0,230
16816,2010,500,155,232,115,191,0,0,96
16817,5295,500,629,493,819,532,0,0,220
16818,7731,500,888,0,1195,800,0,0,298
16819,2599,500,272,0,0,228,0,0,119
16820,1523,500,292,186,60,141,0,0,80
16821,5227,500,556,868,321,486,0,0,206
16822,1178,500,123,0,177,125,0,0,80
16823,1618,500,140,191,165,155,0,0,98
16824,13275,900,1446,2298,647,1216,0,0,457
16825,3530,500,377,718,0,308,0,0,150
16826,2375,500,406,0,333,243,500,0,109
16827,3363,500,813,799,0,295,0,0,147
16828,3837,500,343,673,0,336,0,0,145
16829,2755,500,469,271,309,267,0,0,130
16830,3276,500,433,0,561,342,0,0,141
16831,2026,500,103,195,116,194,0,0,91
16832,3205,500,459,565,165,295,0,0,139
16833,1676,500,245,0,226,169,0,0,98
16834,5964,500,991,0,638,578,0,0,221
16835,7717,500,1575,663,912,753,500,0,283
16836,1688,500,278,259,231,172,0,0,103
16837,4698,500,522,0,1115,504,0,0,207
16838,7171,500,1770,712,950,711,0,0,288
16839,3635,500,383,0,384,353,0,0,149
16840,6077,500,646,992,490,577,500,0,209
16841,5213,500,575,461,728,520,0,0,210
16842,3905,500,328,641,0,342,0,0,138
16843,6081,500,685,0,977,631,0,0,242
16844,8230,500,943,1137,1257,827,0,0,315
16845,2582,500,247,197,299,256,0,0,121
16846,10776,900,1159,1958,1002,1023,0,0,412
16847,10393,900,990,0,1204,1006,0,0,440
16848,13112,900,955,0,2129,1357,0,0,493
16849,4301,500,305,873,0,376,0,0,171
16850,978,500,89,78,112,96,500,0,61
16851,5278,500,550,303,909,538,0,1506,196
16852,3971,500,908,0,500,393,0,0,168
16853,1525,500,243,218,224,154,500,0,85
16854,10210,900,1227,0,1405,1007,0,0,398
16855,1897,500,143,192,167,181,0,0,97
16856,3873,500,390,0,709,419,0,0,165
16857,3309,500,224,269,357,323,0,0,144
16858,2064,500,129,245,0,180,0,0,95
16859,5732,500,996,0,930,580,0,0,229
16860,3063,500,276,0,328,302,0,0,136
16861,8532,500,1953,0,1620,878,0,0,364
16862,4881,500,794,818,227,448,0,0,193
16863,5046,500,508,560,486,484,0,0,202
16864,2497,500,277,290,166,240,0,0,102
16865,2091,500,124,223,216,201,0,0,112
16866,2266,500,267,491,0,198,0,0,114
16867,2374,500,312,268,169,225,0,0,106
16868,3755,500,202,429,489,368,500,0,162
16869,2544,500,206,262,200,253,0,0,107
16870,8073,500,1254,1740,0,726,0,0,286
16871,3261,500,140,406,115,298,0,0,127
16872,3820,500,613,0,502,392,0,0,168
16873,2760,500,276,0,389,286,500,0,120
16874,6745,500,841,654,1137,683,0,0,277
16875,1592,500,257,0,211,158,500,0,81
16876,4738,500,452,890,0,426,0,0,171
16877,8128,500,980,0,1056,798,0,0,316
16878,4869,500,441,0,430,476,0,2487,139
16879,2364,500,223,340,166,224,0,0,110
16880,6312,500,677,1250,0,552,0,0,219
16881,1418,500,169,318,0,124,0,0,87
16882,3928,500,217,603,0,354,500,0,133
16883,2028,500,264,0,171,197,500,0,82
16884,1607,500,258,0,274,165,500,0,83
16885,1603,500,80,0,336,173,0,0,97
16886,4083,500,655,0,0,367,0,0,151
16887,1251,500,296,269,0,109,0,0,85
16888,3951,500,528,400,393,384,0,0,155
16889,3447,500,421,0,565,355,0,0,157
16890,6219,500,660,0,680,606,0,0,228
16891,5238,500,526,0,736,529,0,0,210
16892,6757,500,556,0,1026,681,0,1924,210
16893,8994,500,1371,2107,0,787,0,0,307
16894,2833,500,180,496,0,247,0,0,114
16895,4374,500,495,503,430,419,0,0,183
16896,3407,500,343,0,494,341,0,0,164
16897,2591,500,225,245,225,250,500,0,104
16898,4572,500,819,0,731,461,0,0,204
16899,4064,500,616,0,621,416,0,2985,102
16900,10115,900,625,0,1309,991,0,0,382
16901,1558,500,170,292,0,136,0,0,87
16902,3277,500,224,533,237,307,0,0,141
16903,1349,500,60,0,160,136,0,0,82
16904,1928,500,166,0,389,209,0,0,114
16905,3592,500,721,371,345,359,500,0,120
16906,2784,500,270,0,507,298,0,0,133
16907,2467,500,267,287,59,224,0,0,100
16908,7820,500,471,1535,0,704,0,0,260
16909,1119,500,95,0,175,115,500,0,63
16910,2028,500,371,0,276,210,0,0,107
16911,2383,500,459,382,273,235,0,0,115
16912,1340,500,71,201,0,118,0,0,83
16913,9394,500,622,0,1061,913,500,0,336
16914,1650,500,80,0,366,181,500,0,81
16915,4062,500,239,723,0,355,0,0,156
16916,2203,500,229,174,219,215,0,0,108
16917,2189,500,172,0,329,220,0,0,115
16918,4403,500,459,0,562,440,0,0,162
16919,2880,0,567,235,357,289,0,0,111
16920,2688,0,384,283,293,269,0,0,101
16921,6159,500,667,0,784,609,1243,0,206
16922,3324,500,276,538,0,290,0,0,124
16923,1121,500,111,135,137,109,0,0,85
16924,4248,500,552,793,0,372,0,0,155
16925,1973,500,58,123,119,190,0,0,87
16926,1798,500,114,0,134,179,0,0,90
16927,2749,500,292,323,375,272,0,0,136
16928,2914,500,288,0,482,303,0,0,133
16929,5825,500,567,809,0,510,0,0,202
16930,3240,500,209,254,296,311,0,0,138
16931,4973,500,547,0,587,486,900,0,165
16932,3535,500,390,0,446,356,0,0,142
16933,3178,500,336,0,404,317,0,0,140
16934,2047,500,126,0,420,213,0,0,118
16935,1467,500,113,277,0,129,0,0,90
16936,5654,500,369,656,638,561,7722,0,42
16937,1845,500,273,296,108,172,0,0,98
16938,2655,500,226,378,0,233,0,0,101
16939,3178,500,534,0,214,301,500,0,117
16940,1889,500,117,234,58,172,0,0,91
16941,48900,900,5240,10444,0,4279,0,0,1494
16942,1776,500,151,0,246,186,0,0,93
16943,3512,500,195,0,506,359,0,0,143
16944,4456,500,717,1001,0,390,500,0,169
16945,3254,500,436,264,348,319,0,0,138
16946,3272,500,229,272,429,325,0,0,144
16947,2032,500,96,178,221,200,0,0,105
16948,1684,500,205,0,168,168,0,0,88
16949,3160,500,0,332,358,306,0,0,148
16950,4088,500,495,0,632,415,0,0,173
16951,2559,500,224,367,0,223,0,0,107
16952,3476,500,403,704,0,304,500,0,201
16953,4017,500,0,0,639,411,500,0,145
16954,1408,500,73,140,0,124,0,0,72
16955,3691,500,467,0,330,354,0,0,151
16956,5167,500,311,769,378,482,0,0,210
16957,3072,500,218,0,615,323,0,0,153
16958,5995,500,644,0,0,539,0,0,219
16959,2763,500,526,0,167,265,0,0,125
16960,3375,500,199,0,516,340,0,0,147
16961,4132,500,408,803,0,361,0,0,155
16962,4021,500,416,0,667,417,0,0,163
16963,4925,500,290,0,772,498,0,0,200
16964,2430,500,376,350,124,225,0,0,105
16965,2067,500,181,269,168,200,0,0,99
16966,2366,500,175,0,229,236,500,0,90
16967,13686,900,1100,2314,729,1295,0,0,464
16968,3539,0,334,0,509,357,0,0,134
16969,65884,900,9154,14639,0,5765,500,0,2044
16970,8101,500,447,1336,493,750,0,0,281
16971,2249,500,299,136,194,222,0,0,97
16972,1817,500,307,107,295,184,0,0,114
16973,5728,500,1144,0,875,582,0,0,220
16974,2389,500,202,309,122,222,0,0,104
16975,9279,900,708,0,1614,940,0,0,375
16976,2767,500,152,539,0,242,0,0,125
16977,5055,500,343,938,0,443,0,0,181
16978,1277,500,77,0,221,130,0,0,95
16979,8148,500,1740,1902,0,713,0,0,305
16980,3569,500,519,0,544,359,0,0,164
16981,6916,500,282,883,0,605,0,0,220
16982,6338,500,626,978,334,586,0,0,219
16983,3716,500,571,0,511,374,0,0,161
16984,6342,500,367,0,828,625,0,0,244
16985,1674,500,255,341,0,146,0,0,94
16986,9148,500,1384,1594,617,854,0,0,339
16987,2769,500,208,477,159,255,0,0,135
16988,2595,500,509,0,398,267,0,0,124
16989,4373,500,130,450,471,424,500,0,176
16990,1569,500,286,253,179,155,0,0,96
16991,6412,500,633,905,0,561,0,0,221
16992,4418,500,743,0,718,445,0,0,192
16993,2345,500,233,357,165,220,0,0,110
16994,4780,500,935,1103,0,431,0,0,188
16995,3851,500,905,479,493,380,0,0,167
16996,11278,900,1272,1269,1323,1102,0,0,411
16997,4488,500,327,755,0,392,500,0,160
16998,4231,500,318,0,733,443,0,0,190
16999,1778,500,260,194,201,174,0,0,98
17000,2670,500,468,483,170,248,0,0,128
17001,2030,500,151,213,133,196,0,0,90
17002,2194,500,147,0,401,234,0,0,116
17003,3487,500,414,644,0,305,0,0,133
17004,11358,900,0,2105,0,994,0,0,396
17005,2555,500,149,0,279,257,0,0,107
17006,4652,500,544,0,694,463,0,0,198
17007,2358,500,181,301,334,236,0,0,124
17008,7444,500,364,0,1147,775,0,0,271
17009,2781,500,241,182,323,281,0,0,116
17010,4696,500,565,726,0,411,0,0,186
17011,1909,500,167,274,163,184,0,0,98
17012,8308,500,871,1369,450,766,0,0,285
17013,6808,500,1559,1002,1001,683,556,0,266
17014,2273,500,235,303,0,199,0,0,93
17015,3229,500,361,467,0,283,0,0,136
17016,2791,500,324,264,214,266,500,0,107
17017,1202,500,205,227,193,121,0,0,90
17018,3476,500,437,0,571,364,0,0,145
17019,3804,500,359,357,338,368,500,0,131
17020,4149,500,412,590,168,380,0,0,151
17021,4802,500,501,617,386,458,0,0,172
17022,2217,500,237,315,0,200,0,0,95
17023,2549,500,273,393,170,236,0,0,127
17024,2976,500,0,201,300,292,0,0,123
17025,2368,500,177,443,0,207,0,0,113
17026,8410,500,1534,0,1544,867,0,0,339
17027,2715,500,169,0,329,275,0,0,115
17028,2149,500,225,266,109,205,0,0,103
17029,4049,500,830,0,637,409,0,0,175
17030,2426,500,234,414,0,212,0,0,108
17031,1798,500,165,234,0,158,0,0,90
17032,4133,500,273,817,0,362,500,0,145
17033,1887,500,178,304,0,165,0,0,93
17034,1795,500,114,0,180,179,0,0,92
17035,1345,0,55,208,0,118,0,0,65
17036,2078,500,75,182,117,197,0,0,94
17037,2139,500,344,133,195,210,0,0,110
17038,6758,500,716,1426,0,591,0,0,234
17039,10386,900,1190,0,1548,1073,0,0,407
17040,4397,500,0,0,626,457,0,0,179
17041,4968,500,517,806,309,462,0,0,189
17042,1696,500,113,95,179,169,0,0,91
17043,2952,500,347,635,0,259,0,0,134
17044,5623,500,1403,0,378,538,0,0,231
17045,1666,500,264,368,0,146,0,0,97
17046,3499,500,214,322,275,334,0,0,146
17047,1640,500,112,0,228,167,0,0,92
17048,8869,500,990,0,929,857,0,0,305
17049,2474,500,188,466,0,217,500,0,101
17050,14323,900,1774,0,2016,1414,0,0,547
17051,4734,500,481,605,0,414,0,0,172
17052,4843,500,965,0,776,494,0,0,193
17053,3112,500,368,0,452,309,0,0,148
17054,2685,500,159,294,271,262,500,0,107
17055,2326,500,271,0,320,248,500,0,92
17056,5087,500,823,637,477,484,0,0,211
17057,4235,500,243,736,0,371,0,0,154
17058,3942,500,389,0,605,404,0,0,162
17059,8941,500,1346,0,1418,906,0,0,321
17060,7035,500,849,1453,0,615,0,0,247
17061,5922,500,364,0,747,586,500,0,202
17062,4746,500,586,573,555,461,0,0,202
17063,6125,500,655,0,902,620,0,0,224
17064,3460,500,220,0,554,357,0,0,149
17065,2013,500,133,145,218,204,0,0,106
17066,3691,500,217,0,325,351,0,0,161
17067,5716,500,655,0,989,581,0,2278,182
17068,3232,500,0,0,412,316,0,0,151
17069,2568,500,146,283,141,240,0,0,109
17070,2086,500,262,268,57,189,0,0,96
17071,10124,900,543,0,1143,983,0,0,391
17072,3361,500,222,264,432,335,0,0,147
17073,12983,900,1521,1055,1712,1280,1105,0,453
17074,10172,900,1149,0,1296,1002,0,0,361
17075,2726,500,309,0,300,272,0,0,131
17076,2736,500,186,0,328,271,0,0,119
17077,3864,500,708,0,464,386,0,0,281
17078,1763,500,171,225,0,154,500,0,78
17079,2259,500,0,240,63,206,0,0,95
17080,6560,500,462,0,489,615,500,0,232
17081,2873,500,336,259,479,293,0,4481,40
17082,1955,500,57,156,0,171,0,0,82
17083,2454,500,171,0,507,261,0,0,124
17084,7746,500,1208,1862,0,677,0,0,276
17085,2603,500,158,293,224,250,561,0,104
17086,2449,500,169,0,228,243,0,0,102
17087,1678,500,103,91,166,169,0,0,84
17088,3071,500,500,0,569,315,0,0,159
17089,6322,500,490,592,1092,641,0,0,271
17090,3783,500,829,0,609,383,0,0,168
17091,4408,500,469,625,399,422,0,0,192
17092,4023,500,581,698,224,371,0,0,161
17093,3889,500,902,572,332,370,0,0,167
17094,4138,500,867,0,678,438,0,0,168
17095,2197,500,153,124,194,218,0,0,94
17096,2467,500,105,289,155,234,2289,0,52
17097,3593,500,335,523,169,341,0,0,140
17098,2622,500,383,0,285,271,0,0,113
17099,1843,500,94,314,0,161,0,0,92
17100,2725,500,150,404,0,238,500,851,72
17101,1759,500,182,0,288,178,0,0,111
17102,2392,500,268,281,220,228,0,0,124
17103,4110,500,0,664,0,359,900,0,119
17104,5202,500,831,0,991,537,0,0,220
17105,6157,500,1090,1385,0,539,0,0,226
17106,1744,500,114,240,0,152,0,0,87
17107,5138,500,570,0,844,525,0,0,219
17108,4182,500,1127,0,513,417,0,0,160
17109,1967,500,157,0,225,195,0,0,98
17110,1095,500,111,223,0,96,500,0,60
17111,3839,500,389,196,521,385,0,0,169
17112,6597,500,695,1079,440,616,0,0,237
17113,1963,500,552,382,166,186,0,0,111
17114,2925,500,727,0,451,293,0,0,154
17115,2457,500,176,0,357,254,0,0,131
17116,13630,900,784,0,1533,1322,0,0,474
17117,1487,0,110,102,231,152,0,0,74
17118,3885,500,259,0,491,391,0,0,164
17119,1943,500,81,0,173,190,0,0,96
17120,7015,500,770,0,1181,721,0,0,265
17121,3996,500,410,0,524,401,0,0,161
17122,6540,500,361,0,1075,666,0,0,256
17123,2681,500,354,269,253,260,0,0,120
17124,2183,500,267,0,225,218,0,0,99
17125,5913,500,323,0,732,582,0,0,237
17126,1121,500,221,143,188,114,0,0,85
17127,3551,500,612,342,381,343,0,0,160
17128,4601,500,529,0,662,458,500,0,206
17129,5167,500,334,909,0,465,0,333,175
17130,6850,500,461,0,981,685,0,0,255
17131,5737,500,619,478,744,571,0,0,216
17132,3214,500,301,365,236,305,0,0,134
17133,9835,500,1010,2007,0,885,548,0,311
17134,1329,500,71,79,60,133,0,2093,40
17135,4069,500,619,425,324,387,0,0,160
17136,2233,500,181,0,235,226,0,0,100
17137,2513,500,177,426,128,230,500,0,108
17138,36701,900,4493,0,4800,3595,0,0,1289
17139,941,500,88,98,112,92,0,0,76
17140,3264,500,523,562,316,314,0,0,136
17141,2955,500,224,0,510,305,0,0,138
17142,4489,500,748,868,0,404,0,0,157
17143,2608,500,189,338,0,229,0,0,116
17144,2684,500,319,0,347,275,0,0,123
17145,2668,500,151,295,181,253,0,0,115
17146,4544,500,477,1053,0,397,0,0,178
17147,2729,500,436,0,336,267,0,0,133
17148,1740,500,132,0,287,186,0,0,101
17149,3674,500,528,0,723,380,0,0,180
17150,3397,500,516,555,210,318,0,0,145
17151,5248,500,572,0,809,524,0,0,233
17152,6568,500,679,0,957,663,0,0,245
17153,5651,500,634,0,898,593,0,0,233
17154,11928,900,1423,2140,1486,1165,0,0,451
17155,5886,500,835,572,551,566,0,0,215
17156,3212,500,552,0,600,330,0,0,159
17157,9867,900,1212,819,1179,961,0,0,393
17158,4617,500,1665,0,916,481,0,0,219
17159,1979,500,165,0,285,203,0,0,104
17160,1764,500,176,0,286,184,0,0,97
17161,2875,500,304,0,417,300,0,0,135
17162,5068,500,506,0,777,518,0,0,203
17163,6062,500,368,486,770,593,0,0,261
17164,7031,500,1123,1502,0,615,0,0,247
17165,4072,500,0,399,489,400,0,0,167
17166,3668,500,727,0,506,370,0,0,154
17167,23131,900,1384,3853,0,2024,0,0,700
17168,4181,500,549,654,0,365,500,0,154
17169,5734,500,816,0,1249,602,0,0,254
17170,8899,500,987,1774,0,778,0,0,282
17171,4097,500,538,334,460,403,0,0,164
17172,2074,500,90,264,124,195,500,0,83
17173,5374,500,350,0,780,543,0,0,207
17174,3927,500,328,641,0,344,0,0,138
17175,1285,500,83,137,0,114,0,0,71
17176,2806,500,283,0,184,264,500,0,110
17177,2156,500,157,199,140,208,0,0,94
17178,2805,500,527,311,223,267,0,0,126
17179,4350,500,685,0,598,446,0,0,177
17180,1584,500,223,177,229,160,0,0,97
17181,4486,500,490,0,746,465,0,0,205
17182,2852,500,183,0,382,284,0,0,134
17183,1677,500,113,220,293,178,0,0,100
17184,2005,500,177,130,179,197,0,0,96
17185,2942,500,158,0,438,310,0,0,129
17186,3920,500,285,761,0,343,500,0,131
17187,1634,500,209,0,174,169,0,0,88
17188,4405,500,496,403,530,431,0,0,186
17189,1676,500,118,0,281,177,0,0,100
17190,1458,500,71,241,0,128,0,0,84
17191,1583,500,190,376,0,139,0,0,98
17192,3819,500,447,0,504,378,0,0,163
17193,1636,500,127,190,92,154,0,0,84
17194,3954,500,441,638,204,365,0,0,158
17195,4263,500,294,451,569,436,500,0,175
17196,1596,500,190,333,0,140,0,0,94
17197,2645,500,247,0,382,275,0,0,116
17198,4881,500,334,943,0,428,0,0,182
17199,2718,500,447,0,541,289,0,0,144
17200,7269,500,465,1003,686,696,0,0,264
17201,8097,500,1403,1438,1188,812,0,0,314
17202,3330,500,702,548,171,317,0,0,135
17203,4603,500,528,852,0,402,0,0,166
17204,1932,500,63,0,237,203,0,0,87
17205,2752,500,171,298,186,260,0,0,116
17206,1691,500,234,0,258,184,500,0,83
17207,2167,500,346,0,177,213,0,0,97
17208,4057,500,413,408,425,396,0,0,161
17209,7594,500,1041,0,1130,760,0,0,296
17210,2623,500,275,548,0,230,0,0,129
17211,1823,500,175,347,0,160,0,0,96
17212,22037,900,2667,0,3057,2178,0,234,787
17213,10272,900,600,0,1914,1051,0,0,422
17214,3695,500,231,0,371,362,0,0,140
17215,3223,500,230,0,552,328,0,0,147
17216,1817,500,151,0,272,183,0,0,106
17217,1938,500,116,206,243,202,0,0,95
17218,3660,500,501,570,285,347,0,0,147
17219,2042,500,219,402,0,179,500,0,88
17220,2147,500,130,338,0,188,0,0,96
17221,3012,500,459,386,268,289,0,0,132
17222,5078,500,1126,1214,0,444,0,0,211
17223,4175,500,462,0,627,429,0,0,168
17224,1599,500,57,0,116,154,500,0,68
17225,5131,500,489,766,227,471,0,0,181
17226,1854,500,152,0,380,196,0,0,112
17227,6232,500,417,0,886,642,0,0,235
17228,4202,500,484,766,164,381,0,0,182
17229,2568,500,189,466,0,225,0,0,117
17230,2310,500,451,311,237,226,0,0,115
17231,1439,500,169,206,0,126,0,0,88
17232,9462,500,1146,1619,0,828,0,0,322
17233,3204,500,419,229,372,322,0,0,127
17234,3740,500,741,584,286,356,0,0,149
17235,9695,500,1066,1652,738,911,0,0,339
17236,4226,500,550,654,0,369,500,0,149
17237,2797,500,274,392,182,261,0,0,128
17238,6928,500,673,1108,320,635,0,0,253
17239,5860,500,1088,521,563,565,0,0,225
17240,6942,500,680,0,777,677,0,0,248
17241,2005,500,259,0,387,207,0,0,117
17242,1867,500,368,0,335,193,0,0,107
17243,2164,500,166,179,224,215,0,0,101
17244,2011,500,169,284,0,176,500,0,88
17245,6141,500,707,562,999,623,0,0,247
17246,4710,500,332,408,542,459,500,0,180
17247,1745,500,368,290,0,152,0,0,101
17248,4833,500,303,468,447,465,0,0,181
17249,2102,500,154,312,0,184,0,0,107
17250,3544,500,817,373,557,356,0,0,175
17251,10951,900,1291,1948,701,1017,0,0,399
17252,1763,500,72,229,115,166,500,0,77
17253,2014,500,142,303,113,187,0,0,102
17254,4025,500,550,481,363,383,0,0,173
17255,9721,900,545,0,1654,992,0,0,371
17256,2198,500,664,291,249,214,0,0,115
17257,5808,500,592,903,0,508,0,0,192
17258,3800,500,564,697,0,333,0,0,140
17259,3218,500,302,0,403,323,0,0,141
17260,2237,500,180,0,197,220,0,0,99
17261,6701,500,358,603,1105,677,0,0,283
17262,3292,500,342,0,554,335,0,0,165
17263,2270,500,236,0,237,222,0,0,107
17264,2863,500,328,509,242,271,0,0,137
17265,5678,500,370,0,838,592,0,0,211
17266,1629,500,0,249,0,143,0,0,86
17267,2501,500,564,373,113,231,0,0,107
17268,1521,500,332,0,226,155,0,0,93
17269,3592,500,838,340,628,371,0,0,156
17270,4434,500,311,0,711,460,0,0,206
17271,9596,500,587,819,1248,949,0,0,333
17272,1004,500,89,0,175,105,0,0,79
17273,4117,500,910,429,440,401,0,0,167
17274,2941,500,204,438,0,258,0,0,131
17275,2848,500,255,500,0,257,0,0,121
17276,3295,500,401,704,0,288,0,0,145
17277,13206,900,552,0,2099,1329,0,0,478
17278,2147,500,178,0,391,221,0,0,122
17279,3590,500,404,703,0,315,0,0,144
17280,3429,500,315,0,452,345,0,0,145
17281,1580,500,0,174,178,160,500,0,67
17282,2883,500,295,440,122,264,0,0,122
17283,6163,500,381,959,0,539,0,478,208
17284,4498,0,1003,0,709,457,0,0,166
17285,1551,500,250,139,161,150,0,0,93
17286,9258,500,1868,940,1068,898,0,0,362
17287,8118,500,553,876,804,802,0,0,295
17288,3757,500,509,0,466,374,500,0,135
17289,2444,500,560,446,0,215,0,0,102
17290,1262,500,201,203,112,121,0,0,86
17291,2013,500,159,0,313,203,0,0,112
17292,8555,500,445,0,1301,863,0,0,305
17293,2355,500,131,341,0,206,0,0,103
17294,6872,500,557,0,1053,696,0,0,263
17295,1356,500,73,0,75,141,0,0,75
17296,7340,500,747,1070,0,643,0,0,252
17297,5550,500,574,0,662,541,0,0,223
17298,8354,500,601,0,1360,864,0,0,323
17299,4224,0,512,0,531,425,0,0,177
17300,3013,500,602,0,653,326,0,0,134
17301,2728,500,393,0,379,273,0,0,127
17302,2149,500,220,0,221,207,0,0,113
17303,1930,500,153,230,57,175,0,0,87
17304,2693,500,401,0,362,275,4231,0,42
17305,4060,500,450,336,526,405,0,0,171
17306,2192,500,117,0,517,237,0,0,121
17307,3331,500,827,0,409,326,0,0,147
17308,3546,500,347,0,468,369,0,0,145
17309,4187,500,901,846,0,366,0,1291,162
17310,3824,500,758,334,375,370,0,0,150
17311,5510,500,508,999,0,483,0,0,187
17312,5600,500,542,774,0,490,0,0,196
17313,3968,500,1124,0,624,406,0,0,166
17314,6316,500,1103,0,755,616,0,0,240
17315,6732,500,1576,0,879,663,0,0,262
17316,3531,500,542,626,176,324,0,0,152
17317,5463,500,312,0,880,555,0,0,222
17318,4698,500,667,621,268,438,500,0,160
17319,3644,500,442,0,635,380,0,0,175
17320,3479,500,313,272,473,350,0,0,144
17321,3562,500,733,697,0,320,0,0,136
17322,1624,500,414,245,133,154,0,0,96
17323,2776,500,315,393,210,262,0,0,125
17324,2589,500,382,0,292,259,500,0,103
17325,5311,500,826,827,496,507,0,0,211
17326,3750,500,226,0,396,365,0,0,164
17327,1137,500,93,193,0,99,0,0,74
17328,1982,500,341,186,283,198,0,0,112
17329,3732,500,495,0,398,366,0,0,154
17330,4113,500,262,0,567,428,5870,0,48
17331,3433,500,302,0,552,365,0,0,155
17332,3226,500,277,392,0,282,500,0,109
17333,7401,500,580,0,1091,759,0,0,291
17334,3837,500,284,761,0,336,0,0,152
17335,5225,500,592,0,645,511,0,0,207
17336,10775,900,598,1538,747,1006,0,0,376
17337,3758,500,336,0,524,380,0,0,156
17338,5546,500,686,0,905,561,0,0,235
17339,2262,500,168,180,371,233,0,0,115
17340,2063,500,267,223,144,197,0,0,94
17341,5514,500,819,816,0,482,0,0,203
17342,1573,500,94,152,122,156,0,0,81
17343,5384,500,288,786,0,471,0,0,196
17344,2037,500,371,235,222,198,0,0,109
17345,3508,500,0,453,0,308,0,0,130
17346,7882,500,863,1324,0,690,0,0,257
17347,7234,500,864,786,813,699,0,0,286
17348,5359,500,679,0,594,524,0,0,204
17349,3598,500,450,0,590,362,0,2258,153
17350,4840,500,507,0,550,475,0,0,187
17351,1860,500,181,343,0,162,0,0,94
17352,6004,500,637,644,549,575,0,0,222
17353,6763,500,457,0,986,693,0,0,264
17354,4062,500,466,0,735,419,0,0,175
17355,3194,500,189,549,0,279,0,0,124
17356,3152,500,192,0,439,326,0,0,141
17357,4535,500,469,624,344,428,0,0,176
17358,7100,500,876,0,1378,738,0,0,288
17359,1661,500,301,204,59,153,0,0,88
17360,1709,500,107,0,112,165,0,0,85
17361,2456,500,182,0,273,240,0,0,126
17362,2476,500,93,179,180,239,0,0,101
17363,2909,500,282,500,0,254,0,0,120
17364,5936,500,602,947,293,546,0,0,212
17365,2240,500,133,0,438,232,0,0,129
17366,1453,500,221,0,221,145,0,0,95
17367,2074,500,175,175,142,197,0,0,97
17368,3821,500,0,167,377,372,0,0,158
17369,997,500,54,0,110,96,0,0,81
17370,3835,500,239,438,0,336,0,0,142
17371,1727,500,73,0,166,170,500,0,73
17372,4821,500,452,613,0,421,0,0,171
17373,5790,500,393,1135,0,506,0,0,209
17374,6455,500,667,1324,0,565,546,0,216
17375,1757,500,73,137,114,167,500,0,74
17376,2886,500,295,0,608,305,0,0,149
17377,7761,500,894,0,1336,792,0,0,295
17378,3622,500,639,489,338,360,0,0,145
17379,2218,500,233,468,0,194,0,0,111
17380,3385,500,242,473,315,327,0,0,135
17381,1860,500,128,248,0,163,500,0,69
17382,2996,500,454,0,391,295,0,0,149
17383,3988,500,624,722,164,363,0,0,165
17384,1626,500,256,268,0,146,0,0,87
17385,5979,500,839,0,752,587,0,0,244
17386,1937,500,444,0,250,196,0,0,114
17387,2190,500,145,231,158,208,0,0,103
17388,3087,500,191,308,324,300,500,0,118
17389,5411,500,372,626,829,556,0,0,233
17390,1588,500,256,270,111,149,0,0,90
17391,4038,500,226,677,269,375,0,0,171
17392,2785,500,190,338,0,244,0,0,113
17393,8372,500,970,0,1129,830,0,0,313
17394,8223,500,1707,0,1187,818,0,0,333
17395,24451,900,2584,5143,0,2140,0,0,768
17396,2628,500,333,0,441,265,0,0,145
17397,3470,500,280,395,187,324,0,0,135
17398,2082,500,97,0,280,212,0,0,104
17399,2133,500,91,0,228,212,0,0,105
17400,4499,500,260,0,720,462,0,0,178
17401,2451,500,238,0,351,250,0,0,122
17402,2977,500,236,0,514,317,0,0,126
17403,5974,500,705,0,858,615,0,0,229
17404,2782,500,308,260,409,278,0,0,147
17405,4731,500,520,0,841,491,0,0,195
17406,3453,500,331,364,333,332,0,0,148
17407,3489,500,654,0,703,362,0,0,166
17408,1869,500,129,222,139,183,0,0,96
17409,2599,500,377,416,0,228,0,0,104
17410,2553,500,407,284,278,248,0,0,122
17411,7302,500,758,0,1266,750,0,0,280
17412,2489,500,451,360,115,230,0,0,113
17413,1751,500,118,117,160,171,0,0,94
17414,2508,500,314,336,170,238,0,0,110
17415,3581,500,192,0,486,358,0,0,154
17416,1486,500,241,0,172,145,0,0,92
17417,4192,500,694,488,443,406,0,0,174
17418,15216,900,1736,1479,1922,1486,0,837,518
17419,5677,500,1137,0,602,552,1115,0,198
17420,7430,500,400,1398,0,669,0,0,250
17421,2744,500,0,426,0,240,0,0,107
17422,2805,500,412,0,338,279,0,0,126
17423,3038,500,454,0,332,295,500,0,124
17424,2294,500,180,211,117,216,500,0,78
17425,2728,500,327,0,516,282,0,0,144
17426,2180,500,106,0,276,218,0,0,108
17427,5504,500,351,0,713,556,0,0,221
17428,3742,500,513,700,0,327,0,0,148
17429,3356,500,183,649,0,293,0,0,143
17430,2802,500,228,446,0,245,0,0,111
17431,2477,500,186,408,282,241,0,0,123
17432,2124,500,218,432,0,186,0,0,105
17433,7358,500,1174,821,751,712,0,0,271
17434,1641,500,87,0,271,166,0,0,102
17435,1671,500,305,107,287,170,0,0,109
17436,3597,500,275,620,611,365,0,0,166
17437,1885,500,176,184,54,173,0,709,69
17438,1455,500,254,181,160,140,0,0,98
17439,2514,500,251,498,0,220,0,0,114
17440,2149,500,180,0,234,217,500,0,82
17441,1472,500,143,227,51,133,0,0,86
17442,1646,500,256,233,105,154,0,0,92
17443,3596,500,369,647,0,315,0,0,137
17444,2289,500,343,328,0,200,0,0,92
17445,2660,500,169,160,404,271,0,0,121
17446,3410,500,490,374,345,329,500,0,136
17447,879,500,0,155,0,77,500,0,54
17448,4248,500,492,751,214,390,0,0,176
17449,4588,500,131,0,704,466,0,0,182
17450,4404,500,450,648,263,411,0,0,158
17451,3490,500,336,0,422,346,0,0,153
17452,3121,500,302,442,119,293,0,0,131
17453,762,500,187,131,130,80,0,0,73
17454,3101,500,594,416,162,288,0,0,130
17455,4393,500,656,906,0,396,500,0,157
17456,1975,500,142,176,163,202,0,0,90
17457,1645,500,90,154,29,148,0,0,79
17458,21758,900,2533,2559,2411,2104,0,0,755
17459,1006,500,88,145,61,94,0,0,75
17460,5393,500,638,1127,0,471,0,0,211
17461,4624,500,543,819,0,405,0,0,155
17462,1814,500,111,0,347,188,0,0,107
17463,1964,500,232,293,182,188,0,0,116
17464,6172,500,692,684,721,603,0,0,227
17465,2369,500,156,0,345,246,0,0,111
17466,2534,500,222,314,0,222,0,0,109
17467,5271,500,793,0,905,555,0,0,232
17468,3847,500,657,618,313,363,0,0,169
17469,2816,500,308,443,170,262,0,0,125
17470,4147,500,424,628,446,406,0,0,165
17471,2151,500,148,0,335,219,500,0,102
17472,1709,500,0,74,186,180,0,0,95
17473,3553,500,554,0,430,354,0,0,145
17474,2939,500,379,437,287,286,0,0,129
17475,3319,500,431,260,378,328,500,0,126
17476,2428,500,233,0,292,250,0,0,118
17477,2856,500,342,312,195,273,0,0,113
17478,4431,500,246,619,221,409,500,0,155
17479,10961,900,1104,2187,0,987,0,0,365
17480,1318,500,329,298,0,115,0,0,88
17481,6383,500,595,1171,0,558,0,0,211
17482,1767,500,57,213,0,155,0,0,80
17483,2967,500,581,529,0,259,0,0,117
17484,5274,500,450,675,0,461,0,0,170
17485,790,500,114,157,0,69,500,0,55
17486,5894,500,1140,1202,0,516,0,0,195
17487,1567,500,82,313,0,137,0,0,94
17488,3293,500,0,0,405,332,500,0,118
17489,6903,500,442,603,879,679,0,0,265
17490,2819,500,590,323,273,271,0,0,129
17491,3211,500,397,447,158,298,500,551,97
17492,9042,500,1061,1081,934,867,0,0,337
17493,1407,500,88,122,81,133,0,0,78
17494,2961,500,529,438,172,278,0,0,123
17495,3489,500,378,653,0,305,0,0,137
17496,2419,500,173,288,174,230,0,0,110
17497,2147,500,176,208,0,187,0,0,89
17498,7233,500,769,0,1054,720,0,0,292
17499,1280,500,55,176,175,130,0,0,84
17500,2370,500,313,0,278,237,500,0,90
17501,2507,500,298,0,354,249,0,1141,103
17502,1075,500,100,199,0,94,500,0,61
17503,1029,500,52,80,106,100,0,0,77
17504,1680,500,106,226,0,151,0,0,84
17505,3331,500,603,0,0,292,0,0,145
17506,2526,500,254,0,394,255,0,0,132
17507,2817,500,165,0,264,276,0,0,114
17508,4271,500,507,743,0,373,0,0,164
17509,1694,500,95,0,279,173,558,0,85
17510,1605,500,165,0,283,164,0,0,100
17511,1130,500,196,130,136,118,0,0,79
17512,3436,500,774,0,442,339,0,0,153
17513,4909,500,348,0,925,510,0,0,215
17514,3356,500,139,0,389,335,0,0,135
17515,3880,500,199,468,0,340,0,0,142
17516,3283,500,343,681,0,288,0,0,141
17517,4091,500,404,0,0,357,500,0,159
17518,6447,500,425,0,907,645,500,0,223
17519,1132,500,105,207,0,99,0,0,76
17520,8040,500,912,912,828,774,0,0,294
17521,2800,500,443,446,349,282,0,0,136
17522,1698,500,257,289,77,155,0,0,96
17523,3178,500,445,0,475,338,500,0,127
17524,5491,500,0,0,799,549,7339,0,48
17525,11838,900,1326,1352,1108,1131,500,0,410
17526,1515,500,127,174,134,143,0,0,93
17527,1183,500,85,167,0,103,500,0,57
17528,5118,500,476,781,0,448,0,0,178
17529,7791,500,782,1550,0,701,0,0,261
17530,5118,500,751,713,547,499,0,7416,40
17531,1997,500,134,114,188,200,0,0,94
17532,1762,500,172,206,0,154,0,0,88
17533,2596,500,108,0,282,260,0,0,114
17534,4191,500,646,524,403,406,0,0,162
17535,3258,500,275,366,0,293,4326,0,42
17536,8126,500,448,699,828,782,0,0,297
17537,2527,500,106,0,268,249,500,0,102
17538,1340,500,293,205,57,123,0,0,85
17539,4668,500,488,774,204,427,0,0,198
17540,1909,500,341,0,171,185,0,0,96
17541,3254,500,603,0,455,332,0,0,134
17542,1999,500,165,240,0,175,0,0,90
17543,2491,500,224,0,269,244,0,0,120
17544,1976,500,441,364,112,182,0,0,104
17545,1907,500,66,0,179,193,0,0,92
17546,2615,0,333,412,161,244,0,0,103
17547,3316,500,282,0,529,344,0,0,143
17548,6907,500,728,0,464,645,500,0,232
17549,2300,500,250,0,335,232,0,0,117
17550,1436,500,171,136,243,146,0,0,96
17551,2494,500,181,0,399,256,0,0,120
17552,2711,500,274,0,488,282,0,4255,40
17553,4028,500,616,0,632,414,0,0,169
17554,7295,500,1565,686,767,708,0,667,265
17555,1682,500,165,235,111,158,0,0,94
17556,2131,500,160,0,222,206,500,0,99
17557,5892,500,316,0,645,574,500,0,199
17558,3533,500,228,267,348,343,0,0,140
17559,2563,500,410,143,448,264,0,0,125
17560,1590,500,115,0,219,168,0,0,92
17561,2962,500,351,0,435,294,0,0,144
17562,2158,500,530,0,356,218,0,0,126
17563,2174,500,232,382,0,190,0,0,100
17564,2854,500,151,0,444,299,0,0,142
17565,4632,500,702,0,448,449,6731,0,44
17566,2532,500,158,0,348,262,0,0,115
17567,12235,900,772,2005,422,1107,0,0,406
17568,3224,500,302,0,409,325,0,0,134
17569,2993,500,512,0,381,294,0,0,143
17570,2395,500,315,0,389,250,0,0,114
17571,1416,500,94,0,184,148,0,0,79
17572,6947,500,372,1412,0,608,544,0,230
17573,5613,500,575,0,708,552,0,0,225
17574,6198,500,701,0,952,642,0,0,264
17575,2902,500,229,0,338,292,0,0,116
17576,2920,500,357,350,397,288,0,0,143
17577,10473,900,660,1700,539,963,500,3266,278
17578,7909,500,447,1321,605,742,0,0,281
17579,4749,500,264,423,434,456,500,0,172
17580,2226,500,74,278,0,196,0,0,87
17581,1778,0,222,0,300,181,0,0,91
17582,2413,500,378,0,293,244,0,0,109
17583,2895,500,231,0,502,308,0,0,133
17584,2238,500,85,321,0,201,0,0,95
17585,1694,500,0,231,0,148,0,0,96
17586,6326,500,437,1088,367,584,0,0,251
17587,5522,500,899,626,613,553,0,0,220
17588,6161,500,662,0,788,612,0,0,222
17589,2863,500,334,468,0,251,0,0,125
17590,4534,500,506,0,608,452,0,0,184
17591,1574,500,91,0,240,170,0,0,86
17592,1438,500,254,181,159,139,500,0,82
17593,2521,500,391,0,444,259,0,0,131
17594,2844,500,413,0,339,283,0,0,126
17595,5783,500,297,1126,0,520,0,0,210
17596,4510,500,291,429,336,427,500,0,152
17597,1718,500,0,250,0,151,0,0,86
17598,9820,500,541,1603,689,918,0,0,331
17599,3701,500,193,468,420,364,0,0,158
17600,955,500,0,146,0,83,0,0,71
17601,1185,500,113,87,136,119,0,0,81
17602,2305,500,249,0,0,202,0,1059,89
17603,7382,500,1096,1525,0,646,0,0,258
17604,3419,500,283,0,456,347,0,0,137
17605,2855,500,314,539,0,249,220,0,110
17606,1673,500,79,149,216,169,0,0,94
17607,3484,500,546,0,488,356,0,0,157
17608,5027,500,498,0,712,506,0,0,203
17609,1766,500,156,0,203,179,0,0,96
17610,5793,500,813,0,926,581,0,0,252
17611,2633,500,402,0,376,268,0,0,135
17612,1552,500,141,0,169,154,500,0,72
17613,29171,900,3092,6158,0,2552,500,0,892
17614,3057,500,284,560,0,267,500,0,110
17615,1761,500,304,0,320,180,0,0,109
17616,3818,500,266,316,485,378,0,0,167
17617,2592,500,236,464,0,227,0,0,113
17618,6358,500,675,0,1151,651,0,0,267
17619,4068,500,411,607,285,384,0,670,137
17620,4667,500,492,0,544,468,0,0,192
17621,6161,500,344,785,0,539,0,1726,159
17622,2808,500,0,339,228,268,0,0,123
17623,2389,500,348,348,295,240,0,0,112
17624,1702,500,137,231,0,149,0,0,91
17625,1644,500,336,0,285,170,500,0,83
17626,3654,500,898,480,369,351,0,0,163
17627,1205,500,70,201,110,114,0,0,85
17628,4340,500,525,0,792,446,0,0,194
17629,9336,500,1108,0,1312,929,0,0,371
17630,3542,500,694,0,453,354,0,0,144
17631,2424,500,134,154,242,241,500,0,86
17632,1965,500,144,96,264,198,0,0,104
17633,1604,500,46,146,60,149,0,0,78
17634,14364,900,3719,0,2871,1486,0,0,614
17635,2779,500,260,0,279,273,0,0,118
17636,1519,500,0,230,60,138,0,0,91
17637,1344,500,62,0,170,136,0,0,85
17638,5624,500,415,976,810,558,0,0,243
17639,2295,500,125,268,218,221,0,0,113
17640,13420,900,1098,0,1790,1316,0,4386,400
17641,2533,500,194,418,222,240,0,0,131
17642,2626,500,258,173,225,253,500,0,107
17643,4124,500,392,0,606,428,0,0,182
17644,2019,500,151,0,288,212,500,0,78
17645,4648,500,286,681,329,434,0,0,186
17646,4536,500,449,309,478,444,500,0,152
17647,2457,500,576,0,553,273,0,0,120
17648,5784,500,359,1146,0,506,0,0,205
17649,1612,500,79,176,107,152,0,0,89
17650,4042,500,667,362,457,396,0,0,161
17651,1329,500,229,182,110,129,0,0,83
17652,2772,500,403,0,332,271,500,0,125
17653,6348,500,444,0,1065,642,0,0,263
17654,5626,500,845,0,883,579,0,0,234
17655,3232,500,476,0,0,291,4499,0,39
17656,2170,500,168,197,292,214,0,0,118
17657,1010,0,43,167,0,88,0,0,56
17658,3585,500,315,0,231,337,0,1891,96
17659,7989,500,834,1197,477,739,0,0,280
17660,4563,500,259,789,0,399,0,0,157
17661,2181,500,185,289,85,200,500,0,83
17662,1952,500,141,270,313,203,0,0,102
17663,2948,500,195,0,353,303,0,0,125
17664,2589,500,197,433,528,271,0,0,133
17665,2299,500,223,222,174,219,0,0,107
17666,1769,500,122,250,57,161,0,0,96
17667,2733,500,428,264,342,268,0,0,136
17668,2987,500,243,474,0,261,0,0,115
17669,1761,500,226,0,237,177,0,0,98
17670,5646,500,571,820,0,494,0,0,204
17671,1676,500,87,235,166,161,0,0,95
17672,2181,500,90,315,0,190,500,0,79
17673,2469,500,343,176,240,243,0,0,114
17674,2798,500,263,432,0,245,0,0,107
17675,5150,500,1132,1131,0,450,0,0,188
17676,6560,500,1466,1164,398,610,0,0,232
17677,2787,500,0,445,148,256,0,0,132
17678,3788,500,372,462,267,357,500,0,136
17679,1867,500,101,114,120,181,500,0,69
17680,4566,500,663,845,0,400,0,0,165
17681,6692,500,824,0,882,667,0,0,239
17682,6048,500,336,643,636,584,0,0,223
17683,7069,500,360,0,969,701,0,0,271
17684,1376,500,108,213,61,126,0,0,85
17685,6362,500,662,1085,641,612,0,0,243
17686,4448,500,299,0,522,447,0,599,172
17687,3888,500,253,517,0,340,500,0,131
17688,6877,500,1547,998,698,664,0,0,245
17689,1387,500,331,147,204,138,0,0,94
17690,5442,500,1070,0,0,476,0,0,201
17691,2560,500,479,0,344,268,0,0,123
17692,7919,500,977,0,1667,859,0,2921,248
17693,2749,500,156,0,354,278,500,0,108
17694,6360,500,701,0,912,637,0,0,239
17695,3787,500,445,555,376,364,0,0,167
17696,2220,500,253,168,181,217,0,0,97
17697,3532,500,339,0,427,354,0,0,145
17698,6918,500,843,654,1139,700,0,0,288
17699,7878,500,846,0,1416,813,0,0,312
17700,3745,500,681,0,328,362,0,0,143
17701,2645,500,288,0,392,266,0,0,133
17702,5392,500,250,683,475,531,500,0,183
17703,9421,900,541,0,1191,924,0,0,346
17704,3005,500,533,0,338,296,0,0,137
17705,6850,500,880,0,1034,682,500,0,245
17706,1493,500,146,289,0,131,500,0,72
17707,2777,500,379,0,461,286,0,0,132
17708,5087,500,319,868,0,445,0,0,177
17709,5365,500,339,938,0,469,0,0,188
17710,4096,500,251,828,0,358,0,0,158
17711,2948,500,571,0,486,308,0,0,130
17712,10254,900,551,1627,658,954,0,0,334
17713,2215,500,166,0,219,219,0,0,101
17714,2313,500,229,315,0,203,0,0,93
17715,1673,500,122,0,219,167,500,0,84
17716,2906,500,191,339,0,255,0,0,118
17717,1265,500,87,53,115,124,0,0,79
17718,3185,500,476,0,541,326,0,0,158
17719,1759,500,115,84,159,179,0,0,84
17720,1581,500,399,366,0,138,0,0,94
17721,3684,500,467,0,330,354,0,0,146
17722,1529,500,116,168,59,141,0,0,80
17723,5104,500,563,1047,0,446,0,0,167
17724,1978,500,166,0,166,192,0,0,96
17725,1255,500,266,212,108,120,0,0,84
17726,3457,500,0,490,166,319,0,0,134
17727,25151,900,2707,5398,0,2264,0,8270,613
17728,1589,500,173,0,174,156,0,0,97
17729,1515,500,63,0,173,153,0,0,86
17730,1562,500,98,112,117,152,0,0,87
17731,1766,500,104,0,220,172,0,0,105
17732,1151,500,86,0,114,116,1968,0,40
17733,7154,500,412,610,1032,716,0,0,264
17734,4422,500,578,486,416,424,0,0,179
17735,6482,500,656,1300,0,567,0,0,224
17736,3281,500,190,550,0,286,0,0,127
17737,3469,500,0,586,0,303,0,0,137
17738,1288,500,190,180,79,121,2178,0,36
17739,2681,500,109,0,291,278,0,0,111
17740,10743,900,1250,0,1240,1043,500,0,389
17741,13433,900,1517,0,2104,1349,0,1141,467
17742,8683,500,2177,0,1633,894,0,0,371
17743,6968,500,443,733,889,689,0,0,260
17744,1115,500,283,190,114,109,0,0,79
17745,1260,500,109,133,111,121,0,0,81
17746,2926,500,363,0,288,298,500,0,104
17747,4956,500,460,503,669,511,500,0,178
17748,2811,500,219,542,0,246,500,0,109
17749,3740,500,507,536,230,352,0,0,143
17750,2666,500,398,369,232,254,0,0,130
17751,3045,500,415,0,278,296,500,0,116
17752,2438,500,271,0,332,242,0,0,125
17753,3714,500,727,560,582,386,0,0,142
17754,2242,500,155,0,278,226,0,0,108
17755,4739,500,860,717,0,415,0,0,184
17756,31841,0,0,0,0,0,0,0,0
17757,5070,500,329,250,747,515,0,0,192
17758,1441,500,343,287,0,127,0,0,85
17759,1328,500,327,83,217,135,0,0,95
17760,3138,500,245,477,0,274,0,0,116
17761,5310,500,989,0,632,524,500,0,172
17762,2420,0,292,0,400,245,0,0,113
17763,1742,500,314,0,235,185,0,0,92
17764,3970,500,200,717,0,348,0,0,155
17765,2544,500,0,387,232,242,0,0,127
17766,7904,500,863,1588,0,691,0,0,255
17767,1842,500,94,262,0,161,500,0,83
17768,2718,500,304,0,341,268,0,0,129
17769,3162,500,369,0,447,314,0,0,148
17770,6147,500,442,0,998,620,0,0,246
17771,4049,500,368,524,0,355,0,0,148
17772,10703,900,1252,0,0,936,0,0,345
17773,16699,900,1046,965,2766,1684,0,0,611
17774,2217,500,467,200,263,219,0,0,112
17775,12724,900,655,1790,0,1114,0,0,405
17776,1546,500,110,214,61,141,0,0,86
17777,3285,500,459,488,0,296,0,0,145
17778,5632,500,577,0,1271,618,0,0,235
17779,1127,500,104,197,115,109,0,0,82
17780,10490,900,2399,1781,845,988,0,0,418
17781,4938,500,334,944,0,433,0,0,191
17782,2547,500,108,162,224,249,0,0,109
17783,3146,500,322,639,0,276,0,0,131
17784,9732,900,1180,0,1940,1019,500,0,370
17785,2908,500,185,534,0,262,0,0,123
17786,1703,500,213,227,201,172,0,0,94
17787,4665,500,543,558,483,448,0,0,192
17788,1935,500,75,0,169,190,0,0,93
17789,3120,500,288,0,306,306,0,0,128
17790,4321,500,396,617,196,397,500,0,141
17791,1595,500,163,0,225,161,0,0,94
17792,11870,900,1903,1915,0,1038,0,0,457
17793,3860,500,253,0,524,389,0,0,160
17794,8752,500,1140,0,1092,862,0,0,322
17795,3579,500,215,537,434,348,0,0,170
17796,3975,500,857,0,491,393,0,0,165
17797,1521,500,115,206,205,155,0,0,89
17798,4291,500,912,474,386,412,0,0,162
17799,2387,500,223,195,268,234,0,0,116
17800,4219,500,300,0,559,417,0,5994,40
17801,1317,500,65,97,178,131,0,0,89
17802,3291,500,0,0,575,335,0,0,161
17803,2122,500,219,362,121,196,1099,0,80
17804,1923,500,217,152,198,192,0,0,92
17805,2948,500,188,547,0,257,500,0,111
17806,2917,500,226,437,0,255,0,0,116
17807,2851,500,275,0,361,293,0,0,129
17808,8939,500,881,1742,0,783,0,0,289
17809,1833,500,175,130,177,180,0,0,93
17810,1568,500,73,109,170,155,0,0,90
17811,1273,500,86,179,0,115,0,0,75
17812,2964,500,278,0,391,300,0,0,136
17813,1916,500,149,361,0,167,0,0,99
17814,3024,500,208,531,0,265,500,0,112
17815,2717,500,377,0,392,274,0,0,135
17816,11135,900,816,0,1651,1107,1101,0,397
17817,5301,500,548,947,466,502,0,0,219
17818,4087,500,861,0,572,411,500,0,149
17819,4481,500,0,0,698,447,0,0,188
17820,3371,500,370,0,399,330,554,0,139
17821,8024,500,879,883,887,781,0,0,281
17822,1896,500,150,302,61,171,500,0,85
17823,5965,500,682,0,1107,617,0,0,257
17824,2152,500,124,223,216,207,0,0,114
17825,5546,500,514,562,615,544,0,0,206
17826,2945,500,433,0,446,298,500,0,122
17827,2634,500,257,0,365,265,1234,0,98
17828,4141,500,259,0,569,428,0,0,176
17829,2095,500,133,246,111,196,0,0,96
17830,5876,500,563,928,334,544,0,0,218
17831,4144,500,492,617,228,385,0,0,157
17832,4045,500,280,0,615,421,0,0,162
17833,7685,500,547,1130,532,717,9981,0,53
17834,3318,500,331,291,405,326,0,0,150
17835,2582,500,227,0,397,266,0,0,121
17836,3455,500,589,473,271,327,0,0,147
17837,9488,500,521,1021,1283,967,500,0,358
17838,6218,500,436,715,737,604,0,0,243
17839,2590,500,293,382,221,246,500,0,112
17840,4962,500,480,0,517,481,0,0,199
17841,1540,500,104,199,0,135,0,0,78
17842,1815,500,304,225,215,176,0,0,106
17843,9776,500,972,1923,0,855,0,0,313
17844,2750,500,187,546,0,240,0,0,125
17845,4502,500,245,777,279,417,500,0,174
17846,6310,500,602,1320,0,552,500,0,197
17847,3430,500,295,577,0,300,0,0,127
17848,1380,500,160,128,166,135,0,0,92
17849,1352,500,0,88,118,133,0,0,90
17850,7135,500,849,1253,554,671,0,0,267
17851,4457,500,458,0,504,438,0,0,174
17852,3825,500,538,615,161,350,0,0,142
17853,3234,500,368,271,441,319,0,0,154
17854,2032,500,350,320,0,177,0,0,92
17855,3518,500,742,0,551,360,0,0,153
17856,8045,500,861,876,891,805,500,0,265
17857,1371,500,266,252,0,120,0,0,81
17858,7920,500,785,1554,0,694,0,0,262
17859,2436,500,169,272,299,251,0,0,106
17860,2192,500,153,231,212,219,0,0,97
17861,4402,500,844,0,722,455,0,0,184
17862,2430,500,147,0,230,240,0,0,108
17863,3818,500,285,0,572,381,0,0,170
17864,7477,500,442,1436,0,655,500,0,231
17865,5001,500,825,445,647,497,0,0,202
17866,1166,500,70,120,0,102,0,0,72
17867,2441,500,150,0,509,272,0,0,113
17868,3879,500,613,0,552,392,0,0,166
17869,1545,500,81,130,0,135,0,0,72
17870,1397,500,234,242,154,136,0,0,89
17871,1833,500,210,166,250,182,0,0,105
17872,4066,500,555,0,771,420,0,0,195
17873,6383,500,389,0,907,659,500,0,220
17874,2236,500,172,0,329,225,0,0,123
17875,4777,500,249,892,0,418,500,0,167
17876,1247,500,88,102,138,125,0,0,79
17877,4181,500,495,859,0,366,0,0,164
17878,3420,500,224,486,286,323,0,0,151
17879,4505,500,699,0,290,434,0,363,153
17880,5416,500,313,0,1094,569,0,0,240
17881,1800,500,232,317,0,157,0,0,90
17882,1595,500,0,0,113,154,0,0,84
17883,4053,500,378,0,657,419,0,0,164
17884,10480,900,609,1458,916,997,500,0,362
17885,4754,500,456,650,0,416,500,0,157
17886,3525,500,465,302,328,338,500,0,132
17887,2634,500,310,302,277,262,0,0,136
17888,1688,500,161,280,0,148,0,0,87
17889,2454,500,149,337,123,227,0,0,112
17890,5160,500,463,657,0,451,0,0,175
17891,3204,500,0,490,0,280,0,0,123
17892,1167,500,188,181,78,110,0,0,81
17893,5199,500,628,633,650,522,0,0,235
17894,1241,500,45,0,170,132,0,0,80
17895,2725,500,1124,0,275,266,0,0,125
17896,4259,500,526,0,505,424,500,0,151
17897,2182,500,370,417,0,191,553,0,90
17898,2818,500,381,0,491,289,0,0,138
17899,1086,500,100,0,151,109,0,0,81
17900,3371,500,342,637,0,303,500,0,114
17901,1946,500,311,265,0,170,0,0,82
17902,4653,500,559,0,576,461,0,0,186
17903,2071,500,261,320,0,180,0,0,102
17904,3735,500,330,289,371,364,0,0,149
17905,4986,500,724,483,611,487,500,0,193
17906,5955,500,1145,1000,0,537,500,0,180
17907,2033,500,152,213,0,178,0,2863,40
17908,4246,500,543,0,640,436,0,0,171
17909,3753,500,0,560,0,329,0,0,133
17910,2197,500,235,180,320,222,0,0,115
17911,2343,500,192,0,269,238,0,0,102
17912,4379,500,491,898,0,383,500,0,165
17913,1128,500,262,86,97,109,500,0,61
17914,2667,500,279,557,0,234,0,0,123
17915,2476,500,292,294,292,241,500,0,109
17916,2136,500,168,0,348,215,0,0,120
17917,1752,500,208,0,229,182,0,0,90
17918,3774,500,223,0,503,389,0,0,158
17919,8265,500,451,0,1216,829,0,0,300
17920,3160,500,214,332,310,304,0,0,142
17921,3562,500,417,0,402,345,0,0,162
17922,3584,500,831,0,546,371,0,0,168
17923,1643,500,118,171,119,161,0,0,86
17924,8441,500,923,1646,0,738,0,0,272
17925,9854,900,578,0,1483,989,0,0,366
17926,2190,500,146,399,0,191,0,0,105
17927,3590,500,525,0,443,359,500,0,133
17928,3479,500,343,0,362,351,0,0,148
17929,1291,500,65,208,121,124,0,0,88
17930,3153,500,460,481,218,298,0,0,138
17931,12506,900,1482,0,1837,1249,0,0,468
17932,3333,500,213,257,336,325,0,0,140
17933,4304,500,0,0,562,431,0,0,171
17934,5426,500,326,803,324,506,0,0,190
17935,2516,500,185,0,325,250,0,0,122
17936,2990,500,208,413,346,290,0,0,142
17937,2097,500,0,207,136,198,0,0,99
17938,2838,500,455,417,210,267,0,0,127
17939,2373,500,216,0,303,247,500,0,94
17940,11486,900,1648,1146,1511,1126,0,0,433
17941,3869,500,385,636,270,362,0,0,163
17942,3966,500,497,482,423,381,0,0,181
17943,2339,500,379,0,346,239,0,0,109
17944,3307,500,381,0,354,320,0,0,148
17945,4572,500,515,0,763,482,0,0,186
17946,4014,500,404,803,0,352,5270,0,42
17947,2842,500,318,395,334,280,0,0,129
17948,8708,500,950,0,0,784,500,0,278
17949,4712,500,299,482,444,453,0,0,184
17950,2193,500,131,0,392,234,500,0,96
17951,7211,500,1503,0,0,649,0,0,261
17952,3831,500,386,552,377,373,0,0,159
17953,7377,500,919,0,0,664,0,0,258
17954,5062,500,363,0,723,503,0,0,208
17955,3212,500,827,0,409,324,0,0,153
17956,16964,900,866,2826,1375,1598,0,0,516
17957,3314,500,0,311,335,321,500,0,127
17958,3251,500,331,608,0,292,500,0,119
17959,3068,500,511,361,271,291,0,0,139
17960,6423,500,1111,0,1039,668,0,0,268
17961,1759,500,142,0,216,173,0,0,101
17962,2786,500,282,430,164,259,0,0,127
17963,1515,500,0,255,0,132,0,0,90
17964,3441,500,335,0,302,330,0,0,139
17965,1675,500,73,0,166,165,0,0,90
17966,2335,500,0,0,444,240,0,0,123
17967,3939,500,289,0,605,397,0,0,183
17968,5285,500,318,0,885,536,0,0,231
17969,1339,500,0,88,118,132,0,0,79
17970,2536,500,147,253,115,236,0,0,102
17971,19573,900,1246,3315,931,1789,0,0,635
17972,1864,500,105,92,169,187,0,0,87
17973,2534,0,181,351,0,222,0,0,83
17974,3122,500,127,265,284,304,0,0,126
17975,5008,500,324,885,0,438,500,0,160
17976,4748,500,331,744,224,436,0,0,187
17977,2572,500,363,204,305,256,0,0,115
17978,12346,900,0,1696,0,1080,0,0,388
17979,13473,900,1482,1993,1009,1265,0,0,468
17980,4388,500,489,0,490,424,0,0,187
17981,1306,500,189,0,113,131,0,0,77
17982,2639,500,134,328,224,252,500,0,105
17983,3421,500,253,0,495,339,0,0,168
17984,2323,500,1110,0,383,236,0,0,126
17985,3070,500,327,344,171,288,0,0,119
17986,8536,500,613,0,1065,833,0,0,322
17987,4202,500,429,379,514,412,500,0,164
17988,4158,500,205,0,614,430,500,0,172
17989,5100,500,507,835,215,466,0,0,192
17990,1691,500,114,0,180,175,500,0,73
17991,1601,500,225,260,0,140,0,0,85
17992,4374,500,385,629,280,410,0,0,158
17993,2138,500,223,321,0,187,0,0,108
17994,2918,500,291,575,0,255,500,0,112
17995,1585,500,333,0,227,161,0,0,88
17996,2978,500,443,0,510,311,0,0,151
17997,16049,900,933,1789,1756,1550,0,0,552
17998,3853,500,390,737,0,337,0,0,150
17999,1622,500,56,177,63,150,0,0,85
18000,2363,500,333,310,134,220,0,0,107
18001,2320,500,234,269,245,234,0,0,100
18002,4331,500,592,0,778,450,500,0,167
18003,2227,500,444,354,0,194,0,0,102
18004,3993,500,911,604,403,383,0,0,181
18005,2971,500,202,433,0,260,0,0,130
18006,1815,500,151,0,222,178,0,0,103
18007,3326,500,552,0,538,340,0,0,151
18008,4232,500,614,0,615,433,0,0,161
18009,16063,900,1091,3230,0,1406,0,0,509
18010,6637,500,834,0,1117,690,0,0,276
18011,3389,500,164,444,467,346,500,0,123
18012,5605,500,342,952,411,525,0,0,207
18013,5968,500,784,582,731,581,0,0,235
18014,7594,500,1391,958,902,739,0,0,294
18015,1876,500,63,0,175,195,0,0,90
18016,3343,500,463,0,327,321,0,0,147
18017,3992,500,647,0,533,410,0,0,172
18018,2136,500,373,235,223,208,0,0,107
18019,5311,500,347,0,635,522,0,0,200
18020,7331,500,500,1016,0,642,0,0,248
18021,3136,500,508,643,0,274,0,0,135
18022,3458,500,378,679,0,302,0,0,148
18023,4504,500,537,540,495,435,0,0,193
18024,3152,500,353,0,376,309,500,0,135
18025,2056,500,116,0,513,223,0,0,118
18026,8050,500,849,1694,0,704,0,0,279
18027,3137,500,384,0,398,316,0,911,109
18028,1335,500,170,0,221,135,0,0,92
18029,4175,500,212,0,627,428,500,0,150
18030,14550,900,1791,0,2023,1434,0,0,552
18031,6055,500,600,1189,0,530,0,1558,182
18032,4821,500,1120,0,604,470,0,0,215
18033,2446,500,478,249,220,237,0,0,112
18034,1829,500,99,144,0,159,0,0,80
18035,2360,500,0,210,138,223,0,0,99
18036,2908,500,382,0,510,305,0,0,141
18037,9626,500,993,1973,0,843,500,0,304
18038,2561,500,459,0,258,260,0,0,118
18039,1728,500,338,146,220,173,0,0,96
18040,5584,500,382,0,1007,571,0,0,254
18041,2005,500,342,0,346,206,500,0,97
18042,9552,500,600,1567,594,887,0,0,322
18043,4033,500,395,0,686,431,0,0,173
18044,3257,500,463,0,437,322,0,0,151
18045,2709,500,126,337,0,244,0,0,107
18046,27083,900,1091,5473,0,2437,0,0,820
18047,3603,500,233,0,501,366,0,0,146
18048,5828,500,339,873,432,545,0,0,224
18049,1327,500,56,0,176,135,0,0,87
18050,3334,500,374,0,359,322,0,0,156
18051,6550,500,385,1233,0,573,0,0,218
18052,2369,0,265,322,0,206,0,0,79
18053,3358,500,303,0,353,332,0,0,133
18054,22153,900,1107,0,3974,2267,500,0,759
18055,2651,500,294,294,282,257,0,0,124
18056,3715,500,448,668,224,343,0,0,162
18057,23158,900,2723,4234,1987,2182,0,0,807
18058,6368,500,600,1181,0,557,0,0,218
18059,2714,500,125,262,279,264,0,0,124
18060,4140,500,614,627,399,403,0,0,155
18061,1452,500,72,0,163,143,500,0,72
18062,2040,500,339,0,0,184,0,0,88
18063,1796,500,195,0,280,188,0,0,102
18064,3343,500,293,379,250,329,0,0,130
18065,3293,500,596,478,113,300,0,0,119
18066,2183,500,114,0,246,214,0,0,108
18067,4001,500,259,0,273,372,0,0,174
18068,2602,500,314,0,0,228,0,0,122
18069,3447,500,487,566,121,312,0,0,146
18070,3824,500,651,0,0,344,0,0,159
18071,4920,500,676,677,821,508,0,0,215
18072,3259,500,725,698,0,285,0,0,134
18073,4166,500,422,798,0,364,0,0,153
18074,1585,500,147,0,192,159,0,0,92
18075,10314,900,1021,1460,0,902,0,0,327
18076,5031,500,498,0,723,508,0,0,200
18077,4709,500,517,0,620,469,500,0,161
18078,3135,500,339,0,277,311,500,0,114
18079,4507,500,549,0,880,466,0,0,206
18080,4336,500,308,489,418,414,5976,0,49
18081,4594,500,294,0,678,470,0,0,179
18082,2381,500,350,368,140,223,0,0,113
18083,6455,500,435,1300,0,565,0,0,232
18084,1299,500,108,213,60,118,0,0,85
18085,1807,500,151,158,216,176,500,0,86
18086,3003,500,413,339,209,285,0,0,122
18087,7500,500,930,0,1213,755,0,0,302
18088,1963,500,144,0,231,195,0,0,102
18089,2933,500,227,444,0,257,0,0,85
18090,5694,500,333,0,1009,583,0,0,232
18091,3226,500,258,503,0,291,0,0,119
18092,5995,500,936,938,634,578,0,0,236
18093,4097,500,286,0,482,401,0,0,172
18094,4267,500,485,622,558,434,0,0,181
18095,8124,500,549,1636,0,711,0,0,289
18096,6577,500,1387,0,0,576,0,0,253
18097,2097,500,265,0,218,208,0,0,132
18098,4588,500,498,403,493,445,0,0,181
18099,9462,500,1110,1480,640,881,0,0,331
18100,4551,500,546,0,874,481,0,0,209
18101,3941,500,396,0,581,398,0,0,168
18102,12457,900,1470,0,1622,1226,0,1620,427
18103,3858,500,535,0,520,385,0,0,163
18104,2063,500,447,0,337,211,0,0,111
18105,2462,500,154,298,0,215,0,0,99
18106,3138,500,488,0,493,316,0,0,155
18107,7122,500,807,0,926,703,0,0,268
18108,3747,500,605,547,411,375,0,0,163
18109,10510,900,673,1548,0,920,0,0,357
18110,4713,500,752,444,559,461,0,0,188
18111,9566,500,661,1562,718,898,0,0,324
18112,3648,500,338,0,397,361,500,0,128
18113,4914,500,0,536,620,479,0,0,217
18114,1974,500,131,0,350,206,500,0,90
18115,3813,500,488,661,0,333,0,1541,109
18116,1324,500,96,141,63,123,0,0,81
18117,7712,500,1321,0,1217,776,0,0,301
18118,4166,500,804,0,971,475,0,0,177
18119,6672,500,803,634,954,661,0,0,267
18120,2958,500,403,0,302,288,0,0,131
18121,5584,500,592,1134,0,503,500,0,183
18122,2486,500,586,0,442,254,0,0,129
18123,10909,900,1103,1824,0,955,0,0,365
18124,1686,500,286,119,149,165,0,0,91
18125,1756,500,102,152,232,173,0,0,102
18126,2210,500,240,267,117,207,500,0,80
18127,775,500,116,0,168,83,0,0,74
18128,2205,500,343,321,0,193,0,0,90
18129,7519,500,472,1539,0,658,0,0,242
18130,1989,500,115,0,234,203,0,0,95
18131,2930,500,162,0,442,304,0,0,132
18132,3332,500,384,0,611,345,0,0,156
18133,5535,500,565,0,0,484,0,0,201
18134,4645,500,532,0,1017,491,0,0,217
18135,1518,500,148,0,179,149,0,0,90
18136,3284,500,289,472,309,318,0,0,139
18137,7737,500,567,0,1492,820,0,0,307
18138,11135,900,1156,2299,0,974,0,0,378
18139,3158,500,462,322,332,309,0,0,131
18140,2600,500,226,191,272,256,0,0,117
18141,1453,500,171,165,239,148,0,0,94
18142,2255,500,222,279,174,215,0,0,109
18143,4630,500,504,280,794,469,0,0,202
18144,5085,500,0,0,525,494,0,0,187
18145,7617,500,887,0,970,751,0,0,284
18146,3370,500,332,255,425,338,500,0,125
18147,4386,500,409,0,499,443,0,0,179
18148,9479,900,1163,0,1411,976,0,0,382
18149,3094,500,208,0,507,319,0,0,137
18150,3619,500,312,0,452,364,0,0,151
18151,4180,500,526,715,264,388,0,0,166
18152,3239,500,355,0,529,329,0,0,147
18153,3962,500,334,411,443,387,0,0,160
18154,10649,900,1142,0,1709,1078,0,0,407
18155,2922,500,229,0,397,300,0,0,123
18156,4151,500,445,356,484,406,500,0,156
18157,5952,500,418,0,971,605,0,0,241
18158,1652,500,0,91,122,163,0,0,83
18159,3669,500,526,0,614,383,500,0,134
18160,6117,500,877,1003,225,556,500,0,193
18161,9584,500,635,0,1445,965,500,0,325
18162,4104,500,415,0,551,413,500,0,155
18163,2695,500,472,273,554,281,0,0,140
18164,3788,500,602,538,0,332,0,0,146
18165,4070,500,667,0,284,394,500,0,142
18166,4082,500,614,419,450,402,500,0,149
18167,5104,500,322,1019,0,447,0,0,188
18168,11287,900,683,0,2068,1157,0,0,482
18169,3300,500,322,0,434,327,0,0,157
18170,4873,500,540,995,0,426,0,0,184
18171,2923,500,210,160,315,283,0,0,138
18172,2230,500,103,343,0,196,0,0,104
18173,2371,500,98,293,90,217,0,0,101
18174,1602,500,171,206,0,140,500,0,70
18175,2771,500,412,285,276,277,0,0,126
18176,3689,500,603,740,0,332,0,0,148
18177,1783,500,130,268,102,165,0,0,95
18178,2657,500,166,373,96,242,500,0,98
18179,2295,500,351,0,228,230,0,0,102
18180,5111,500,329,706,573,512,500,0,194
18181,2149,500,169,0,233,217,0,0,100
18182,4987,500,364,0,610,486,0,0,219
18183,4554,500,459,0,505,447,0,0,174
18184,5568,500,390,0,995,573,0,0,243
18185,6206,500,555,0,825,632,500,0,224
18186,4072,500,450,630,470,401,0,0,295
18187,34155,0,0,0,0,0,0,0,0
18188,4363,500,247,748,0,382,500,0,136
18189,4572,500,471,0,591,450,500,0,178
18190,3336,500,478,0,549,342,500,0,136
18191,2477,500,407,0,328,245,0,0,127
18192,6346,500,347,0,895,634,0,0,245
18193,6174,500,681,548,810,611,0,0,239
18194,3926,500,661,0,542,389,0,0,185
18195,6108,500,608,509,731,602,500,0,209
18196,2337,500,352,146,229,234,0,0,100
18197,5692,500,313,0,776,569,0,0,213
18198,10971,900,600,1788,703,1018,0,0,377
18199,3000,500,590,480,106,273,0,0,130
18200,3581,500,591,473,272,339,0,0,148
18201,3147,500,372,489,252,296,0,0,143
18202,3706,500,222,0,512,377,0,0,146
18203,3394,500,374,489,254,320,0,0,144
18204,11418,900,609,1669,0,1000,0,0,381
18205,2926,500,277,0,397,292,0,0,133
18206,2723,500,293,286,250,261,0,0,126
18207,5072,500,335,0,0,444,1680,0,148
18208,1703,500,112,0,120,167,0,0,90
18209,3066,500,191,0,335,300,0,0,134
18210,1980,500,105,0,223,193,0,0,106
18211,1542,500,192,286,281,157,551,0,88
18212,6384,500,687,558,856,634,0,1211,199
18213,1659,500,183,143,211,164,0,0,97
18214,3163,500,456,546,354,308,0,0,145
18215,5069,500,291,0,882,522,0,0,204
18216,6843,500,754,0,1115,707,0,0,295
18217,5385,500,572,632,544,516,500,0,203
18218,3053,500,603,0,654,331,0,0,134
18219,1259,500,94,133,120,126,0,0,77
18220,1908,500,140,270,0,167,0,0,87
18221,3007,500,416,0,335,298,0,0,126
18222,3316,500,332,566,0,290,0,0,124
18223,1524,500,171,161,111,144,0,0,90
18224,11596,900,1062,2301,0,1015,0,0,670
18225,2177,500,83,0,350,235,500,0,81
18226,2521,500,149,0,343,264,0,0,122
18227,6495,500,775,0,848,637,0,0,261
18228,2274,500,128,327,0,204,0,0,95
18229,4250,500,513,665,340,400,500,0,162
18230,34811,900,4191,4233,4157,3381,0,0,1207
18231,36905,900,1106,0,5949,3816,0,0,1238
18232,3108,500,188,488,0,272,500,0,103
18233,1909,500,353,0,234,192,0,0,102
18234,2246,500,154,480,0,196,0,0,107
18235,2004,500,82,0,346,216,0,0,100
18236,3255,500,0,359,259,312,0,0,131
18237,9180,500,1044,0,1326,920,0,0,334
18238,4758,500,311,0,523,464,0,0,183
18239,1786,500,143,0,179,178,0,0,90
18240,2405,500,126,0,270,237,0,0,115
18241,1877,500,157,205,0,170,0,0,82
18242,4809,500,498,603,322,450,500,0,161
18243,5689,500,673,0,674,555,500,0,196
18244,6407,500,1546,0,1168,657,0,0,265
18245,3471,500,518,0,604,355,0,0,163
18246,5840,500,1030,1343,0,511,0,0,203
18247,2622,500,375,429,0,230,0,0,105
18248,3237,500,338,482,280,309,0,0,135
18249,1671,500,166,0,284,171,1114,0,76
18250,2492,500,147,417,170,232,0,0,124
18251,1798,500,209,166,249,179,0,0,105
18252,6856,500,0,601,1285,703,0,0,268
18253,6617,500,1122,1155,0,579,0,0,232
18254,5907,500,352,498,654,574,0,0,238
18255,1612,500,140,284,55,145,0,0,94
18256,1238,500,71,0,160,122,0,0,87
18257,2399,500,152,420,0,216,0,0,108
18258,2899,500,327,494,121,264,0,0,130
18259,3844,500,659,478,386,379,0,0,179
18260,5954,500,390,790,500,567,0,0,218
18261,2562,500,274,0,436,264,0,0,129
18262,4025,500,392,0,576,409,0,0,159
18263,3392,500,278,541,0,296,0,0,124
18264,1653,500,72,198,115,160,0,0,92
18265,7503,500,983,870,745,720,0,0,281
18266,4259,500,570,701,242,394,0,0,177
18267,4187,500,286,763,0,366,0,0,156
18268,3893,500,693,0,719,400,0,0,185
18269,3316,500,211,478,0,298,0,0,128
18270,2374,500,272,92,336,249,0,0,105
18271,5763,500,627,902,316,533,0,0,200
18272,2989,500,194,318,352,299,0,0,120
18273,5004,500,579,0,733,518,0,0,205
18274,2363,500,93,270,243,236,0,0,103
18275,2080,500,68,185,0,182,0,0,85
18276,1435,500,56,0,114,138,0,0,83
18277,2053,500,155,133,308,216,0,0,99
18278,2513,500,339,282,0,220,500,0,88
18279,4844,500,501,504,502,471,0,0,187
18280,1584,500,112,139,128,161,0,0,82
18281,5299,500,625,0,808,532,0,0,218
18282,5860,500,829,632,653,574,0,0,218
18283,2581,500,272,391,0,226,0,0,121
18284,3927,500,399,792,0,343,0,0,156
18285,3836,500,627,0,583,383,0,0,184
18286,7137,500,452,971,0,624,0,0,239
18287,4716,500,328,0,849,487,0,0,199
18288,3092,500,226,457,0,270,0,0,114
18289,1234,500,240,94,149,124,0,0,86
18290,3263,500,368,194,424,320,0,0,154
18291,2405,500,567,318,168,235,0,0,119
18292,2666,500,334,409,216,251,0,0,130
18293,3831,500,558,604,221,366,500,0,140
18294,893,500,472,0,171,98,500,0,66
18295,3661,500,333,591,0,320,0,0,137
18296,1990,500,175,0,0,174,0,0,88
18297,4450,500,296,0,791,462,0,0,187
18298,4281,500,249,627,335,406,500,2369,96
18299,3168,500,379,0,496,318,0,0,154
18300,5893,500,377,0,770,587,0,0,215
18301,12463,900,1547,757,1990,1252,0,0,485
18302,2105,500,151,364,0,190,0,0,101
18303,4755,500,764,1065,0,416,0,0,193
18304,43040,900,5009,7727,3950,4088,0,0,1431
18305,2554,500,454,0,442,259,0,0,136
18306,3279,500,205,431,166,305,0,0,131
18307,2676,500,327,0,360,263,0,0,137
18308,2068,500,260,141,272,212,0,0,101
18309,1876,500,263,256,136,179,0,0,92
18310,14775,900,0,0,2893,1529,0,0,532
18311,2625,500,1107,609,0,230,0,0,111
18312,3815,500,362,288,539,388,0,0,151
18313,3817,500,440,528,447,370,0,0,168
18314,3216,500,221,264,430,320,0,0,146
18315,5316,500,1071,0,825,556,0,0,225
18316,1309,500,93,0,182,137,0,0,81
18317,7004,500,817,1157,475,655,0,0,243
18318,3223,500,226,332,334,312,0,0,142
18319,5220,500,808,551,619,531,0,0,203
18320,6040,500,373,933,382,562,0,0,212
18321,6372,500,674,533,714,624,0,0,232
18322,3100,500,325,467,0,272,0,0,136
18323,1717,500,88,310,0,150,0,0,92
18324,7539,500,434,1076,0,659,0,3084,182
18325,2077,500,282,148,246,209,0,0,103
18326,2114,500,143,287,56,190,0,0,103
18327,1526,500,0,0,341,163,0,0,99
18328,2026,500,330,0,305,204,0,0,119
18329,3869,500,215,633,0,338,0,0,139
18330,1385,500,168,206,0,121,0,0,90
18331,3050,500,329,182,513,309,500,0,128
18332,7496,500,476,1560,0,656,0,0,262
18333,2795,500,310,459,469,286,0,0,144
18334,3636,500,216,0,454,365,0,0,145
18335,2349,500,290,200,302,230,500,0,110
18336,2234,500,153,297,56,202,0,0,99
18337,4946,500,958,688,363,468,0,0,190
18338,2004,500,81,214,134,192,0,0,93
18339,3011,500,0,263,287,292,500,0,115
18340,1844,500,173,207,0,161,0,0,93
18341,3740,500,441,353,519,370,0,0,165
18342,3688,500,0,508,0,323,500,0,135
18343,3276,500,286,405,562,343,0,0,146
18344,16004,900,1090,3259,0,1401,0,0,511
18345,10277,900,630,0,1760,1046,0,0,393
18346,3068,500,731,0,504,311,0,0,153
18347,13534,900,845,0,2578,1395,0,0,505
18348,1814,500,151,199,278,182,0,0,106
18349,3154,500,196,538,181,290,0,0,144
18350,2072,500,105,0,224,202,0,0,105
18351,2272,500,180,132,182,223,0,0,96
18352,2768,500,267,0,326,278,0,0,119
18353,3113,500,1136,0,324,306,0,682,116
18354,3414,500,222,264,432,340,0,0,145
18355,4465,500,319,509,429,425,0,0,189
18356,4549,500,336,423,633,449,0,0,195
18357,2911,500,349,0,329,282,0,0,140
18358,4194,500,489,898,0,367,0,0,166
18359,1466,500,0,199,165,142,0,0,94
18360,2485,500,141,375,0,223,0,1125,76
18361,1507,500,89,53,117,147,0,0,81
18362,3018,500,456,0,0,272,0,0,134
18363,1342,500,206,0,280,149,0,0,89
18364,5195,500,585,736,0,454,500,0,159
18365,1743,500,179,257,0,153,0,0,96
18366,1803,500,206,0,310,185,0,0,105
18367,2666,500,181,325,236,257,0,0,117
18368,4032,500,619,0,380,390,500,0,149
18369,1420,500,0,0,276,147,0,0,96
18370,21977,900,2338,4659,0,1922,0,0,701
18371,1295,500,113,223,0,113,500,0,63
18372,3390,500,535,255,408,335,0,0,145
18373,4132,500,261,268,514,413,0,0,162
18374,3963,500,545,859,0,347,500,0,149
18375,5888,500,422,0,1114,628,500,0,221
18376,1649,500,163,128,169,161,500,0,78
18377,3307,500,314,414,229,321,0,0,135
18378,4470,500,819,0,594,462,566,0,166
18379,1639,500,193,230,0,143,500,310,59
18380,2833,500,1115,601,0,248,0,0,112
18381,3426,500,466,0,340,336,0,0,133
18382,18899,900,1187,3222,1208,1802,0,0,687
18383,8345,500,879,1262,0,730,0,0,288
18384,1561,500,170,206,0,136,0,0,86
18385,4465,500,315,765,432,426,0,0,184
18386,2159,500,153,0,288,218,0,0,104
18387,2905,500,279,0,580,316,0,0,141
18388,5191,500,888,847,389,486,0,0,210
18389,4819,500,469,0,0,422,0,0,166
18390,767,500,241,161,50,72,500,0,59
18391,2211,500,117,288,0,193,500,0,76
18392,3214,500,465,382,534,335,0,0,151
18393,2050,500,154,0,396,217,0,0,111
18394,5144,500,950,0,0,463,0,0,190
18395,4519,500,546,0,318,427,0,0,169
18396,2367,500,250,415,0,207,500,0,104
18397,2316,500,266,269,58,210,500,0,79
18398,4480,500,667,0,672,450,0,0,195
18399,3938,500,596,737,265,366,0,0,176
18400,5148,500,335,0,592,506,0,0,196
18401,5029,500,491,917,0,441,0,0,175
18402,4053,500,377,0,496,404,0,0,158
18403,2888,500,327,0,278,282,0,0,116
18404,2853,500,0,0,352,281,500,0,118
18405,4193,500,406,0,490,411,0,0,172
18406,3162,500,278,545,0,276,0,0,128
18407,10977,900,618,1835,777,1025,0,0,386
18408,1492,500,330,132,163,147,0,0,89
18409,4219,500,839,906,0,369,0,0,172
18410,2084,500,348,0,284,216,0,0,101
18411,2956,500,115,430,0,259,500,0,99
18412,1159,500,79,157,0,101,570,0,58
18413,3195,500,359,350,333,309,0,0,147
18414,3573,500,520,360,331,346,0,0,140
18415,3258,500,193,0,496,333,0,730,122
18416,2669,500,227,0,468,282,0,0,122
18417,7033,500,745,996,514,660,0,0,251
18418,9470,900,1039,882,1443,948,13800,0,56
18419,17356,900,1875,3739,0,1519,0,0,575
18420,10026,900,1055,2099,0,899,0,0,336
18421,2438,500,99,0,345,255,0,0,106
18422,2102,500,145,155,272,212,0,0,103
18423,1757,500,174,347,0,154,0,0,100
18424,3322,500,343,0,605,342,0,0,155
18425,911,500,0,150,0,83,500,0,56
18426,3266,500,256,0,613,335,0,0,173
18427,3670,500,238,603,170,336,0,0,155
18428,1946,500,555,0,333,199,0,0,112
18429,1703,500,0,0,207,183,500,0,71
18430,3967,500,462,0,503,390,0,0,173
18431,1501,500,256,0,271,153,0,0,100
18432,2371,500,116,0,409,248,0,0,124
18433,3397,500,329,0,565,348,0,0,158
18434,1200,500,0,153,0,105,0,0,71
18435,5467,500,363,670,472,522,500,0,189
18436,3362,500,303,377,0,294,0,0,119
18437,2538,500,162,295,175,240,0,0,117
18438,7868,500,1108,0,1352,801,500,0,298
18439,2377,500,558,0,0,209,0,0,102
18440,5608,500,383,0,988,571,0,0,233
18441,6569,500,560,0,1082,674,0,0,242
18442,3146,500,815,760,0,275,0,0,143
18443,1009,500,89,0,176,105,0,0,78
18444,3294,500,308,0,371,338,0,0,137
18445,1938,500,426,0,244,200,0,0,106
18446,2033,500,550,452,0,178,0,0,100
18447,2427,500,442,290,260,234,0,0,122
18448,2498,500,117,338,135,233,0,0,111
18449,7579,500,442,1312,355,691,0,0,292
18450,2245,500,98,0,288,229,0,0,105
18451,2057,500,69,0,247,211,0,0,101
18452,4472,500,525,0,655,449,500,0,169
18453,1985,500,116,0,183,198,0,0,94
18454,4194,500,451,344,470,411,0,0,170
18455,3303,500,331,0,506,337,0,0,145
18456,5348,500,1148,0,606,522,0,0,208
18457,3569,500,225,0,517,366,500,0,133
18458,3803,500,1120,0,683,394,0,0,164
18459,3575,500,235,712,0,322,0,0,146
18460,1262,500,238,142,85,120,0,0,78
18461,3116,500,316,0,501,325,0,0,148
18462,5909,500,798,0,663,578,0,0,213
18463,32811,900,1099,2591,4246,3212,0,0,1090
18464,2673,500,602,523,165,248,0,0,134
18465,2001,500,160,0,394,208,0,0,117
18466,3017,500,362,0,373,314,0,0,124
18467,3623,500,467,340,335,349,0,0,153
18468,2411,500,144,280,0,211,0,0,108
18469,4909,500,623,0,932,503,0,0,224
18470,1361,500,114,224,0,119,0,0,84
18471,1318,500,99,236,0,115,0,0,81
18472,2837,500,401,0,301,276,0,0,128
18473,1683,500,143,340,0,148,0,0,94
18474,13957,900,1105,0,2517,1426,0,0,527
18475,4512,500,503,794,267,417,0,0,185
18476,1931,500,115,0,182,192,0,0,91
18477,8905,500,570,753,1032,870,0,0,308
18478,2389,500,241,399,288,235,0,0,128
18479,1980,500,451,180,307,209,0,0,106
18480,12943,900,944,0,1849,1290,0,1065,464
18481,12790,900,1675,0,2673,1331,0,0,520
18482,2595,500,204,392,341,255,0,0,131
18483,2625,500,411,0,426,270,0,0,135
18484,3315,500,484,676,0,290,0,0,137
18485,1563,500,173,0,224,158,500,0,81
18486,2874,500,506,540,104,260,0,0,133
18487,3422,500,295,577,0,300,0,0,132
18488,3006,500,298,236,337,296,0,0,132
18489,4348,500,497,859,0,380,0,0,169
18490,15494,900,777,0,2840,1595,500,0,540
18491,5364,500,894,625,615,523,0,0,202
18492,1758,500,199,156,239,175,0,0,101
18493,2069,500,144,231,163,198,0,0,102
18494,7873,500,831,1654,0,689,500,0,251
18495,8085,500,1324,0,992,794,0,0,296
18496,2543,500,363,204,362,258,0,0,120
18497,1710,500,163,0,198,170,0,0,94
18498,1586,500,225,260,0,139,500,3457,40
18499,1918,500,103,0,298,196,0,0,107
18500,2174,500,395,330,186,206,0,0,116
18501,4332,500,289,640,211,400,0,0,166
18502,1759,500,174,240,118,166,0,0,91
18503,2314,500,169,328,0,203,0,0,104
18504,3559,500,342,322,289,341,0,0,134
18505,4768,500,507,483,504,466,500,0,166
18506,5669,500,632,0,735,562,500,0,207
18507,30589,900,3231,6430,0,2676,0,36996,40
18508,5530,500,1157,1096,452,520,0,0,236
18509,3609,500,355,592,0,315,0,0,136
18510,7207,500,1569,1519,0,630,500,0,230
18511,3878,500,285,761,0,339,0,0,152
18512,4884,500,295,0,555,481,0,0,346
18513,8559,500,589,0,1426,874,0,0,321
18514,7071,500,709,780,697,680,0,0,261
18515,3047,500,332,0,457,307,0,0,147
18516,2604,500,226,0,276,255,0,0,117
18517,3983,500,194,361,383,388,0,0,158
18518,1136,500,87,84,211,122,0,0,82
18519,5079,500,574,905,330,472,0,0,199
18520,5977,500,405,0,896,602,0,0,228
18521,4156,500,222,0,648,423,0,0,185
18522,1853,500,81,0,342,200,0,0,104
18523,4130,500,663,0,561,414,0,0,168
18524,4265,500,665,380,433,413,0,0,168
18525,1022,500,121,151,119,102,0,0,80
18526,2116,500,90,0,221,209,500,0,92
18527,3027,500,324,471,0,265,0,0,119
18528,3381,500,233,0,772,377,500,0,134
18529,1820,500,114,136,175,181,0,0,94
18530,9056,500,1024,1800,0,815,0,0,285
18531,4012,500,525,0,545,404,0,0,156
18532,1731,500,65,244,0,155,0,0,83
18533,12825,900,1469,1749,1169,1223,0,0,432
18534,2467,500,182,0,285,249,0,0,123
18535,1372,500,301,225,103,130,0,0,84
18536,3193,500,241,0,744,339,0,0,165
18537,5135,500,985,284,548,501,0,0,193
18538,1252,500,164,83,104,122,0,0,89
18539,4028,500,261,0,605,401,0,0,179
18540,1649,500,85,85,57,155,0,0,77
18541,3219,500,276,0,0,281,0,0,120
18542,743,500,176,0,105,74,0,0,74
18543,2501,500,252,0,343,251,0,0,128
18544,2918,500,428,0,548,304,0,0,139
18545,5243,500,332,911,0,458,0,0,180
18546,4120,500,540,734,0,361,0,0,147
18547,5236,500,1136,814,467,496,0,0,220
18548,2221,500,418,0,403,241,0,0,107
18549,1362,500,87,0,0,123,0,0,77
18550,2836,500,417,0,569,304,500,0,124
18551,1425,500,125,0,116,143,0,0,78
18552,5239,500,0,920,0,459,0,0,187
18553,3023,500,409,645,0,264,0,0,133
18554,3481,500,357,0,442,346,0,0,153
18555,2484,500,408,311,0,218,0,0,99
18556,2076,500,167,0,393,225,0,0,116
18557,1318,500,106,0,195,136,0,2255,40
18558,5622,500,415,0,858,561,0,0,233
18559,11237,900,2593,1432,1330,1096,0,0,447
18560,2421,500,670,288,251,235,0,0,116
18561,1205,500,239,0,194,125,0,0,82
18562,2276,500,243,485,0,200,0,0,113
18563,3883,500,236,531,366,376,0,0,147
18564,3636,500,636,574,0,318,0,0,150
18565,2024,500,114,242,0,177,500,0,69
18566,14239,900,1535,2443,642,1302,18617,0,68
18567,3739,500,517,534,0,327,0,0,134
18568,2591,500,181,496,0,227,0,0,111
18569,1737,500,157,222,58,158,0,0,87
18570,2055,500,368,418,0,180,0,0,101
18571,3025,500,214,249,424,303,0,0,136
18572,7064,500,842,1437,0,618,0,0,245
18573,3208,500,189,462,264,303,0,0,180
18574,3917,500,445,559,513,400,0,0,164
18575,2809,500,344,0,318,290,500,0,102
18576,8906,500,0,0,1624,915,0,0,322
18577,13087,900,1467,2316,793,1211,0,0,463
18578,2189,500,134,247,112,205,0,0,111
18579,2553,500,1123,348,365,265,0,0,125
18580,3627,500,499,568,161,333,0,667,128
18581,2146,500,161,244,97,199,0,0,94
18582,5651,500,600,0,921,577,500,0,203
18583,4051,500,521,589,228,378,500,0,135
18584,2262,500,229,454,0,197,500,0,101
18585,3666,500,361,0,498,381,0,0,149
18586,6570,500,679,0,1324,687,0,0,269
18587,2580,500,203,330,114,238,0,0,108
18588,7046,500,867,0,864,687,500,0,254
18589,3690,500,807,0,662,380,500,0,150
18590,7159,500,1278,1635,0,626,3483,0,170
18591,1973,500,164,239,0,173,0,0,91
18592,6226,500,667,1109,0,545,0,0,230
18593,4587,500,325,424,750,462,500,0,189
18594,12185,900,1420,0,1399,1182,0,0,451
18595,10528,900,1212,0,1225,1025,0,0,394
18596,1791,500,215,181,202,181,0,0,142
18597,4183,500,324,0,906,438,0,0,193
18598,2036,500,343,0,175,200,0,0,113
18599,2116,500,80,268,0,185,0,0,88
18600,8948,500,1940,1773,0,785,500,0,320
18601,10604,900,1262,1002,1417,1045,0,0,408
18602,1840,500,574,0,288,192,0,0,107
18603,3039,500,276,0,328,300,0,0,125
18604,2889,500,403,0,403,291,1792,0,90
18605,2294,500,171,0,0,201,573,0,79
18606,1549,500,164,0,334,171,0,0,98
18607,3288,500,0,311,385,323,0,0,152
18608,4233,500,311,0,666,439,0,0,183
18609,2690,500,162,293,0,236,500,0,90
18610,1960,500,114,0,233,200,500,0,79
18611,4214,500,446,746,0,369,0,0,153
18612,3789,500,444,0,636,387,0,0,169
18613,4990,500,617,736,508,481,0,0,195
18614,2480,500,162,192,227,252,0,0,106
18615,4484,500,844,476,491,453,0,0,171
18616,2018,500,75,0,170,198,0,0,93
18617,6058,500,956,811,690,593,500,0,205
18618,2612,500,339,0,256,256,0,0,116
18619,4902,500,325,741,305,457,0,0,178
18620,2804,500,298,595,0,245,0,0,136
18621,16858,900,909,3448,0,1475,0,0,538
18622,3798,500,504,0,376,369,0,0,147
18623,2674,500,509,538,0,233,500,0,107
18624,10813,900,1180,0,1891,1098,0,0,424
18625,5829,500,679,0,763,594,2229,0,176
18626,1884,500,178,294,281,191,0,0,105
18627,4317,500,264,813,0,378,500,0,158
18628,1864,500,238,0,423,198,0,0,113
18629,3334,500,324,0,392,333,0,0,143
18630,4848,500,504,835,214,443,0,0,194
18631,2777,500,185,0,351,279,0,0,120
18632,8459,500,1939,0,1199,845,0,0,335
18633,2065,0,93,321,0,181,0,0,78
18634,2806,500,305,0,342,276,0,0,135
18635,3615,500,512,0,697,387,0,0,155
18636,2245,500,432,402,0,196,0,0,95
18637,2881,500,154,0,411,299,500,0,105
18638,3421,500,196,644,0,299,0,0,137
18639,5224,500,625,819,488,497,0,1427,195
18640,5012,500,332,425,616,493,0,0,208
18641,2636,500,344,329,126,246,0,0,108
18642,2037,500,209,265,0,178,0,0,103
18643,51872,0,2719,0,0,4539,0,0,0
18644,3889,500,474,0,505,402,0,0,160
18645,6943,500,779,0,880,686,0,0,261
18646,6839,500,812,0,1108,688,0,0,272
18647,7363,500,884,0,1190,762,500,0,282
18648,5605,500,1105,0,934,578,0,0,228
18649,5355,500,601,950,322,495,0,0,211
18650,3699,500,549,0,434,372,0,0,160
18651,7397,500,547,1445,0,647,0,0,247
18652,71866,7114,0,0,0,0,0,0,0
18653,2945,500,302,0,221,284,0,0,139
18654,8412,500,1225,1405,0,736,0,0,539
18655,3640,500,505,536,229,342,0,0,140
18656,6630,500,1131,0,1060,674,0,2350,210
18657,7201,500,430,0,1182,727,0,0,290
18658,3133,500,325,442,137,289,0,488,127
18659,1511,500,84,0,128,157,0,0,77
18660,2048,500,426,0,193,200,0,0,99
18661,2266,500,148,336,122,210,0,0,109
18662,6887,500,746,0,853,680,500,0,237
18663,2060,500,226,323,117,191,0,0,107
18664,3201,500,424,577,0,280,0,0,129
18665,3277,500,471,0,462,328,0,2175,90
18666,4833,500,253,0,769,491,0,0,195
18667,6856,500,683,0,1506,732,0,0,270
18668,4218,500,276,0,597,426,500,0,151
18669,2057,500,223,0,338,218,0,0,110
18670,5193,500,673,638,532,497,0,0,211
18671,5131,500,352,1009,0,449,0,0,186
18672,5769,500,685,0,0,505,0,0,216
18673,1786,500,117,227,0,156,500,0,67
18674,2783,500,151,0,347,291,500,0,104
18675,1126,500,54,173,61,104,0,0,80
18676,6878,500,731,1456,0,602,500,0,232
18677,6377,500,550,1200,0,558,0,0,216
18678,1915,500,154,333,0,167,0,0,94
18679,3893,500,255,347,491,382,5521,0,43
18680,1900,500,152,0,336,197,500,0,87
18681,2576,500,0,462,0,226,0,0,115
18682,1673,500,161,238,0,147,500,0,75
18683,2883,500,275,284,333,293,0,0,134
18684,1650,500,88,0,333,172,500,0,89
18685,2351,500,242,0,456,244,0,0,130
18686,1646,500,118,171,119,161,0,0,86
18687,6750,500,962,665,886,663,0,0,262
18688,5659,500,573,0,831,570,0,0,233
18689,4397,500,459,440,444,440,0,0,174
18690,5019,500,724,604,551,485,500,0,186
18691,11994,900,688,1291,1382,1168,0,0,435
18692,2518,500,135,0,361,263,0,0,117
18693,4240,500,443,560,409,407,0,0,175
18694,3159,500,498,537,226,297,500,0,121
18695,3241,500,289,367,302,316,0,0,129
18696,914,500,0,109,112,91,0,0,76
18697,3374,500,295,576,0,295,0,0,131
18698,2253,500,371,301,0,198,555,0,92
18699,7524,500,491,1087,594,709,0,3297,195
18700,3873,500,1634,762,0,339,0,0,156
18701,8871,500,1326,1322,0,776,0,0,299
18702,2219,500,481,0,349,233,0,0,121
18703,2118,500,154,0,328,218,0,0,108
18704,4862,500,332,0,751,508,0,0,193
18705,3686,500,258,270,563,373,0,0,167
18706,1752,500,659,304,0,153,0,0,93
18707,3389,500,335,0,408,347,0,0,141
18708,27026,2693,4361,0,0,2432,0,0,0
18709,4536,500,340,538,633,460,0,0,197
18710,3657,500,381,659,0,320,0,0,143
18711,7698,500,868,872,706,734,0,0,291
18712,1973,500,168,147,175,190,0,0,99
18713,3836,500,622,0,781,407,0,0,171
18714,2149,500,385,103,245,214,0,0,104
18715,4423,500,458,450,504,434,0,0,169
18716,4058,500,654,0,0,355,0,0,155
18717,3292,500,336,572,0,288,0,0,129
18718,2007,500,130,339,0,176,0,0,95
18719,1730,500,150,198,209,169,0,0,101
18720,4504,500,348,0,766,468,0,0,204
18721,1631,500,158,0,223,166,0,0,92
18722,3364,500,465,0,473,336,0,0,149
18723,1868,500,177,0,351,202,500,0,84
18724,4007,500,376,304,400,390,0,0,151
18725,3109,500,213,0,436,320,500,0,125
18726,5637,500,369,0,869,563,0,0,240
18727,2108,500,551,451,0,185,0,0,107
18728,4166,500,305,729,0,375,0,0,171
18729,4142,500,552,0,663,417,6274,0,60
18730,2711,500,588,0,272,261,0,0,132
18731,6619,500,709,699,701,643,0,0,233
18732,3616,500,404,704,0,316,0,0,147
18733,2770,500,216,0,659,295,554,0,136
18734,1945,500,113,0,356,206,500,0,97
18735,6521,500,733,911,511,613,0,0,248
18736,3731,500,425,0,741,386,0,0,179
18737,1486,500,0,133,0,131,0,0,76
18738,2370,500,564,0,214,229,0,0,107
18739,6605,500,673,741,590,629,0,0,248
18740,1250,500,110,216,0,109,500,0,63
18741,2226,500,152,0,231,225,0,0,97
18742,6178,500,344,0,932,637,555,0,238
18743,6241,500,767,0,1102,637,0,0,258
18744,4294,500,129,539,381,409,0,0,173
18745,2942,500,389,354,255,284,0,0,120
18746,2101,500,305,399,0,184,0,0,99
18747,3084,500,395,472,221,291,0,0,133
18748,2772,500,129,0,333,280,0,0,118
18749,4064,500,376,0,382,393,500,0,141
18750,5094,500,625,0,920,523,0,0,218
18751,1071,500,333,116,205,111,0,0,89
18752,2460,500,268,355,0,215,0,0,112
18753,4103,500,262,0,768,422,0,0,190
18754,1916,0,236,0,201,194,0,0,76
18755,1697,500,336,0,223,173,0,0,93
18756,1731,500,245,0,175,169,0,0,95
18757,2724,500,125,392,229,260,0,0,121
18758,980,500,89,98,112,96,0,0,76
18759,4214,500,243,735,0,369,0,119,153
18760,4696,500,474,0,695,476,0,0,197
18761,3276,500,0,249,402,323,0,0,152
18762,3349,500,381,0,493,335,0,0,152
18763,2892,500,150,226,330,284,0,0,128
18764,4694,500,572,0,767,473,500,0,205
18765,5907,500,843,0,938,613,500,0,221
18766,2723,500,253,415,0,238,0,0,119
18767,4076,500,412,593,582,415,0,0,159
18768,5271,500,359,0,957,543,500,0,199
18769,6090,500,655,1024,393,567,8206,0,47
18770,4746,500,547,0,875,487,0,0,209
18771,4118,0,526,0,530,424,0,0,156
18772,3141,500,343,495,230,293,0,0,152
18773,4312,500,499,719,215,396,0,0,171
18774,2611,500,181,0,394,268,0,0,128
18775,4359,500,482,0,529,429,500,0,164
18776,5873,500,694,0,748,576,0,0,237
18777,5173,500,576,0,902,531,0,0,215
18778,1493,500,210,150,192,149,0,0,89
18779,5096,500,504,405,612,505,0,0,186
18780,2555,500,274,152,453,260,0,0,135
18781,2028,500,116,243,0,177,0,0,85
18782,3280,500,438,446,68,295,0,0,122
18783,1268,500,191,169,161,131,0,0,86
18784,13473,900,1422,0,0,1178,0,0,450
18785,2465,500,395,424,206,234,0,0,120
18786,2091,500,258,242,215,202,0,0,110
18787,1737,500,214,121,201,175,0,0,91
18788,7874,500,930,0,1004,773,0,0,302
18789,7884,500,1247,1253,0,690,0,0,285
18790,3552,500,449,0,421,352,0,0,145
18791,4277,500,325,0,736,446,0,0,190
18792,7178,500,455,667,1262,728,0,0,286
18793,6168,500,1004,0,1157,642,0,723,230
18794,2829,500,189,275,394,286,0,0,129
18795,3394,500,568,0,483,347,0,0,150
18796,11236,900,781,1266,1322,1093,0,0,410
18797,2358,500,225,0,290,237,0,0,117
18798,7201,500,437,0,947,722,0,0,289
18799,4557,500,428,843,0,399,0,0,164
18800,20713,900,2353,3203,1402,1927,0,0,705
18801,2752,500,244,0,235,264,0,0,120
18802,3041,500,212,0,441,314,0,4508,40
18803,4240,500,284,0,537,422,0,0,181
18804,1328,500,278,120,145,130,0,0,88
18805,1442,500,77,261,0,126,0,0,85
18806,1658,500,144,285,60,155,0,0,97
18807,4583,500,534,337,658,462,0,0,179
18808,3221,500,401,0,450,329,0,0,135
18809,2552,500,180,251,297,252,0,0,119
18810,3121,500,341,0,551,318,0,0,161
18811,4461,500,1670,0,284,429,0,0,171
18812,6775,500,0,0,1492,715,0,0,267
18813,2023,500,130,272,76,185,500,0,82
18814,4011,500,517,700,0,351,0,0,146
18815,4045,500,379,0,567,422,0,0,162
18816,3824,500,472,0,553,389,0,0,157
18817,3224,500,190,411,187,302,0,0,125
18818,1825,500,151,0,283,184,0,0,105
18819,3712,500,241,0,408,364,0,0,149
18820,2470,500,232,383,170,232,500,0,104
18821,2341,500,312,0,220,227,0,0,108
18822,2052,500,212,0,257,209,0,0,110
18823,2077,500,566,277,130,196,0,152,94
18824,1748,500,186,291,112,162,0,0,99
18825,7262,500,878,1255,368,666,0,0,254
18826,1425,500,175,196,0,125,0,0,78
18827,1773,500,166,146,173,171,0,0,97
18828,8366,500,553,1373,572,780,0,0,284
18829,4073,500,424,609,0,356,0,0,159
18830,5044,500,906,583,544,490,0,0,198
18831,2357,500,252,0,410,244,0,0,120
18832,3179,500,597,362,278,304,500,0,123
18833,4557,500,582,0,628,473,0,0,181
18834,3179,500,394,532,0,279,0,0,117
18835,36729,900,4403,0,4520,3581,0,0,1266
18836,4147,500,467,0,742,428,0,0,176
18837,5857,500,309,977,431,548,0,0,221
18838,6402,500,1040,0,737,644,0,0,247
18839,2246,500,204,164,283,233,0,0,114
18840,8892,500,1484,0,1299,910,0,0,324
18841,2953,500,217,0,578,307,0,0,156
18842,3110,500,352,0,331,300,0,0,148
18843,2519,500,200,427,112,236,0,0,121
18844,2786,500,232,378,329,278,0,682,105
18845,5787,500,654,0,709,568,500,0,212
18846,2553,500,452,0,274,246,0,0,133
18847,2220,500,177,209,0,194,500,0,77
18848,3069,500,380,378,231,292,0,0,123
18849,3594,500,410,512,335,342,0,1793,115
18850,3501,500,390,538,385,338,0,0,156
18851,3759,500,847,0,221,348,500,0,141
18852,5912,500,841,0,953,605,0,0,228
18853,2575,500,279,0,0,225,0,0,114
18854,2146,500,214,162,243,213,0,0,104
18855,3112,500,598,0,338,306,0,0,132
18856,22108,900,3767,4130,1595,2066,0,0,777
18857,7246,500,400,1165,319,662,500,0,242
18858,4477,500,523,419,646,446,0,0,194
18859,2736,500,150,225,345,279,0,0,115
18860,2680,500,147,420,0,235,0,0,126
18861,1623,500,393,353,0,142,0,0,92
18862,4068,500,0,478,0,357,500,0,133
18863,6284,500,611,0,971,637,0,0,242
18864,2020,500,159,223,249,198,0,0,111
18865,3438,500,317,451,329,332,0,0,141
18866,3568,500,323,635,0,312,0,0,136
18867,1436,500,144,224,89,134,0,0,89
18868,993,500,221,161,0,86,0,0,73
18869,2560,500,384,0,470,273,0,0,133
18870,1447,500,56,0,114,140,0,0,83
18871,3006,500,0,0,596,324,0,0,137
18872,3939,500,443,538,0,345,0,0,152
18873,2943,500,269,0,334,296,0,0,119
18874,3754,500,454,0,226,363,0,1260,110
18875,5221,500,549,447,550,506,0,0,201
18876,1790,500,230,215,248,177,0,0,107
18877,2038,500,175,356,112,188,500,0,93
18878,7294,500,873,0,1380,772,0,0,323
18879,1525,500,160,285,0,134,0,0,97
18880,2719,500,254,319,301,269,0,0,119
18881,3383,500,256,0,599,346,0,0,156
18882,5004,500,1140,0,591,488,0,0,205
18883,2479,500,181,351,0,217,0,0,99
18884,2690,500,229,0,346,274,0,0,114
18885,2145,500,104,330,113,198,0,0,114
18886,3668,500,657,0,539,378,0,0,177
18887,2308,500,355,436,0,202,500,0,92
18888,3769,500,219,653,0,330,0,0,142
18889,4559,500,447,540,364,435,0,0,170
18890,2068,500,335,219,173,197,0,0,105
18891,1750,500,162,286,0,153,500,0,73
18892,4468,500,475,0,534,441,0,0,178
18893,13018,900,2814,3080,0,1138,0,0,479
18894,6325,500,1066,0,734,620,500,0,218
18895,2552,500,380,187,228,248,0,0,112
18896,11608,900,1207,0,1945,1213,0,0,447
18897,2033,500,489,489,0,178,0,0,107
18898,11817,900,1203,1989,483,1075,0,0,404
18899,1602,500,96,0,188,167,0,0,84
18900,3746,500,615,0,383,362,0,0,159
18901,3892,500,630,0,707,398,0,0,193
18902,5431,500,291,529,440,517,0,0,204
18903,1786,500,100,135,126,176,500,0,68
18904,5178,500,551,965,0,466,0,0,190
18905,3414,500,229,735,0,299,0,0,141
18906,8246,500,552,0,937,800,0,0,300
18907,5049,500,565,509,510,491,0,0,181
18908,3123,500,587,320,480,313,0,0,148
18909,7162,500,1045,1199,0,627,0,0,246
18910,2835,500,127,338,0,255,0,0,107
18911,7144,500,970,833,954,726,0,0,279
18912,775,500,66,0,120,86,0,0,69
18913,3669,500,350,0,389,361,500,0,129
18914,2535,500,113,425,0,222,0,0,108
18915,5220,500,365,756,607,508,0,0,207
18916,2661,500,464,436,0,233,0,0,125
18917,4786,500,311,0,546,469,0,0,188
18918,3986,500,428,0,612,399,0,0,191
18919,6019,500,1068,0,806,594,500,0,220
18920,2587,500,159,0,403,260,0,0,141
18921,4939,500,976,1146,0,432,0,0,193
18922,3609,500,225,577,0,316,500,0,113
18923,2719,500,274,0,387,281,0,0,130
18924,2255,500,211,265,0,197,0,0,104
18925,2369,500,284,426,315,233,500,0,110
18926,2112,500,333,0,224,206,0,0,111
18927,2758,500,210,0,486,281,500,0,127
18928,4951,500,619,905,279,469,0,0,202
18929,5112,500,1006,858,774,520,0,0,211
18930,2376,500,479,251,271,241,0,0,109
18931,1894,500,409,0,394,205,0,0,104
18932,5401,500,984,1046,487,512,0,0,237
18933,1685,500,87,270,105,157,0,0,99
18934,2789,500,322,432,0,244,0,0,111
18935,3879,500,611,758,0,340,0,0,151
18936,7997,500,927,637,1109,795,11328,0,54
18937,20670,900,2421,3758,1796,1951,0,0,724
18938,4276,500,374,610,331,408,500,0,145
18939,4689,500,269,597,0,411,0,0,162
18940,4762,500,470,413,628,473,0,0,206
18941,2261,500,91,148,264,228,0,0,106
18942,7559,500,0,585,992,751,0,0,275
18943,2667,500,274,302,220,252,500,0,117
18944,3025,500,351,356,269,287,0,0,142
18945,6362,500,418,0,517,601,500,0,219
18946,4520,500,263,0,488,440,0,0,179
18947,2618,500,160,0,391,276,0,0,121
18948,2052,500,174,267,110,191,500,0,82
18949,2549,500,226,444,0,223,0,0,110
18950,2239,500,169,272,0,196,0,0,95
18951,11357,900,1185,1704,0,993,500,0,371
18952,1603,500,141,153,198,156,0,0,100
18953,2918,500,328,565,0,255,0,0,131
18954,3043,500,287,0,305,298,0,0,130
18955,1293,500,330,0,336,145,0,0,99
18956,1658,500,174,291,101,154,0,0,98
18957,2413,500,445,357,209,237,0,0,122
18958,5301,500,632,0,803,528,0,0,239
18959,1898,500,97,0,380,204,0,0,106
18960,3549,500,552,602,163,325,0,0,151
18961,4280,500,679,487,382,409,0,0,184
18962,3136,500,733,0,505,318,0,0,147
18963,6547,500,620,884,0,573,0,0,217
18964,3656,500,339,0,466,368,500,0,138
18965,2701,500,454,322,270,259,0,0,130
18966,2332,500,227,0,357,240,0,0,114
18967,2128,500,328,357,0,187,0,0,112
18968,2579,500,134,193,179,248,0,0,105
18969,5787,500,671,0,855,580,0,0,232
18970,1687,500,97,0,189,176,0,0,84
18971,5887,500,313,1064,0,515,0,0,201
18972,1194,500,0,87,116,118,0,0,76
18973,3512,500,345,257,363,346,0,0,136
18974,3645,500,286,0,539,362,0,0,166
18975,4455,500,482,0,744,450,0,0,195
18976,5022,500,313,709,541,485,0,0,209
18977,4217,500,955,809,382,401,0,0,189
18978,1629,500,146,224,90,152,0,0,89
18979,3411,500,463,470,170,317,0,0,127
18980,3208,500,214,498,210,300,0,0,136
18981,4642,500,979,0,650,475,0,0,206
18982,2733,500,291,322,264,261,0,0,132
18983,5299,500,546,1132,0,477,0,0,203
18984,4215,500,282,584,365,400,0,0,169
18985,1943,500,0,205,134,183,0,0,97
18986,2678,500,147,328,142,250,500,0,96
18987,3368,500,381,0,499,338,0,0,155
18988,3517,500,357,536,523,357,0,0,148
18989,3485,500,444,216,611,354,0,0,169
18990,2548,500,268,496,0,223,0,0,122
18991,2101,500,178,243,121,198,0,0,96
18992,3004,500,330,0,338,309,0,0,123
18993,2958,500,273,492,0,258,0,0,110
18994,4851,500,489,808,275,449,0,0,189
18995,1241,500,95,0,113,121,0,0,79
18996,4833,500,334,0,596,489,0,0,202
18997,2917,500,280,424,225,278,0,0,126
18998,3391,500,352,635,0,297,0,120,140
18999,3104,500,356,0,515,319,0,0,144
19000,4352,500,289,556,278,407,0,0,161
19001,2769,500,268,0,390,284,0,0,121
19002,5368,500,384,769,524,514,0,0,207
19003,1067,500,234,0,135,106,0,0,83
19004,6767,500,467,0,1650,726,0,0,307
19005,3010,500,162,0,512,312,0,0,143
19006,1634,500,163,0,225,165,0,0,95
19007,2918,500,587,647,0,256,0,0,136
19008,3640,500,249,0,530,366,0,0,162
19009,5007,500,307,685,455,475,0,0,202
19010,5476,500,536,884,376,513,0,0,199
19011,2547,500,243,346,290,250,0,0,120
19012,2079,500,217,312,0,182,0,0,109
19013,5316,500,606,580,662,524,0,0,208
19014,942,500,188,98,126,92,0,0,78
19015,3504,500,161,484,125,319,0,0,133
19016,7864,500,781,1116,0,688,500,0,265
19017,3345,500,586,524,145,308,0,0,136
19018,1593,500,220,227,0,140,0,0,89
19019,3872,500,903,430,387,373,0,0,163
19020,2146,500,346,270,247,208,0,0,115
19021,2991,500,377,510,0,261,0,0,119
19022,3565,500,357,0,387,349,0,0,156
19023,19200,900,2296,0,2297,1866,0,0,690
19024,3834,500,236,0,429,379,0,0,148
19025,1632,500,168,0,247,170,0,0,97
19026,1836,0,150,122,201,184,0,0,81
19027,3612,500,483,0,255,353,500,0,126
19028,2851,500,409,421,0,257,0,0,114
19029,1599,500,165,0,222,164,500,0,87
19030,3784,500,507,535,219,355,0,0,144
19031,2516,500,229,0,286,247,0,0,119
19032,4509,500,335,423,632,445,0,0,199
19033,6594,500,671,1109,374,610,500,0,225
19034,2856,500,591,258,279,276,0,0,127
19035,6333,500,699,1245,0,554,8086,0,0
19036,2554,500,254,0,532,274,0,0,126
19037,1795,500,116,0,174,178,581,0,81
19038,3137,500,302,149,465,322,500,0,123
19039,3059,500,164,200,303,301,0,0,120
19040,1982,500,232,142,202,202,0,0,92
19041,2225,500,440,0,364,232,500,0,101
19042,2135,500,115,224,188,203,0,0,108
19043,2517,500,290,437,0,220,0,0,121
19044,1658,500,118,0,219,169,2664,0,38
19045,4046,500,246,595,179,371,0,0,152
19046,3661,500,353,632,0,320,0,0,143
19047,2405,500,201,0,432,245,0,0,131
19048,3456,500,221,631,0,302,0,0,145
19049,7739,500,872,875,770,765,0,0,285
19050,1783,500,373,230,186,181,0,0,99
19051,4124,500,299,444,381,394,0,0,171
19052,2025,500,221,0,281,200,0,0,116
19053,4835,500,131,682,487,470,0,0,178
19054,9012,500,620,1806,0,789,0,0,304
19055,5675,500,592,0,678,553,0,0,222
19056,4696,500,330,0,0,411,500,0,163
19057,6130,500,686,0,1074,648,0,0,242
19058,1552,500,112,0,229,160,0,0,88
19059,5353,500,1096,0,666,532,500,0,187
19060,2560,500,340,141,314,258,500,0,74
19061,2387,500,337,390,0,209,0,0,102
19062,5495,500,579,717,370,514,0,0,200
19063,3583,500,258,271,743,378,0,0,163
19064,5233,500,313,0,872,528,0,0,220
19065,1562,500,157,0,222,159,0,0,92
19066,3102,500,463,0,493,321,0,0,160
19067,4064,500,285,709,217,373,0,0,169
19068,3239,500,303,499,111,294,0,0,134
19069,3373,500,225,458,168,313,0,0,129
19070,2941,500,329,0,279,296,0,0,125
19071,2748,500,436,336,275,263,0,0,134
19072,3931,500,454,0,616,397,0,0,171
19073,3540,500,335,0,398,352,500,0,125
19074,4806,500,908,0,813,503,500,0,186
19075,5173,500,363,457,613,505,0,0,218
19076,3443,500,225,0,600,352,0,1080,137
19077,1743,500,206,109,157,173,0,0,91
19078,3940,500,449,0,611,394,0,0,202
19079,2254,500,281,0,450,235,500,0,110
19080,4400,500,454,345,529,437,0,0,167
19081,8915,500,523,1712,0,803,500,0,270
19082,16058,900,1850,2485,1360,1517,0,0,568
19083,3651,500,480,254,337,354,500,0,130
19084,4349,500,454,343,586,438,0,0,175
19085,5239,500,1143,0,862,529,8273,0,0
19086,15000,900,1634,1735,1553,1443,0,0,532
19087,3812,500,219,0,494,377,0,0,162
19088,2233,500,181,0,235,226,0,0,100
19089,3214,500,631,0,440,321,0,0,147
19090,3719,500,372,427,486,375,0,0,150
19091,1628,500,90,0,119,159,0,0,83
19092,3661,500,387,196,519,367,0,0,164
19093,1612,500,115,0,166,160,0,0,88
19094,1489,500,127,99,191,153,0,0,87
19095,3562,500,325,505,165,338,0,0,134
19096,2170,500,169,273,62,197,0,0,98
19097,1513,500,79,109,55,142,500,0,61
19098,4922,500,330,909,0,430,500,0,167
19099,3104,500,260,0,404,314,0,0,134
19100,5443,500,352,750,510,518,0,0,222
19101,3484,500,255,0,664,364,500,0,141
19102,3620,500,213,481,107,328,0,0,135
19103,4838,500,923,0,674,503,0,0,196
19104,835,500,88,76,127,84,0,0,75
19105,1532,500,266,85,122,157,0,0,80
19106,4123,500,528,681,220,380,0,0,166
19107,2550,500,243,212,290,250,0,0,116
19108,6888,500,355,1120,241,623,0,0,256
19109,7874,500,798,1584,0,689,0,0,266
19110,2667,500,458,0,596,284,0,0,145
19111,2977,500,582,354,316,288,0,0,144
19112,1003,500,232,143,83,95,0,0,78
19113,6437,500,741,0,815,630,0,0,250
19114,3342,500,247,0,369,323,0,0,152
19115,7714,0,857,0,1293,789,0,0,256
19116,1555,500,0,209,174,153,0,0,88
19117,4431,500,290,0,625,444,0,0,176
19118,2425,500,150,0,339,246,0,0,119
19119,1670,500,164,270,0,146,0,0,92
19120,30855,900,1651,6264,0,2699,0,0,927
19121,11563,900,0,0,2354,1211,0,0,440
19122,3318,500,326,0,630,356,0,0,141
19123,3086,500,557,511,280,292,0,0,146
19124,4157,500,376,0,582,433,0,0,164
19125,1440,500,150,76,223,146,0,0,93
19126,3846,500,191,640,0,337,0,0,138
19127,6101,500,323,623,560,584,1110,0,192
19128,6438,500,439,729,704,622,0,0,253
19129,6114,500,576,946,321,564,0,0,214
19130,3645,500,335,496,124,332,0,0,133
19131,9190,500,488,1854,0,804,500,0,288
19132,6069,500,652,1211,0,546,0,0,208
19133,1433,500,107,0,333,169,500,0,74
19134,3230,500,212,321,335,315,0,0,147
19135,2869,500,129,373,198,273,500,0,101
19136,2148,500,250,121,316,215,0,0,117
19137,7053,500,684,0,1089,716,0,0,265
19138,2664,500,295,235,282,257,0,0,128
19139,4005,500,408,809,0,350,0,0,162
19140,2940,500,414,0,282,286,0,0,128
19141,10386,900,699,1781,514,951,0,0,370
19142,2200,500,374,235,235,215,0,0,112
19143,4803,500,335,0,727,483,500,0,199
19144,1688,500,125,237,0,148,0,0,93
19145,4999,500,286,940,0,438,500,0,173
19146,1120,500,160,155,56,104,500,0,62
19147,5647,500,395,572,605,545,0,0,220
19148,2677,500,121,297,248,268,0,0,116
19149,2026,500,235,317,0,177,0,0,88
19150,1137,500,262,86,97,110,0,0,75
19151,1075,500,195,0,160,108,0,0,84
19152,4508,500,463,808,0,394,0,0,168
19153,1594,500,225,260,0,140,0,0,85
19154,5540,500,587,0,885,568,0,0,215
19155,4811,500,494,0,895,497,0,0,208
19156,3168,500,462,0,332,310,500,0,121
19157,1946,500,123,0,264,192,0,0,118
19158,2236,500,130,340,0,195,0,0,98
19159,6931,500,767,0,955,712,0,0,281
19160,1745,500,164,325,0,153,0,0,93
19161,2131,500,153,214,0,187,0,0,79
19162,2677,500,191,210,285,262,0,0,120
19163,2293,500,342,0,0,201,0,0,96
19164,1520,500,170,206,0,133,0,0,87
19165,4965,500,284,730,345,468,0,0,184
19166,3306,500,305,483,108,300,500,0,116
19167,1736,500,335,0,227,176,0,0,95
19168,2213,500,254,0,277,217,0,0,116
19169,2493,500,310,288,0,218,500,0,85
19170,1859,500,114,202,64,177,0,0,88
19171,19441,900,2495,0,3715,1998,0,0,744
19172,2537,500,179,359,114,234,0,0,114
19173,2299,500,145,0,304,231,0,0,113
19174,1951,500,102,332,0,176,0,0,96
19175,1610,500,93,115,88,161,0,0,79
19176,15772,900,2816,0,1858,1532,0,0,597
19177,1807,500,74,0,167,178,0,2726,40
19178,1691,500,172,206,0,148,0,0,88
19179,13978,900,2387,0,1959,1387,0,0,490
19180,2276,500,219,432,0,199,0,0,108
19181,2315,500,405,286,271,232,0,0,122
19182,4632,500,266,815,0,406,0,0,161
19183,3840,500,439,467,456,373,0,0,175
19184,1595,500,331,0,0,139,0,0,88
19185,4844,500,494,412,540,473,0,0,190
19186,3547,500,226,595,0,319,0,0,130
19187,4482,500,293,0,613,452,0,0,186
19188,1244,500,127,0,228,129,0,0,93
19189,3937,500,0,0,505,396,500,0,147
19190,2841,500,113,337,115,262,3830,0,39
19191,2647,500,270,0,0,231,0,0,118
19192,1477,500,89,103,82,140,500,0,63
19193,2790,500,442,0,544,288,0,0,147
19194,3322,500,737,0,508,337,0,0,142
19195,7643,500,1008,0,1523,789,0,0,331
19196,3924,500,656,573,367,376,0,0,165
19197,5797,500,846,616,598,563,0,0,218
19198,3314,500,506,0,690,355,0,0,151
19199,2370,500,167,233,115,222,500,0,83
19200,3562,500,521,0,708,373,0,0,163
19201,3255,500,327,568,0,285,0,0,127
19202,1429,500,207,224,84,133,0,0,88
19203,5285,500,311,770,378,493,0,0,222
19204,4692,500,530,0,708,470,0,0,200
19205,1090,500,93,193,0,95,0,0,75
19206,2816,500,191,341,162,262,0,0,120
19207,5343,500,0,0,766,536,0,0,206
19208,2933,500,0,0,305,287,0,0,124
19209,2220,500,1103,0,331,221,0,900,100
19210,7368,500,771,0,1437,764,0,0,287
19211,3004,500,325,568,0,263,220,0,123
19212,2059,500,174,426,0,180,0,0,107
19213,4311,500,760,0,844,466,0,0,192
19214,1024,500,259,86,96,99,0,0,75
19215,1402,500,125,126,142,137,0,0,85
19216,5584,500,668,0,0,488,545,0,197
19217,2821,500,329,0,397,280,0,0,142
19218,3816,500,372,0,217,355,500,0,135
19219,2315,500,105,358,0,203,0,0,105
19220,5130,500,332,425,573,501,0,0,187
19221,4638,500,471,780,220,425,0,0,188
19222,6794,500,390,904,0,595,0,0,221
19223,3784,500,559,0,653,389,0,0,176
19224,2029,500,264,136,249,203,0,0,103
19225,6196,500,1574,0,1065,644,0,0,273
19226,4521,500,753,581,340,428,0,0,167
19227,5136,500,340,425,640,507,0,0,197
19228,8399,0,1363,1902,0,735,0,0,271
19229,5356,500,550,486,747,532,500,0,206
19230,3466,500,390,0,0,304,4660,0,46
19231,4498,500,277,560,217,415,0,0,165
19232,1914,500,547,455,0,168,0,0,104
19233,19163,900,2196,3401,1625,1811,0,0,662
19234,1208,500,324,0,220,123,0,0,89
19235,3487,500,210,381,247,330,0,0,135
19236,3064,500,326,543,181,283,0,0,141
19237,3883,500,523,0,543,391,0,0,168
19238,1592,500,173,0,189,157,500,0,79
19239,1988,500,0,216,0,174,0,0,81
19240,1751,500,101,282,149,166,0,0,100
19241,3836,500,383,0,0,345,0,0,136
19242,10561,900,1437,969,1330,1040,0,0,397
19243,4511,500,526,409,688,454,0,0,192
19244,5905,500,682,1069,441,552,0,0,236
19245,2577,500,323,0,331,258,0,0,120
19246,6831,500,422,914,689,660,0,666,229
19247,4831,500,267,0,844,502,0,0,190
19248,4449,500,500,381,653,448,0,0,183
19249,4027,500,229,0,513,403,0,0,158
19250,3475,500,215,0,446,349,0,0,147
19251,7684,500,853,1132,689,731,0,0,280
19252,3319,500,550,665,0,290,0,0,148
19253,6827,500,287,0,1249,710,0,0,254
19254,2315,500,285,148,191,227,0,0,101
19255,5555,500,312,1037,757,553,0,0,220
19256,1554,500,111,0,175,153,0,0,94
19257,2450,500,224,293,349,247,500,0,103
19258,4775,500,959,954,0,417,0,0,163
19259,2445,500,180,351,0,214,0,0,98
19260,2051,500,81,0,174,200,0,0,94
19261,3407,500,362,0,819,376,0,0,171
19262,3014,500,278,0,0,264,0,0,127
19263,1897,500,280,211,114,181,0,0,89
19264,4726,500,562,868,452,450,0,0,200
19265,1485,500,207,192,0,129,0,0,83
19266,4120,500,446,429,413,399,0,0,165
19267,3363,500,603,0,558,340,0,0,157
19268,8344,500,541,1557,0,730,0,0,251
19269,4511,500,560,0,728,462,500,0,167
19270,1961,500,102,166,78,188,0,1026,63
19271,7980,500,552,868,812,768,0,0,272
19272,2309,500,229,315,0,203,0,0,95
19273,3341,500,507,0,690,357,0,0,152
19274,3217,500,441,0,459,329,0,0,133
19275,1957,500,177,292,114,182,223,0,95
19276,9257,900,1114,0,1171,905,0,0,367
19277,2875,500,374,207,326,287,0,0,120
19278,5178,500,598,1030,0,453,0,0,200
19279,2272,500,98,0,225,232,0,0,106
19280,2958,500,195,0,467,307,0,0,128
19281,2630,500,181,0,338,264,0,0,122
19282,1743,500,397,170,205,171,0,0,101
19283,6202,500,1264,919,442,584,0,0,235
19284,5165,500,498,0,611,510,500,0,178
19285,2242,500,373,174,227,219,0,0,104
19286,3076,500,621,671,0,269,0,0,129
19287,3636,500,217,749,0,318,0,0,151
19288,6174,500,777,1032,780,609,0,0,238
19289,9103,500,1023,1959,0,797,0,0,303
19290,5391,500,681,0,1104,563,0,0,234
19291,7501,500,582,0,1477,781,0,0,302
19292,5342,500,345,666,866,545,500,0,199
19293,1658,500,186,250,135,161,0,0,99
19294,5045,500,990,1185,0,442,0,0,171
19295,3404,500,512,642,0,298,0,0,136
19296,7284,500,757,931,537,686,0,0,255
19297,3348,500,246,676,0,292,500,0,135
19298,6454,500,422,0,1008,657,500,0,228
19299,2199,500,161,269,308,220,500,0,98
19300,4156,500,607,537,0,364,500,0,131
19301,8175,500,494,718,1033,803,500,0,292
19302,3419,500,805,0,877,369,0,0,181
19303,18864,900,1098,3167,1558,1779,0,0,1195
19304,1809,500,133,0,233,186,0,0,94
19305,2893,500,227,0,292,285,500,0,106
19306,1720,500,422,169,189,168,0,0,100
19307,3426,500,280,455,113,312,0,0,128
19308,3617,500,654,0,548,363,0,0,166
19309,3263,500,586,456,251,310,0,722,116
19310,3779,500,505,0,450,375,0,0,158
19311,3059,500,738,0,449,305,0,1194,129
19312,2891,500,335,258,378,286,0,0,134
19313,8883,500,1022,0,1106,872,0,0,327
19314,4587,500,315,400,503,444,0,0,185
19315,3389,500,185,234,351,344,500,0,119
19316,5016,500,335,0,608,495,500,0,176
19317,1468,500,225,251,0,132,0,0,84
19318,8062,500,1464,822,1067,792,500,0,310
19319,2115,500,215,0,364,221,0,0,117
19320,2453,500,372,379,287,239,0,0,123
19321,2460,500,268,0,159,229,0,0,124
19322,3794,500,399,662,0,342,0,0,153
19323,1746,500,165,0,227,176,0,0,95
19324,2819,500,359,248,257,275,0,0,117
19325,5402,500,342,426,689,537,0,0,204
19326,2440,500,186,0,409,247,0,0,130
19327,3595,500,407,624,337,343,0,0,159
19328,1909,500,228,210,88,178,1167,0,61
19329,1061,500,99,195,0,93,500,0,60
19330,4020,500,433,776,0,352,0,0,151
19331,2292,500,357,324,0,201,0,0,96
19332,3261,500,593,0,613,347,0,0,160
19333,2729,500,381,302,126,253,0,0,111
19334,1072,500,78,124,23,97,0,0,71
19335,8490,500,491,1606,0,743,0,0,270
19336,10169,900,1173,1795,1012,974,0,0,384
19337,3131,500,280,0,348,308,0,0,133
19338,1470,0,45,172,0,129,0,0,59
19339,6585,500,432,0,0,576,0,0,219
19340,9467,900,2015,0,1384,946,0,0,388
19341,2812,500,421,486,204,264,0,0,134
19342,3730,500,275,0,614,387,0,0,180
19343,1171,500,228,87,103,113,0,0,80
19344,8755,500,0,759,1326,870,0,0,319
19345,2746,500,301,0,368,273,500,0,115
19346,1943,500,181,356,0,171,0,0,97
19347,1870,500,167,0,174,180,0,0,99
19348,4018,500,1670,0,473,405,0,0,198
19349,5235,500,366,406,668,514,0,0,239
19350,1613,500,0,102,294,169,0,0,98
19351,2756,500,190,338,0,242,0,0,120
19352,3272,500,385,439,348,324,500,0,112
19353,10475,900,1131,1791,538,964,0,0,371
19354,3838,500,256,0,615,397,500,0,162
19355,1857,500,0,133,121,177,0,0,91
19356,5197,500,486,798,417,494,500,0,196
19357,4298,500,514,421,560,421,0,0,191
19358,2453,500,456,206,310,246,0,191,111
19359,2616,500,193,0,307,266,500,0,95
19360,5574,500,311,0,650,546,0,0,209
19361,3199,500,434,0,224,310,500,0,121
19362,2104,500,154,299,0,184,0,0,91
19363,7884,500,908,1404,687,745,0,0,295
19364,730,500,0,0,109,76,500,0,51
19365,3837,500,779,641,273,361,0,0,153
19366,1818,500,148,225,91,170,0,0,90
19367,4525,500,490,0,480,437,0,0,189
19368,3115,500,311,617,0,273,0,0,133
19369,3763,500,431,560,0,330,0,0,150
19370,3551,500,591,621,0,319,0,0,127
19371,3793,500,187,440,408,370,0,0,152
19372,6397,500,1104,1399,0,576,0,0,229
19373,6584,500,392,911,591,628,0,0,244
19374,4800,500,494,0,545,469,0,0,186
19375,3384,500,281,305,300,328,0,0,131
19376,2614,500,274,0,392,261,0,0,134
19377,1198,500,234,212,0,105,500,0,59
19378,5493,500,293,0,826,559,0,0,202
19379,3000,500,439,0,367,299,0,0,131
19380,5438,500,317,0,885,557,0,2006,176
19381,1768,500,56,84,114,172,0,0,83
19382,4251,500,129,360,531,418,0,0,177
19383,3360,500,458,626,0,294,0,0,135
19384,1665,500,328,298,0,146,0,0,89
19385,4285,500,556,0,600,427,0,0,209
19386,1464,500,203,69,229,152,0,0,93
19387,2478,500,0,0,384,260,500,0,115
19388,4696,500,331,761,325,439,0,0,187
19389,4041,500,349,0,446,398,0,0,153
19390,2101,500,90,0,389,224,0,0,109
19391,1672,500,301,204,59,154,0,0,83
19392,3993,500,542,617,279,377,500,0,140
19393,3651,500,285,552,268,341,500,0,147
19394,3499,500,600,629,214,325,0,0,155
19395,5575,500,313,976,0,487,0,0,201
19396,5108,500,1001,899,561,497,0,0,193
19397,3393,500,262,392,296,321,0,0,159
19398,1672,500,163,0,163,162,0,0,93
19399,2623,500,175,0,335,264,0,0,120
19400,3252,500,431,489,0,285,0,0,130
19401,4490,500,311,644,0,393,500,0,158
19402,8872,500,1045,1305,600,828,0,0,321
19403,1829,500,174,165,142,175,500,0,80
19404,5160,500,548,691,0,452,0,0,184
19405,3535,500,380,569,160,324,0,0,146
19406,2401,500,90,277,109,223,0,0,105
19407,2292,500,264,346,0,201,500,0,83
19408,15801,900,1071,1770,1902,1542,0,0,549
19409,1679,500,105,229,0,147,0,0,90
19410,2776,500,403,0,334,284,0,0,132
19411,3850,500,0,0,603,399,0,0,177
19412,4429,500,1656,992,817,453,0,0,226
19413,989,500,92,193,0,86,0,0,75
19414,3604,500,0,0,443,358,0,0,148
19415,6731,500,432,704,615,644,0,0,246
19416,4572,500,292,781,0,401,500,0,144
19417,5260,500,656,741,353,492,0,0,198
19418,1943,500,146,334,120,180,0,0,107
19419,7511,500,1218,1698,0,657,500,0,254
19420,2749,500,182,252,300,272,0,0,120
19421,1870,500,130,193,154,185,500,0,71
19422,3857,500,272,598,260,362,0,0,152
19423,4606,500,456,801,0,414,0,0,164
19424,5627,500,597,0,656,551,500,0,201
19425,5369,500,538,0,713,538,0,0,203
19426,14892,900,0,2351,929,1380,0,0,451
19427,11839,900,1252,2498,0,1036,0,0,404
19428,4354,500,911,614,268,407,0,0,170
19429,6117,500,639,645,601,591,0,0,224
19430,4680,500,299,480,489,454,0,0,180
19431,4182,500,224,0,666,426,500,0,161
19432,1570,500,163,0,282,164,500,0,77
19433,4697,500,792,0,682,485,0,0,191
19434,3202,500,516,543,418,318,0,0,145
19435,3201,500,437,0,461,325,0,0,149
19436,2042,500,191,376,0,179,0,0,100
19437,1095,500,90,0,114,107,0,0,79
19438,3579,500,240,731,0,313,0,0,150
19439,3841,500,411,0,547,386,500,0,149
19440,3563,500,469,649,0,312,0,0,135
19441,4050,500,420,0,374,388,500,0,146
19442,2949,500,454,367,463,295,0,0,144
19443,8758,500,1022,804,1229,871,0,0,328
19444,3497,500,483,0,724,375,5580,0,43
19445,3941,500,288,0,543,392,0,0,177
19446,986,500,88,174,0,86,0,0,72
19447,2795,500,463,384,120,258,0,0,118
19448,1427,500,109,0,0,125,500,0,66
19449,12866,900,1360,2711,0,1127,0,0,434
19450,5098,500,500,752,217,468,0,0,179
19451,4283,500,299,466,442,413,0,0,179
19452,2106,500,125,157,379,217,0,0,116
19453,1922,500,132,0,581,222,0,0,121
19454,4371,500,283,675,366,415,0,0,182
19455,1993,500,264,256,91,184,0,0,95
19456,4350,500,446,528,402,419,0,0,164
19457,1204,500,44,169,0,105,0,0,76
19458,2995,500,350,462,219,280,0,0,140
19459,4475,500,269,229,630,449,0,0,184
19460,1943,500,342,0,233,198,500,0,84
19461,1645,500,347,0,230,166,0,0,100
19462,3784,500,658,0,495,371,500,0,146
19463,5622,500,371,808,590,541,0,0,238
19464,4046,500,606,0,0,355,0,0,151
19465,6482,500,669,0,0,568,0,0,242
19466,1346,500,223,198,135,130,500,0,71
19467,2632,500,186,0,512,273,0,0,144
19468,5205,500,574,0,767,525,0,0,213
19469,6044,500,638,774,583,581,0,0,229
19470,1360,500,78,124,54,128,0,0,74
19471,2793,500,329,0,508,297,0,0,129
19472,4910,500,299,0,470,475,0,0,183
19473,745,500,115,0,106,75,0,0,73
19474,2815,500,228,123,331,282,0,0,121
19475,2780,500,296,443,329,273,0,0,134
19476,5084,500,561,0,963,536,0,0,231
19477,7184,500,1587,1010,802,702,0,0,258
19478,1396,500,56,0,114,135,0,0,84
19479,2092,500,329,359,132,195,0,0,110
19480,8544,500,917,1404,721,811,0,0,299
19481,2898,500,247,0,345,289,0,0,132
19482,16604,900,1796,3587,0,1454,0,0,553
19483,8408,500,1558,871,1215,833,0,0,343
19484,5238,500,374,0,759,521,0,0,213
19485,3400,500,327,610,156,310,0,0,153
19486,3888,500,655,852,0,350,5392,0,42
19487,5712,500,773,0,977,594,0,421,237
19488,5612,500,678,0,719,552,500,0,213
19489,1515,500,249,0,242,155,0,0,97
19490,6213,500,335,0,752,613,0,0,224
19491,1895,500,146,0,280,188,0,0,112
19492,1008,500,83,179,0,89,500,0,58
19493,2479,500,584,163,319,243,0,0,129
19494,4291,500,815,583,382,414,0,0,157
19495,4332,500,556,509,502,421,0,0,188
19496,3856,500,523,0,548,388,0,0,166
19497,4477,500,0,716,0,392,500,0,132
19498,3066,500,180,0,501,312,0,0,142
19499,2700,500,118,0,428,284,0,0,119
19500,4466,500,308,847,0,402,0,0,164
19501,6094,500,681,0,638,606,0,0,234
19502,3812,500,474,0,732,405,0,0,167
19503,11570,900,656,1634,903,1090,0,0,403
19504,4392,500,504,393,588,436,0,0,184
19505,3094,500,296,0,379,306,0,0,146
19506,2107,500,253,0,239,214,0,0,97
19507,4192,500,526,586,0,367,0,0,157
19508,2287,500,106,0,375,241,500,0,99
19509,1358,500,108,256,0,123,0,0,87
19510,3586,500,406,0,531,362,0,0,164
19511,2533,500,423,0,306,249,0,0,129
19512,5788,500,326,1024,0,507,0,0,194
19513,9579,500,1147,1943,0,838,0,0,301
19514,8691,500,1068,1346,0,760,0,0,302
19515,4246,500,911,380,385,408,500,0,155
19516,3021,500,294,583,0,264,0,0,129
19517,3033,500,455,572,0,266,0,0,126
19518,3685,500,230,0,516,375,0,0,150
19519,1786,500,198,195,120,172,0,0,86
19520,9862,900,1033,913,1291,971,0,0,386
19521,2048,500,361,0,257,216,0,0,98
19522,4148,500,496,0,609,415,500,0,161
19523,3089,500,534,0,867,349,0,0,168
19524,3983,500,388,341,439,387,0,0,162
19525,1569,500,135,235,201,158,500,0,83
19526,3949,500,787,912,0,345,0,0,171
19527,3173,500,0,0,390,317,0,0,128
19528,3747,500,569,275,398,366,500,0,141
19529,2912,500,286,0,332,288,0,0,127
19530,2113,500,0,238,63,192,0,0,98
19531,2740,500,452,470,116,250,0,0,128
19532,5702,500,369,679,395,537,0,0,204
19533,7404,500,593,1526,0,648,0,0,262
19534,3596,500,605,632,432,352,0,0,163
19535,7426,500,766,1267,650,705,0,0,267
19536,1668,500,399,0,229,167,0,0,96
19537,1924,500,123,0,159,181,0,0,114
19538,16523,900,0,0,2694,1708,500,0,570
19539,6518,500,368,0,1010,657,0,0,250
19540,1805,500,352,91,285,187,0,0,97
19541,1506,500,116,169,118,147,0,0,85
19542,12293,900,2049,2246,829,1146,0,0,451
19543,3364,500,343,261,412,335,0,0,145
19544,4928,500,245,931,0,431,0,0,178
19545,3551,500,519,360,275,337,0,0,139
19546,2651,500,226,0,277,260,0,0,119
19547,4366,500,223,421,346,415,0,0,167
19548,2554,500,255,488,0,224,500,0,99
19549,3849,500,337,0,572,394,0,0,154
19550,1394,500,160,0,160,135,0,0,92
19551,3422,500,343,480,305,330,0,0,134
19552,1576,500,368,371,0,138,0,0,93
19553,2971,500,413,283,220,284,0,0,125
19554,3309,500,228,0,673,356,500,0,129
19555,1358,500,306,109,132,137,0,0,88
19556,2018,500,307,0,223,197,0,0,105
19557,4158,500,261,0,440,400,0,0,176
19558,2823,500,228,0,331,282,0,0,121
19559,10037,900,690,0,1249,1014,0,0,366
19560,5820,500,316,0,740,575,556,0,210
19561,2263,500,123,0,270,226,500,0,109
19562,1715,500,197,157,82,161,0,0,85
19563,2874,500,285,0,355,282,0,0,138
19564,1575,500,275,86,102,152,0,0,79
19565,7440,500,480,1237,447,708,0,0,264
19566,3069,500,601,0,442,321,0,0,136
19567,3426,500,412,322,340,335,0,0,137
19568,1208,500,0,154,0,106,0,0,76
19569,1443,500,150,0,184,144,0,0,95
19570,8519,500,1134,987,805,814,0,0,330
19571,6325,500,1133,0,791,617,0,0,266
19572,2592,500,225,0,339,261,0,0,120
19573,7314,500,761,1166,575,693,500,0,241
19574,4885,500,1119,647,477,466,0,0,204
19575,926,500,92,139,0,81,0,0,74
19576,3475,500,247,471,0,305,1099,0,114
19577,4178,500,414,515,366,402,0,0,158
19578,3444,500,212,448,115,313,0,0,135
19579,2600,500,252,498,0,228,0,0,117
19580,1610,500,115,0,219,170,500,0,76
19581,6504,500,374,0,983,659,500,0,224
19582,3209,500,374,0,408,315,0,0,155
19583,2038,500,264,0,217,202,0,0,100
19584,2327,500,269,0,233,233,0,0,101
19585,4743,500,501,859,0,415,500,0,150
19586,14040,900,1592,2093,1467,1353,0,0,498
19587,3023,500,407,323,403,302,0,0,141
19588,2625,500,149,0,390,271,500,0,124
19589,2721,500,156,0,371,277,0,0,121
19590,1392,500,170,136,187,137,0,0,95
19591,5989,500,639,0,819,598,0,0,215
19592,19936,900,2600,0,4141,2075,0,0,773
19593,3127,500,593,479,112,285,0,0,126
19594,3976,500,221,0,722,413,0,0,174
19595,13760,900,954,1597,1576,1332,0,0,514
19596,3905,500,388,0,547,396,0,0,159
19597,9360,900,1373,1147,1017,902,0,0,364
19598,1044,500,44,93,57,97,0,0,75
19599,4395,500,315,0,785,449,500,0,183
19600,4570,500,285,784,268,421,0,0,177
19601,1011,0,63,0,188,104,0,0,66
19602,2334,500,99,0,403,251,584,0,96
19603,2709,500,179,445,0,236,500,0,99
19604,2394,500,0,331,0,210,500,0,101
19605,4021,500,449,797,0,352,0,0,157
19606,1840,500,248,212,0,162,0,0,79
19607,4048,500,444,352,466,396,0,0,178
19608,2833,500,293,358,0,248,0,0,114
19609,1455,500,331,0,220,153,0,0,91
19610,6158,500,580,0,873,621,0,0,231
19611,23899,900,2859,0,2869,2324,0,0,843
19612,4059,500,458,0,657,421,0,0,174
19613,2903,500,533,0,445,297,0,0,140
19614,1253,500,118,233,0,110,0,0,83
19615,895,500,265,0,123,92,500,0,60
19616,2313,500,222,0,302,235,500,0,97
19617,3615,500,357,428,268,343,0,0,144
19618,1193,500,58,0,112,116,0,0,83
19619,4893,500,568,0,900,509,0,0,204
19620,2555,500,294,394,231,243,0,0,125
19621,1250,500,143,0,162,123,0,0,88
19622,6748,500,904,770,714,652,500,0,220
19623,1900,500,165,0,330,199,0,0,103
19624,3853,500,361,538,528,391,0,0,153
19625,1150,500,71,0,215,118,0,0,88
19626,10325,900,1070,0,1746,1051,0,0,391
19627,5183,500,342,0,1028,547,0,0,216
19628,7242,500,430,0,1289,739,0,0,304
19629,4274,500,338,0,612,434,0,0,175
19630,4886,500,575,433,673,487,500,0,183
19631,4404,500,469,724,333,414,0,0,186
19632,1351,500,60,0,166,141,0,0,86
19633,3054,500,164,200,303,301,0,0,122
19634,8610,500,586,907,797,824,0,0,301
19635,2810,500,504,462,0,245,500,0,88
19636,2104,500,221,330,61,196,0,0,103
19637,5623,500,1074,1162,0,492,0,0,190
19638,28126,900,3582,0,5630,2921,0,0,1042
19639,4517,500,443,804,0,395,0,0,155
19640,5608,500,534,0,624,548,500,0,191
19641,1202,500,85,180,0,106,0,0,78
19642,1315,500,113,135,139,128,0,0,86
19643,6001,500,371,0,981,608,0,0,244
19644,8990,500,1016,1546,0,810,0,0,305
19645,4625,500,468,0,0,416,0,0,171
19646,7264,500,1614,1338,775,703,0,235,281
19647,3148,500,0,581,0,275,500,0,122
19648,9412,500,0,0,1444,977,0,0,365
19649,2963,500,279,0,448,301,500,0,119
19650,14212,900,0,0,2683,1461,0,2757,453
19651,2350,500,179,250,295,232,0,0,118
19652,3716,500,463,673,0,326,0,0,143
19653,3280,500,207,567,0,287,500,0,117
19654,1853,500,90,175,174,179,0,0,99
19655,3393,500,604,0,336,334,0,0,140
19656,2381,500,148,0,341,247,0,0,113
19657,5582,500,952,916,395,526,0,0,201
19658,2812,500,272,425,195,264,0,0,124
19659,2730,500,307,454,199,256,0,0,128
19660,1527,500,142,0,166,151,0,0,88
19661,5002,500,544,0,612,492,0,0,198
19662,2531,500,468,0,280,244,0,0,130
19663,3982,500,333,469,0,348,0,2576,80
19664,2782,500,474,0,445,282,0,0,136
19665,2201,500,445,361,114,203,0,0,105
19666,3609,500,564,685,317,340,0,0,164
19667,2849,500,511,0,474,288,551,0,137
19668,1375,500,328,133,218,140,0,0,90
19669,2093,500,151,303,61,189,0,0,97
19670,6918,500,462,585,833,679,0,0,258
19671,4366,500,277,647,278,408,0,0,167
19672,3275,500,193,0,440,330,0,0,149
19673,1992,500,347,252,275,197,500,0,97
19674,1858,500,80,0,172,181,0,0,95
19675,3409,500,390,0,553,354,0,0,149
19676,2103,500,211,275,190,202,0,0,106
19677,1320,500,71,0,161,130,0,0,88
19678,1652,500,0,0,124,161,0,0,87
19679,3027,500,279,366,398,303,500,0,120
19680,2641,500,303,0,340,260,0,0,131
19681,7349,500,1110,0,1093,738,0,0,274
19682,4793,500,311,0,489,464,500,0,172
19683,4020,500,567,503,0,352,0,0,141
19684,5742,500,996,827,394,538,0,0,232
19685,4039,500,412,474,319,385,0,0,155
19686,22722,2200,0,0,0,1988,0,0,0
19687,2356,500,155,165,227,231,500,0,94
19688,2155,500,220,194,288,213,0,0,118
19689,6690,500,1091,1476,0,585,0,0,212
19690,2664,500,114,308,0,234,0,0,116
19691,6573,500,684,1359,0,576,0,0,234
19692,5090,500,386,0,672,514,500,0,198
19693,1353,500,0,71,121,132,0,0,85
19694,2754,500,129,169,289,271,500,0,101
19695,4269,500,666,0,490,418,0,0,169
19696,2972,500,248,0,404,302,0,0,126
19697,1330,500,104,149,135,130,0,0,82
19698,4444,500,518,0,847,458,0,0,195
19699,4655,500,477,789,0,407,0,0,178
19700,1523,500,114,136,142,148,500,0,71
19701,1902,500,195,154,196,185,0,0,101
19702,4455,500,288,765,0,390,500,0,150
19703,15865,900,0,0,2803,1622,0,2964,481
19704,4216,500,624,860,0,369,0,0,166
19705,4586,500,561,0,775,473,0,0,196
19706,2982,500,193,263,226,285,0,0,123
19707,3118,500,341,256,437,314,0,0,145
19708,2933,0,325,495,276,281,0,0,126
19709,7861,500,553,0,1363,802,0,0,300
19710,5345,500,609,0,905,549,0,0,216
19711,3430,500,517,555,227,321,500,0,131
19712,14565,900,1522,2633,1032,1357,0,0,520
19713,2266,500,350,251,223,219,0,0,120
19714,4839,500,264,610,272,449,0,0,182
19715,8740,500,1441,1814,0,764,500,0,286
19716,2926,500,221,0,676,314,500,0,133
19717,5312,500,621,790,0,464,0,0,202
19718,5054,500,336,0,721,511,0,0,197
19719,3157,500,417,284,285,307,0,0,123
19720,8881,500,963,1538,386,810,0,0,311
19721,6118,500,395,1137,0,535,0,0,212
19722,2224,500,361,145,239,224,0,0,102
19723,6569,500,844,807,735,634,0,0,277
19724,5491,500,290,0,672,536,0,0,210
19725,3471,500,382,590,121,314,0,0,147
19726,2474,500,279,431,212,234,0,0,124
19727,2334,500,359,204,302,232,0,0,114
19728,5993,500,327,1012,0,524,0,0,215
19729,3106,500,256,500,0,272,0,0,116
19730,5447,500,359,893,413,511,0,0,206
19731,1378,500,150,0,280,145,500,0,78
19732,3630,500,349,611,0,318,0,0,133
19733,7722,500,433,844,744,738,0,0,278
19734,1416,500,114,110,192,143,0,0,89
19735,3163,500,465,0,436,329,500,0,122
19736,4722,500,297,0,568,469,0,0,180
19737,1364,500,155,0,219,139,0,0,90
19738,6324,500,958,1032,282,579,0,0,213
19739,7303,500,428,1503,0,639,0,0,281
19740,3976,500,220,0,586,401,0,0,165
19741,1620,500,115,0,231,168,0,0,92
19742,2260,500,91,266,126,212,0,0,98
19743,1112,500,107,169,0,97,0,0,79
19744,2980,500,414,227,277,290,0,0,122
19745,3360,500,307,402,330,326,0,0,139
19746,3351,500,690,0,439,334,0,0,146
19747,1498,500,97,85,119,152,0,0,81
19748,3653,500,339,0,518,373,0,0,147
19749,10983,900,758,1224,1268,1067,0,0,398
19750,4517,500,285,783,218,413,0,0,188
19751,4573,500,494,0,562,451,0,0,185
19752,5555,500,347,614,562,534,0,0,219
19753,8938,500,506,1746,0,782,0,0,298
19754,1930,500,148,0,319,197,0,0,110
19755,4906,500,264,704,273,455,0,0,188
19756,8862,500,514,1313,740,835,0,0,317
19757,7274,500,361,606,871,713,0,0,261
19758,9241,900,2306,0,1616,940,0,0,382
19759,11216,900,1230,1092,1444,1097,0,2692,377
19760,4082,500,130,0,659,423,0,0,182
19761,8867,500,908,1801,0,776,0,0,295
19762,3550,500,216,603,324,338,0,0,165
19763,8236,500,1485,1370,972,799,0,0,329
19764,4832,500,332,850,0,423,0,0,165
19765,4196,500,675,0,467,410,0,0,167
19766,1200,500,102,89,159,121,0,0,81
19767,1891,500,365,420,0,166,0,0,103
19768,1731,500,149,262,109,160,0,0,100
19769,1889,500,261,338,0,165,0,0,89
19770,5428,500,573,0,706,533,0,0,232
19771,8004,500,848,0,1419,826,0,0,294
19772,5570,500,575,0,1011,573,0,0,249
19773,2513,500,183,354,0,219,0,0,99
19774,5396,500,0,540,576,522,0,0,206
19775,5513,500,527,1040,0,482,0,0,192
19776,2771,500,242,361,215,266,0,0,116
19777,17908,900,1986,3125,1105,1660,0,0,604
19778,1861,500,551,0,276,185,0,0,112
19779,3800,500,275,0,653,387,0,0,176
19780,2887,500,450,289,253,279,500,0,108
19781,2799,500,574,249,172,266,0,0,116
19782,4810,500,524,1001,0,421,500,0,176
19783,1226,500,0,67,81,118,0,0,76
19784,3012,500,210,383,215,282,0,0,133
19785,13407,900,877,2289,596,1222,0,0,456
19786,127346,12640,2727,0,0,11461,0,0,0
19787,1747,500,152,0,435,190,500,0,95
19788,2042,500,269,260,267,210,0,0,101
19789,2009,500,167,130,173,196,0,0,96
19790,6234,500,641,0,887,627,0,0,227
19791,2946,500,190,0,333,288,0,0,137
19792,2706,500,203,0,437,275,0,0,126
19793,1614,500,176,151,41,148,500,0,61
19794,2775,500,407,420,0,243,0,0,114
19795,1396,500,118,0,224,143,0,0,90
19796,5614,500,556,1101,0,491,0,0,200
19797,6899,500,417,0,984,708,0,1138,235
19798,2619,500,343,329,126,245,0,0,103
19799,8936,500,987,0,0,783,11206,0,55
19800,2781,500,160,295,272,271,0,0,126
19801,1992,500,130,0,225,195,500,0,92
19802,1779,500,161,315,0,156,0,0,91
19803,3133,500,312,261,414,313,0,0,144
19804,4610,500,631,717,0,404,0,0,171
19805,2032,500,220,0,392,209,0,0,118
19806,6032,500,678,0,500,569,500,0,218
19807,19861,900,1143,3384,1523,1862,0,0,661
19808,1853,500,107,205,0,161,500,0,65
19809,2056,500,150,227,93,192,0,0,95
19810,2732,500,236,0,295,274,0,0,108
19811,2804,500,324,266,375,277,0,0,147
19812,5255,500,342,0,901,538,0,0,212
19813,1568,500,56,119,115,151,0,0,84
19814,4200,500,530,0,543,415,0,0,174
19815,3843,500,328,0,403,389,0,0,150
19816,3641,500,743,0,462,364,0,0,159
19817,7954,500,529,681,1122,794,0,0,288
19818,1482,500,56,119,114,143,0,0,88
19819,2030,500,371,0,288,211,500,0,97
19820,6062,500,321,0,1394,658,0,0,247
19821,4617,500,263,609,327,434,500,0,163
19822,4355,500,289,640,211,402,0,0,166
19823,1745,500,249,143,89,166,0,0,82
19824,5178,500,346,0,717,518,0,0,205
19825,4215,500,789,0,645,429,0,0,176
19826,2453,500,264,0,338,248,0,0,127
19827,2232,500,144,288,56,201,0,0,99
19828,7905,500,801,1148,506,734,0,0,281
19829,2500,500,309,0,403,252,0,0,132
19830,3833,500,330,431,281,364,0,0,143
19831,2503,500,449,473,175,233,0,0,123
19832,5207,500,334,662,328,487,0,0,194
19833,2205,500,149,0,398,229,500,0,102
19834,3093,500,399,0,442,316,0,802,116
19835,1666,500,304,0,204,162,0,0,103
19836,13436,900,556,0,2203,1402,0,0,479
19837,4001,500,801,799,0,350,0,0,149
19838,3948,500,618,426,374,380,0,0,159
19839,5493,500,1122,1145,0,481,500,0,171
19840,3941,500,622,0,668,407,0,0,176
19841,7781,500,883,1172,732,743,0,0,288
19842,7101,500,749,1416,0,621,0,0,244
19843,4285,500,560,0,567,444,500,0,153
19844,2600,500,254,398,139,241,0,0,118
19845,3686,500,417,629,225,342,0,0,156
19846,6871,500,436,630,1097,691,0,0,280
19847,10671,900,1164,1819,713,994,0,0,381
19848,1639,500,162,0,273,167,0,0,105
19849,3813,500,460,454,440,370,0,0,171
19850,7131,500,687,1507,0,624,0,0,229
19851,5109,500,488,0,743,515,0,0,197
19852,2335,500,153,305,228,226,0,0,115
19853,3718,500,529,0,820,391,0,0,186
19854,3099,500,460,257,280,299,0,0,132
19855,13610,900,713,2707,0,1193,0,0,435
19856,5019,500,717,0,0,439,0,0,183
19857,2827,500,335,237,341,279,0,0,131
19858,4500,500,501,0,620,451,500,0,168
19859,4274,500,617,841,0,374,0,0,146
19860,2405,500,115,0,455,252,0,0,126
19861,2112,500,91,142,240,211,0,0,107
19862,1622,500,95,81,120,159,0,0,80
19863,4860,500,655,0,713,485,0,0,200
19864,2035,500,304,399,0,178,0,0,99
19865,1924,500,75,0,288,204,0,0,95
19866,1843,500,0,280,0,161,0,0,90
19867,2037,500,222,178,273,203,3234,0,43
19868,4895,500,491,767,216,449,0,0,186
19869,8743,500,551,1393,524,811,0,0,301
19870,2931,500,512,0,492,297,0,0,146
19871,1833,500,162,230,112,172,0,0,95
19872,2810,500,410,368,207,267,500,0,108
19873,1697,500,89,88,234,170,0,0,102
19874,8280,500,830,1647,0,725,0,0,275
19875,4388,500,413,0,611,440,0,0,178
19876,2750,500,317,206,351,272,0,0,128
19877,4677,500,561,968,0,410,500,0,160
19878,3543,500,614,0,543,356,0,0,163
19879,5123,500,356,454,641,502,0,0,204
19880,3065,500,364,0,456,307,0,0,147
19881,13202,900,1419,2832,0,1154,0,0,450
19882,4793,500,530,378,547,466,0,0,206
19883,3602,500,286,0,589,362,0,0,168
19884,2333,500,342,0,290,235,500,0,92
19885,2924,500,688,656,0,256,0,0,131
19886,4374,500,554,0,466,424,500,0,164
19887,2821,500,359,197,269,277,0,0,114
19888,1958,500,82,0,345,211,0,0,99
19889,9652,500,964,0,0,868,0,0,311
19890,1948,500,341,0,168,192,0,0,92
19891,7100,500,456,754,753,688,0,0,265
19892,3601,500,555,435,419,350,0,0,164
19893,79633,7900,0,0,0,6869,0,0,0
19894,5920,500,363,0,635,576,0,0,214
19895,4063,500,270,839,0,355,500,0,148
19896,3977,500,863,0,563,394,0,0,174
19897,1752,500,118,170,60,162,500,0,65
19898,6473,500,1035,0,0,566,0,0,216
19899,3216,500,379,0,358,320,0,0,151
19900,1890,500,58,146,185,192,0,0,92
19901,897,500,116,157,0,79,500,0,53
19902,3300,500,435,493,230,312,0,0,138
19903,3695,500,572,0,794,398,0,0,180
19904,3515,500,547,758,0,307,500,0,134
19905,2047,500,449,372,109,189,0,0,111
19906,1893,500,333,176,233,186,0,0,113
19907,3557,500,609,0,567,369,0,0,158
19908,1926,500,140,178,197,189,0,0,99
19909,1093,500,174,164,131,111,0,0,84
19910,3482,500,378,0,575,356,0,0,154
19911,3688,500,478,0,526,375,0,0,149
19912,3455,500,627,667,0,302,500,0,118
19913,2493,500,469,0,407,250,0,0,137
19914,4706,500,531,0,798,479,0,0,206
19915,2406,500,217,0,371,249,0,0,122
19916,2855,500,128,227,223,275,0,0,120
19917,1876,500,225,264,124,177,1127,0,68
19918,5211,500,675,512,732,515,0,1299,193
19919,2380,500,131,341,0,208,0,0,101
19920,8872,500,0,0,1243,884,0,0,316
19921,7932,500,407,1624,0,694,0,0,124
19922,3882,500,660,0,614,395,0,0,165
19923,1393,500,149,0,161,140,0,0,90
19924,3390,500,302,0,290,328,0,0,128
19925,2794,500,331,0,461,284,0,0,136
19926,3217,500,394,532,0,282,0,0,120
19927,3182,500,379,0,0,286,0,0,114
19928,2010,500,340,0,177,191,500,0,92
19929,1767,500,372,364,0,155,0,0,98
19930,1058,500,132,96,144,105,0,0,81
19931,5236,500,1140,821,326,487,0,0,199
19932,3416,500,330,497,286,327,500,0,123
19933,12231,900,1917,1480,1378,1185,0,0,450
19934,2166,500,82,0,175,211,500,0,80
19935,2053,500,674,346,110,191,0,0,99
19936,2128,500,154,227,0,186,0,0,90
19937,3144,500,460,379,330,303,0,0,144
19938,9623,900,1148,923,1316,950,0,0,367
19939,3730,500,240,324,493,369,0,0,175
19940,1877,500,237,0,260,197,0,0,95
19941,3443,500,254,494,0,301,0,0,161
19942,2965,500,278,0,403,297,0,0,133
19943,6546,500,1034,799,671,628,0,0,254
19944,4445,500,517,0,657,459,0,0,189
19945,1907,500,117,0,176,189,500,0,75
19946,2434,500,223,0,337,245,0,0,119
19947,5938,500,840,0,891,602,0,0,226
19948,4615,500,322,885,0,416,0,0,137
19949,1887,500,65,0,179,191,0,0,92
19950,3698,500,229,435,350,359,0,0,152
19951,1316,500,159,128,165,129,0,0,91
19952,8707,500,218,1697,0,761,0,0,282
19953,6027,500,1160,0,712,611,0,0,223
19954,3770,500,367,0,391,381,0,0,145
19955,2274,500,270,0,292,234,0,0,105
19956,7119,500,1118,0,1214,729,0,0,275
19957,3281,0,276,504,0,287,500,0,88
19958,1922,500,114,334,137,179,0,0,107
19959,1481,500,104,201,0,129,500,0,62
19960,2296,500,171,185,178,221,0,0,101
19961,1034,500,89,0,113,101,0,0,77
19962,3132,500,298,440,123,287,0,0,123
19963,2414,500,223,279,118,223,0,0,106
19964,6760,500,1168,660,956,672,0,0,259
19965,6423,500,439,729,798,628,0,0,249
19966,7456,500,1297,0,1304,778,0,0,307
19967,4298,500,290,386,435,417,0,0,170
19968,2136,500,82,197,163,208,0,0,95
19969,7318,500,428,1503,0,641,0,0,262
19970,16555,900,1716,2834,1132,1544,0,0,531
19971,9692,500,538,1629,482,888,500,0,314
19972,3757,500,514,732,0,328,0,0,150
19973,1360,500,176,188,77,127,0,0,82
19974,1499,500,269,251,0,132,0,0,89
19975,4275,500,634,0,484,429,0,0,172
19976,1278,500,206,151,139,128,0,0,88
19977,7582,500,926,466,1295,767,0,0,309
19978,2085,500,151,403,0,182,0,0,97
19979,3430,500,300,0,510,351,0,0,153
19980,2589,500,429,449,127,238,0,0,121
19981,2358,500,223,256,273,237,0,0,121
19982,7297,500,0,995,0,639,500,0,224
19983,2998,500,279,0,411,310,500,0,128
19984,1606,500,159,0,0,141,0,0,91
19985,7388,500,509,804,865,742,0,0,270
19986,4381,500,784,0,658,439,500,0,181
19987,6117,500,764,819,436,574,0,0,220
19988,3965,500,273,683,167,360,0,0,168
19989,2693,500,186,455,0,235,0,0,124
19990,5919,500,400,0,930,615,0,0,238
19991,2906,500,457,0,450,293,0,0,140
19992,1022,500,60,174,55,94,0,0,79
19993,2120,500,233,262,0,186,0,0,88
19994,2505,500,175,112,295,251,0,0,117
19995,2621,500,382,234,228,255,500,0,98
19996,32742,900,1751,6643,0,2864,0,0,979
19997,1195,500,95,164,119,117,0,0,80
19998,1642,500,103,90,166,165,0,0,84
19999,3772,500,346,492,0,330,0,0,143
20000,3985,500,339,0,524,414,0,0,154
20001,2706,500,366,351,0,236,0,0,113
20002,4664,500,416,0,752,482,0,0,179
20003,14823,900,1706,2657,1173,1393,0,0,528
20004,2763,500,323,394,112,254,0,0,114
20005,4189,500,252,0,549,417,0,0,175
20006,1348,500,168,206,0,118,0,0,91
20007,3043,500,301,0,521,317,500,0,119
20008,2553,500,443,431,149,237,0,0,118
20009,2654,500,194,0,261,271,0,0,110
20010,828,500,45,0,66,89,500,0,51
20011,7491,500,838,866,927,733,500,0,270
20012,3009,500,418,0,551,325,0,0,128
20013,7296,500,875,1315,465,677,500,0,268
20014,2538,500,430,241,293,248,0,0,126
20015,15544,900,1843,1452,2211,1546,500,0,552
20016,1658,500,171,85,108,162,0,0,82
20017,1781,500,114,0,282,194,0,0,91
20018,4270,500,909,894,0,374,0,0,156
20019,1709,500,428,0,343,177,0,0,108
20020,4677,500,500,831,301,433,0,0,193
20021,2681,500,158,0,296,270,0,0,112
20022,8962,500,609,1785,0,784,0,0,292
20023,5514,500,662,0,824,553,0,0,225
20024,2006,500,347,0,270,198,0,0,113
20025,1456,500,90,0,208,155,0,0,84
20026,2018,500,219,0,331,203,0,0,115
20027,1945,500,146,223,220,188,0,0,109
20028,4933,500,259,588,717,499,0,0,195
20029,1786,500,178,305,0,161,500,0,74
20030,2112,500,147,224,222,204,0,0,110
20031,2815,500,338,283,389,285,0,0,130
20032,1532,500,0,72,123,150,500,0,67
20033,1949,500,90,265,237,195,0,0,101
20034,3660,500,239,0,453,359,0,0,171
20035,3264,500,190,458,0,285,0,0,124
20036,2873,500,161,0,470,294,500,0,122
20037,2484,500,148,368,347,245,0,0,128
20038,2004,500,304,399,0,175,0,0,125
20039,2639,500,630,0,444,268,0,0,144
20040,4683,500,749,864,0,410,500,0,137
20041,1953,500,140,0,198,191,0,0,105
20042,1546,500,94,175,160,153,0,0,97
20043,1803,500,259,252,139,171,0,0,102
20044,7205,500,1582,1279,655,690,0,0,255
20045,4188,500,279,0,914,454,0,0,180
20046,1477,500,0,69,84,143,0,0,81
20047,1690,500,260,0,295,173,0,0,105
20048,2324,500,374,218,228,227,0,0,105
20049,2262,500,145,289,113,211,0,0,102
20050,2907,500,557,469,164,279,500,0,116
20051,1804,500,142,0,217,177,0,0,102
20052,1158,500,70,0,159,114,0,0,87
20053,5077,500,876,1096,0,445,0,0,201
20054,5032,500,515,427,658,500,0,0,193
20055,1336,500,242,0,197,139,0,0,85
20056,1590,500,94,0,277,162,0,0,100
20057,15036,900,1796,0,1702,1454,0,0,554
20058,7207,500,468,763,675,690,0,0,271
20059,6333,500,937,1291,0,554,500,0,211
20060,1709,500,259,0,219,171,0,0,101
20061,3334,500,304,0,363,330,0,0,138
20062,5256,500,570,632,537,503,0,0,233
20063,3735,500,109,781,0,327,0,0,151
20064,7489,500,1226,0,573,705,0,0,274
20065,3713,0,450,577,0,325,0,0,141
20066,5236,500,626,504,604,507,0,0,198
20067,9758,900,1116,1141,1018,939,0,0,360
20068,3306,500,198,290,392,323,0,0,147
20069,2014,500,145,398,0,176,0,2835,40
20070,1749,500,185,0,287,176,2897,0,38
20071,4573,500,445,567,0,400,0,0,157
20072,1504,500,170,317,0,131,0,0,88
20073,6314,500,413,1037,500,595,0,0,232
20074,1838,500,172,268,89,169,0,0,95
20075,3535,500,226,0,601,362,0,0,171
20076,2947,500,258,399,135,272,0,0,116
20077,5625,500,661,968,0,492,500,0,190
20078,9071,500,1901,0,1436,912,0,0,368
20079,1699,500,249,0,143,169,0,0,84
20080,3774,500,613,636,216,350,0,0,154
20081,1097,500,0,202,0,96,0,0,78
20082,1298,500,0,98,174,134,500,0,69
20083,1918,500,166,129,172,187,0,0,95
20084,3312,500,210,414,338,320,0,0,150
20085,6064,500,573,1129,0,531,0,0,191
20086,2099,500,114,219,64,191,0,0,89
20087,3653,500,520,467,213,342,0,0,138
20088,6435,500,674,1343,0,564,0,0,231
20089,1749,500,95,152,63,162,912,0,57
20090,1351,500,238,251,121,128,0,0,88
20091,1762,500,673,0,334,189,0,0,105
20092,3842,500,421,633,461,377,0,664,140
20093,3539,500,334,0,510,357,0,0,149
20094,20664,900,2329,3703,1107,1899,0,0,699
20095,2996,500,327,265,227,287,0,0,120
20096,1585,500,87,0,215,156,500,0,85
20097,3940,500,494,0,601,394,0,0,175
20098,4137,500,289,0,490,407,0,0,171
20099,1332,500,117,225,163,130,0,0,89
20100,1749,500,95,152,63,162,0,0,81
20101,1766,500,73,137,115,167,500,0,74
20102,3234,500,519,0,599,337,0,0,159
20103,2985,500,357,269,204,284,0,0,124
20104,3991,500,652,785,0,350,0,0,146
20105,2715,500,456,359,116,251,0,0,114
20106,4020,500,372,0,0,351,500,0,124
20107,4103,500,129,449,479,399,0,0,190
20108,3029,500,184,203,303,299,500,435,91
20109,3099,500,436,0,511,318,0,0,141
20110,1878,500,108,194,112,179,0,0,87
20111,2905,500,299,595,0,254,500,0,114
20112,2793,500,129,0,403,290,500,0,99
20113,7039,500,1036,1427,0,616,0,0,253
20114,3552,500,558,0,726,370,0,0,174
20115,2048,0,147,179,282,204,0,0,101
20116,6695,500,443,1244,0,586,0,8224,40
20117,2136,500,180,0,233,216,0,0,97
20118,1144,500,109,171,0,103,0,0,82
20119,1228,500,112,135,138,120,0,0,85
20120,4107,500,414,0,551,413,500,0,154
20121,2989,0,598,0,602,313,0,0,137
20122,2821,500,210,0,381,278,0,0,139
20123,7471,500,1103,0,1368,764,11205,0,65
20124,1504,500,117,88,141,150,0,0,83
20125,4568,500,328,907,0,399,500,0,172
20126,1748,500,246,212,0,154,500,0,74
20127,6069,500,433,0,764,593,500,0,226
20128,1359,500,0,88,118,134,0,0,78
20129,6227,500,763,1328,0,545,0,0,219
20130,2956,500,0,356,115,272,0,0,116
20131,3628,500,465,505,294,348,500,0,120
20132,947,500,86,179,0,82,500,0,57
20133,2914,500,413,0,271,283,0,0,131
20134,9383,500,734,1530,505,865,0,6114,307
20135,1259,500,105,234,0,110,0,0,83
20136,2578,500,135,0,244,256,0,0,109
20137,2606,500,263,0,726,306,0,0,141
20138,1299,500,55,59,176,132,0,0,82
20139,2887,500,446,540,222,278,500,0,121
20140,5092,500,349,0,827,520,0,0,201
20141,2399,500,172,148,179,231,0,0,107
20142,5463,500,596,0,789,551,0,0,211
20143,5350,500,340,658,489,513,0,0,197
20144,10710,900,2027,0,1747,1077,0,0,448
20145,2437,500,289,388,0,213,0,0,110
20146,1569,500,46,127,60,145,500,0,63
20147,1675,500,364,0,282,174,500,0,88
20148,2671,500,108,0,225,261,0,0,112
20149,2375,500,229,0,382,250,0,0,123
20150,2462,500,374,416,0,216,0,0,103
20151,2051,500,112,204,130,198,0,0,89
20152,3591,500,444,341,429,349,500,0,144
20153,3486,500,529,335,458,344,0,0,159
20154,4725,500,498,993,0,413,500,0,168
20155,4896,500,318,0,907,503,0,0,222
20156,2542,500,135,0,296,257,0,0,112
20157,27725,900,3328,3406,2988,2668,0,0,972
20158,2310,500,249,415,0,202,0,0,118
20159,8821,500,898,1287,0,772,500,0,278
20160,2197,500,123,0,232,230,500,0,107
20161,3439,500,227,760,0,301,0,0,142
20162,7097,500,725,1349,0,621,0,0,237
20163,1773,500,104,91,168,178,0,0,86
20164,3031,500,331,431,272,297,0,0,138
20165,1564,500,116,168,59,144,0,0,80
20166,12676,900,1342,0,2152,1324,0,0,454
20167,8430,500,897,1424,393,784,2201,0,242
20168,4414,500,264,0,830,458,0,0,186
20169,3598,500,616,0,606,366,0,0,164
20170,3876,500,500,489,0,339,500,0,124
20171,1545,500,137,0,178,155,0,0,87
20172,1051,500,96,177,56,97,0,0,78
20173,1137,500,99,238,0,100,0,0,83
20174,3021,500,320,0,355,299,0,0,138
20175,2096,500,76,0,177,208,0,0,92
20176,5995,500,758,1220,0,524,0,0,211
20177,6975,500,456,0,819,681,0,0,263
20178,5273,500,310,0,826,532,0,0,218
20179,3310,500,0,583,0,289,500,0,121
20180,4276,500,399,291,535,426,0,676,151
20181,2086,500,177,162,115,197,0,0,93
20182,3862,500,332,649,0,338,0,0,139
20183,3387,500,432,0,339,331,500,0,117
20184,2457,500,147,0,226,238,0,0,111
20185,3189,500,449,0,508,324,0,0,147
20186,4900,500,322,1021,0,428,500,0,184
20187,1032,500,118,157,0,91,500,0,54
20188,2293,500,224,0,386,235,0,0,117
20189,1376,500,59,202,0,125,500,0,66
20190,4446,500,554,0,493,432,0,0,189
20191,5292,500,651,0,785,528,0,0,223
20192,9390,500,547,1298,0,822,0,0,296
20193,1526,500,56,119,115,147,0,0,84
20194,2677,500,294,293,221,254,0,0,128
20195,2233,500,452,408,209,214,0,0,115
20196,6944,500,1588,0,1264,718,0,0,265
20197,3849,500,386,382,392,375,0,1364,123
20198,1751,500,206,0,0,154,0,0,98
20199,2105,500,569,0,637,248,0,0,126
20200,2220,500,152,228,88,206,0,0,92
20201,6316,500,620,1227,0,553,500,0,202
20202,4139,500,258,834,0,362,500,0,152
20203,2293,500,160,153,335,239,500,0,97
20204,16134,900,886,0,3168,1671,0,0,594
20205,2041,500,117,282,0,179,0,0,90
20206,1381,500,340,147,171,135,0,0,91
20207,1219,500,71,0,160,120,500,0,68
20208,2076,500,151,227,93,194,0,0,93
20209,3804,500,652,850,0,333,0,0,154
20210,7362,500,825,644,1024,736,0,0,274
20211,15998,900,1724,3438,0,1440,0,0,535
20212,7280,500,0,729,1061,730,0,0,277
20213,11580,900,819,0,1690,1154,0,0,429
20214,2528,500,227,0,391,267,0,0,124
20215,4631,500,344,0,894,477,0,0,211
20216,5244,500,523,683,453,502,0,0,191
20217,1503,0,170,239,61,137,500,0,61
20218,4447,500,492,897,0,389,0,0,172
20219,4224,500,794,849,0,369,0,0,165
20220,5198,500,609,1127,0,468,500,0,185
20221,3985,500,129,0,639,400,0,0,194
20222,4512,500,517,0,763,461,0,0,205
20223,10312,900,974,1798,761,964,0,0,323
20224,1497,500,169,177,106,140,0,0,95
20225,1646,500,80,0,252,170,0,0,92
20226,3432,500,326,0,457,349,0,0,138
20227,1836,500,0,237,226,184,0,0,98
20228,5543,500,0,778,496,532,0,0,197
20229,4275,500,223,421,446,416,0,0,170
20230,2515,0,363,0,284,250,0,0,97
20231,7834,500,1707,763,1139,785,0,0,293
20232,10125,900,1124,1694,1079,980,0,0,371
20233,3348,500,563,314,393,327,500,0,144
20234,1330,500,240,0,171,134,0,0,92
20235,1380,500,109,0,173,136,500,0,74
20236,1643,500,148,0,256,170,0,0,95
20237,4296,500,297,383,574,424,0,0,180
20238,2736,500,226,195,290,269,0,0,117
20239,1501,500,148,272,0,131,0,0,85
20240,2631,500,187,218,295,257,0,0,132
20241,13220,900,946,1221,2330,1346,0,0,306
20242,2376,500,146,177,225,231,500,0,96
20243,3560,500,721,312,386,348,0,0,157
20244,2224,500,253,0,256,216,0,0,117
20245,6509,500,656,0,1017,658,500,0,232
20246,14258,900,1559,2470,1116,1341,0,0,499
20247,6939,500,796,1416,0,607,0,0,240
20248,17078,900,1109,2971,600,1543,0,0,568
20249,1826,500,219,0,275,182,0,0,108
20250,5932,500,581,0,1198,644,0,0,225
20251,10835,900,1202,1875,775,1014,0,0,391
20252,25629,900,2956,4560,2328,2432,0,0,870
20253,6638,500,824,0,944,667,0,0,248
20254,7516,500,924,986,621,714,0,0,265
20255,2053,500,118,138,112,202,0,0,93
20256,5338,500,0,414,595,521,0,0,200
20257,9243,500,985,1551,501,852,0,0,317
20258,1457,500,330,135,187,143,0,0,96
20259,2190,500,161,355,169,206,0,0,113
20260,1221,500,108,0,171,121,0,0,88
20261,1586,500,211,227,199,160,0,0,93
20262,2560,500,292,0,0,224,0,0,120
20263,1393,500,92,149,60,129,0,0,78
20264,3846,500,404,0,653,391,0,0,176
20265,1243,500,143,209,125,120,0,0,85
20266,8362,500,1989,867,1182,831,0,0,342
20267,2549,500,158,293,269,249,0,0,117
20268,2586,500,365,486,0,226,0,0,119
20269,2718,500,306,485,275,260,0,0,132
20270,3280,500,211,629,0,287,0,0,135
20271,3100,500,0,0,531,315,500,0,133
20272,4385,500,262,0,487,426,0,0,191
20273,3572,500,444,341,418,347,0,0,153
20274,4192,0,512,0,651,420,5776,0,44
20275,4126,500,584,719,0,372,0,0,144
20276,2963,500,188,0,377,301,0,0,128
20277,2181,500,98,0,328,227,0,0,108
20278,3812,500,0,705,0,334,0,0,154
20279,9966,500,471,1859,0,872,0,0,317
20280,6803,500,771,736,795,667,0,0,267
20281,2063,500,167,356,269,203,0,0,113
20282,9385,500,513,981,919,903,0,0,286
20283,1757,500,112,172,0,154,0,0,88
20284,3195,500,396,700,0,280,500,0,126
20285,2606,500,228,373,112,240,0,0,112
20286,27767,900,2938,5847,0,2430,0,0,864
20287,9414,500,634,0,1238,954,0,0,345
20288,1758,500,116,138,144,171,1153,0,62
20289,2335,500,219,312,0,204,0,0,109
20290,1258,500,73,0,87,125,2042,0,38
20291,4531,500,256,374,567,447,0,667,169
20292,2511,500,231,324,113,232,0,0,106
20293,5685,500,990,0,761,560,0,0,240
20294,2204,500,1090,630,0,193,0,0,106
20295,7114,500,856,0,1342,738,0,0,283
20296,1846,500,220,0,331,188,0,0,112
20297,1613,500,331,212,107,152,0,0,98
20298,2366,500,264,342,0,207,0,0,97
20299,5728,500,323,0,948,582,0,0,229
20300,2121,500,371,175,231,209,500,0,99
20301,1701,500,67,212,125,163,500,0,76
20302,3800,500,821,0,505,376,0,666,151
20303,4499,500,577,952,0,404,0,0,178
20304,10708,900,1364,0,1749,1079,500,0,410
20305,1518,500,92,206,0,133,0,0,79
20306,8067,500,787,1297,403,742,500,0,258
20307,8644,500,954,0,1609,899,500,0,299
20308,1830,500,258,286,57,171,0,0,98
20309,3914,500,252,772,0,343,0,0,154
20310,5969,500,913,985,390,558,500,0,206
20311,1356,500,209,289,0,118,0,0,87
20312,6082,500,699,0,958,621,0,0,226
20313,4880,500,836,0,680,506,0,0,196
20314,5338,500,642,757,489,507,0,0,209
20315,26166,900,3079,4764,2377,2478,0,298,896
20316,3756,500,472,0,497,388,0,0,152
20317,3452,500,403,704,0,302,0,0,140
20318,2085,500,168,0,458,232,500,0,92
20319,5694,500,308,1024,0,499,500,0,193
20320,2180,500,221,0,333,219,0,0,120
20321,11905,900,727,2324,0,1042,0,0,384
20322,7322,500,455,0,376,675,500,0,253
20323,5067,500,361,845,224,463,0,0,197
20324,3824,500,450,710,0,334,0,0,146
20325,3726,500,341,485,307,355,0,0,153
20326,4821,500,282,0,764,495,0,0,196
20327,22843,900,3615,5024,0,1999,500,0,733
20328,4395,500,449,0,630,445,0,0,173
20329,2953,500,156,356,194,281,0,0,113
20330,2929,500,630,448,311,292,0,0,142
20331,6813,500,442,1260,0,596,500,0,220
20332,3635,500,227,498,123,331,0,0,134
20333,4918,500,249,0,839,502,0,0,215
20334,1957,500,91,213,289,201,0,0,108
20335,1913,500,470,0,388,200,0,0,113
20336,1159,500,90,203,0,102,0,0,76
20337,1943,500,161,0,581,222,0,0,129
20338,1003,500,258,86,96,97,0,0,79
20339,3951,500,422,0,462,388,0,0,161
20340,3239,500,587,352,319,314,0,0,135
20341,4966,500,343,0,771,500,0,0,203
20342,1737,500,171,260,83,160,500,0,75
20343,1310,500,243,95,203,138,0,0,83
20344,4062,500,829,0,616,413,0,0,179
20345,6728,500,870,521,1049,683,9830,0,50
20346,5616,500,0,984,0,492,0,0,192
20347,4292,500,399,567,0,375,0,0,157
20348,2701,500,565,0,481,283,0,0,129
20349,4055,500,494,859,0,355,0,0,164
20350,9902,500,1038,1490,0,866,0,0,331
20351,2915,500,358,0,454,301,0,0,146
20352,3564,0,532,565,221,333,0,0,128
20353,3173,500,206,468,251,301,500,0,119
20354,4030,500,362,593,0,353,0,0,147
20355,1569,500,115,0,230,167,500,0,79
20356,2645,500,487,0,396,275,500,0,96
20357,2779,500,189,0,331,271,0,0,128
20358,2714,500,0,0,459,280,0,0,125
20359,4614,500,519,0,816,476,0,0,190
20360,9932,500,655,2033,0,893,0,0,414
20361,3788,500,418,645,0,331,500,0,128
20362,2945,500,188,0,382,299,0,0,129
20363,5652,500,1123,0,0,495,0,0,214
20364,3938,500,828,0,669,400,0,0,180
20365,4216,500,608,743,0,370,0,0,154
20366,2044,500,211,0,173,204,0,0,92
20367,1613,500,0,0,193,162,0,0,89
20368,3095,500,343,0,410,308,0,0,142
20369,3613,500,525,364,482,374,0,0,150
20370,4317,500,840,0,488,437,0,0,171
20371,4377,500,969,571,484,422,500,0,162
20372,3301,500,564,333,310,320,0,0,131
20373,2389,500,223,244,223,231,0,0,114
20374,3728,500,550,547,0,326,0,0,151
20375,2318,500,104,396,0,203,0,0,107
20376,2099,500,90,0,336,218,0,0,112
20377,4011,500,265,455,462,389,0,0,177
20378,3586,500,408,0,549,361,500,0,148
20379,11578,900,1387,1101,1576,1143,0,0,442
20380,3063,500,382,146,351,304,566,0,114
20381,3574,500,685,666,0,313,500,0,116
20382,2245,500,156,291,266,219,0,0,112
20383,6377,500,904,0,890,650,0,0,261
20384,1920,500,152,100,262,192,0,0,114
20385,5056,500,496,546,704,520,500,0,194
20386,3551,500,344,0,434,350,0,0,151
20387,3036,500,323,0,415,305,0,0,137
20388,4438,500,208,0,897,472,6514,0,51
20389,2654,500,198,0,178,252,500,0,97
20390,5138,500,558,0,897,535,0,0,201
20391,5176,500,544,481,734,514,0,0,224
20392,1662,500,95,82,121,163,0,0,81
20393,2323,500,134,272,117,217,0,0,98
20394,2982,500,320,0,498,310,0,0,146
20395,2366,500,437,166,195,229,0,0,103
20396,1620,500,61,0,159,167,0,0,91
20397,4501,500,670,0,870,469,0,0,199
20398,3653,500,0,307,254,346,0,0,135
20399,4517,500,0,602,171,412,0,0,167
20400,4955,500,592,0,870,503,0,0,215
20401,3198,500,189,461,220,298,0,0,145
20402,3362,500,220,571,0,294,0,0,122
20403,2907,500,150,0,285,282,500,0,116
20404,1300,500,121,160,0,113,0,0,73
20405,3117,500,304,293,253,299,0,0,132
20406,3060,500,296,287,254,293,0,0,127
20407,4395,500,666,441,439,429,0,0,176
20408,2299,500,340,176,238,226,0,0,108
20409,2891,500,414,0,333,286,0,0,125
20410,7060,500,1136,1583,0,618,0,0,262
20411,4626,500,260,794,0,405,0,0,162
20412,3842,500,234,0,448,379,0,0,153
20413,18462,900,2105,0,1448,1735,500,0,623
20414,2905,500,349,355,340,282,500,0,128
20415,10341,900,658,2035,0,930,0,0,415
20416,2028,500,441,363,102,186,0,3257,40
20417,4045,500,504,0,905,439,0,0,189
20418,2631,500,272,330,228,251,500,0,107
20419,2935,500,0,395,0,257,0,0,128
20420,1789,500,335,211,108,168,0,0,89
20421,25909,900,3105,0,3431,2626,0,0,967
20422,10264,900,1105,1749,533,944,0,0,365
20423,3863,500,236,558,222,360,0,0,150
20424,1270,500,0,205,0,111,500,0,61
20425,8349,500,409,1627,0,730,0,0,125
20426,3828,500,477,364,310,367,0,0,145
20427,2540,500,190,209,289,248,0,0,122
20428,4149,500,262,704,652,417,0,0,187
20429,2136,500,261,0,374,226,0,0,124
20430,2079,500,210,359,0,182,0,0,96
20431,2120,500,124,223,222,205,500,0,99
20432,2343,500,346,321,0,205,500,0,76
20433,3452,500,522,401,389,346,500,0,141
20434,3053,500,295,0,250,298,0,0,136
20435,3507,500,848,0,563,353,0,0,161
20436,2060,500,119,0,233,212,0,0,93
20437,4599,500,309,593,436,441,0,0,182
20438,1425,500,78,0,167,139,500,0,76
20439,11686,900,549,1901,719,1084,0,1318,366
20440,2301,500,0,414,0,202,0,0,116
20441,2469,500,147,0,226,240,0,0,111
20442,12708,900,1099,1496,1533,1236,500,0,450
20443,8687,500,887,1467,0,760,0,0,290
20444,4899,500,1040,0,640,481,0,0,201
20445,8827,500,1144,0,1318,888,0,0,313
20446,14235,900,956,1597,1408,1363,0,0,494
20447,4619,500,284,0,842,478,0,0,197
20448,5101,500,255,0,776,533,0,0,189
20449,9306,500,1262,0,1130,914,0,2136,286
20450,4534,500,517,0,669,452,500,0,187
20451,3326,500,234,0,637,347,0,0,156
20452,11571,900,690,1025,1714,1156,0,0,425
20453,2501,500,223,436,0,225,500,0,96
20454,1744,500,81,0,282,188,0,0,101
20455,2455,500,169,0,387,255,0,0,116
20456,979,500,96,149,107,97,0,0,78
20457,4335,500,503,0,538,427,0,0,192
20458,4189,500,466,0,670,427,500,0,163
20459,3038,500,273,0,0,273,0,0,120
20460,1733,500,171,226,89,160,500,0,78
20461,3594,500,233,374,429,363,0,0,161
20462,4985,500,368,0,733,496,500,0,192
20463,10019,900,1181,0,1431,998,0,0,386
20464,2662,0,108,0,231,260,0,0,93
20465,1660,500,117,299,0,145,0,0,89
20466,1470,500,126,0,116,147,0,0,79
20467,4444,500,244,737,0,389,0,0,157
20468,1735,500,89,174,172,168,0,0,97
20469,2252,500,98,292,90,206,500,0,87
20470,6577,500,392,0,1386,696,0,723,242
20471,1208,500,124,153,178,127,0,0,83
20472,2763,500,487,250,224,275,0,0,119
20473,5182,500,619,0,0,467,0,0,197
20474,13880,900,885,0,2715,1434,0,0,526
20475,5706,500,380,1025,0,500,0,0,220
20476,4826,500,567,0,0,422,0,0,178
20477,3633,500,525,536,0,317,0,0,146
20478,4590,500,549,540,540,446,0,0,190
20479,4268,0,567,0,691,442,500,0,130
20480,1053,500,84,183,0,92,0,0,75
20481,3168,500,284,0,395,325,0,0,138
20482,3459,500,517,414,426,348,0,0,163
20483,2048,500,222,332,273,204,0,0,109
20484,1705,500,359,391,0,149,0,0,96
20485,1753,500,64,216,0,158,0,0,82
20486,984,500,97,88,155,99,500,0,64
20487,1899,500,120,265,0,166,0,0,86
20488,3881,500,538,567,667,408,0,0,155
20489,1778,500,161,264,117,167,0,0,95
20490,2707,500,317,0,439,275,0,0,138
20491,5515,500,628,491,699,544,0,0,212
20492,2676,500,161,0,350,269,0,0,121
20493,6415,500,335,850,695,624,0,0,249
20494,4836,500,328,0,857,500,500,0,179
20495,2600,500,569,249,171,247,0,0,113
20496,4829,500,493,0,500,468,0,0,189
20497,5272,500,1084,0,1005,546,0,0,236
20498,4587,500,639,486,544,465,0,0,191
20499,2716,500,654,481,285,268,0,0,145
20500,4084,500,298,0,624,410,500,0,161
20501,1950,500,139,205,110,185,0,0,89
20502,3595,500,376,0,503,363,0,0,154
20503,1773,500,174,288,135,167,500,0,83
20504,3802,500,619,0,497,388,0,0,153
20505,3895,500,0,478,0,340,0,0,140
20506,5255,500,628,0,777,523,0,0,224
20507,1016,500,93,162,61,94,0,0,78
20508,8239,500,1227,1692,0,721,10687,0,60
20509,5732,500,344,0,847,580,0,0,221
20510,6243,500,667,1035,441,585,0,0,222
20511,5043,500,511,0,772,508,0,0,203
20512,2279,500,165,318,0,200,0,0,92
20513,1950,500,166,0,390,211,0,0,115
20514,5506,500,776,1063,0,482,0,0,192
20515,5376,500,572,0,796,545,0,0,194
20516,4030,500,613,758,0,353,0,0,147
20517,7410,500,971,0,811,717,0,0,270
20518,2772,500,261,0,342,279,0,0,119
20519,2874,500,425,0,372,284,0,0,133
20520,19093,900,547,3715,0,1718,0,0,579
20521,2433,500,232,174,227,237,0,0,109
20522,4395,500,488,513,435,421,0,0,191
20523,7603,500,594,1526,0,665,0,0,255
20524,1852,500,151,0,283,187,2973,0,0
20525,2762,500,160,0,335,276,0,0,125
20526,3799,500,547,0,288,359,500,0,136
20527,1705,500,160,315,0,149,0,0,89
20528,2512,500,350,479,0,219,0,0,115
20529,2196,500,312,0,373,228,0,0,119
20530,3422,500,228,574,242,320,500,0,137
20531,2710,500,249,409,165,253,0,0,119
20532,4489,500,723,840,385,425,0,0,185
20533,3263,500,278,0,342,322,0,0,133
20534,1192,500,138,177,100,113,0,0,84
20535,2497,500,470,227,452,255,0,0,132
20536,1733,500,230,210,80,161,0,0,89
20537,4057,500,219,0,619,411,0,0,175
20538,2829,500,564,342,0,247,0,0,116
20539,943,500,84,119,78,89,0,0,75
20540,2110,500,348,0,279,217,0,0,101
20541,3966,500,419,0,490,393,0,0,163
20542,3610,500,364,473,0,316,0,0,138
20543,8289,500,0,970,732,791,0,0,282
20544,1210,500,151,264,0,106,0,0,82
20545,2253,500,371,301,0,198,0,0,101
20546,2857,500,264,433,0,251,0,0,109
20547,2094,500,125,0,435,220,0,0,116
20548,3800,500,451,797,0,333,0,0,152
20549,2400,500,147,195,213,242,500,0,85
20550,8966,500,1031,816,1023,873,500,0,322
20551,4855,500,355,0,715,482,0,0,212
20552,3638,500,380,653,0,318,0,0,137
20553,874,500,87,141,22,79,0,0,72
20554,864,500,87,172,0,76,500,0,56
20555,3011,500,429,0,550,314,0,0,142
20556,4181,500,297,662,0,366,0,0,150
20557,1285,500,110,237,0,112,0,0,79
20558,9174,500,2216,0,1130,901,0,0,331
20559,2753,500,156,0,313,275,500,0,101
20560,1735,500,90,185,0,151,0,0,77
20561,3638,500,482,183,497,368,0,0,155
20562,5496,500,357,1065,0,481,0,0,186
20563,2483,500,182,0,285,244,500,0,105
20564,1736,500,339,0,288,184,0,0,96
20565,2943,500,330,0,447,306,0,0,131
20566,18604,900,2254,1803,2442,1825,0,0,679
20567,2212,500,90,239,171,213,0,0,98
20568,2708,500,289,575,0,237,0,0,124
20569,1264,500,153,0,396,149,0,0,94
20570,3395,500,379,494,215,315,0,0,144
20571,2267,500,103,344,0,199,0,0,103
20572,2076,500,265,0,224,208,0,0,99
20573,2284,500,189,0,393,233,0,0,128
20574,2276,500,220,434,0,199,0,0,107
20575,1119,500,97,149,108,111,0,0,80
20576,7211,500,551,810,799,698,0,0,267
20577,3623,500,231,549,226,338,0,0,140
20578,6088,500,573,1129,0,533,0,0,207
20579,32324,0,0,0,0,0,0,0,0
20580,3112,500,528,398,0,272,0,0,118
20581,2328,500,401,212,301,231,0,0,120
20582,2535,500,229,0,308,257,0,0,113
20583,6532,500,857,0,1586,717,0,0,256
20584,3040,500,313,519,275,290,500,0,126
20585,2241,500,311,0,265,223,0,0,112
20586,4994,500,979,1054,0,436,0,0,192
20587,6026,500,429,0,0,527,435,0,215
20588,8442,500,969,0,1032,826,0,0,307
20589,4380,500,499,0,636,445,0,0,175
20590,9342,500,507,1390,0,818,0,0,312
20591,2447,500,106,301,108,226,0,0,103
20592,2149,500,266,91,213,213,0,0,100
20593,4400,500,448,740,0,385,0,0,162
20594,2418,500,91,230,0,211,0,0,98
20595,5036,500,318,670,512,484,0,0,205
20596,1910,500,250,0,242,194,0,0,99
20597,1210,500,264,86,98,117,0,0,77
20598,3265,500,289,0,360,321,0,0,137
20599,2847,500,523,553,0,249,0,0,125
20600,3804,500,203,0,557,379,0,0,176
20601,4588,500,260,0,450,458,0,0,164
20602,2417,500,157,0,334,249,0,0,110
20603,1854,500,143,0,223,183,0,0,106
20604,4729,500,287,525,434,450,500,0,187
20605,2767,500,280,310,456,282,0,0,137
20606,3166,500,478,323,275,305,0,0,139
20607,6793,500,915,1068,571,641,500,0,249
20608,3088,500,281,0,502,319,0,0,147
20609,2160,500,254,454,0,189,0,0,109
20610,4798,500,564,0,733,487,500,0,178
20611,5059,500,529,806,215,462,0,0,187
20612,3276,500,0,464,183,303,0,0,140
20613,1684,500,126,163,0,148,0,0,87
20614,1882,500,128,244,0,165,0,0,94
20615,2818,500,226,442,0,246,0,0,111
20616,3854,500,387,474,284,364,0,0,154
20617,3073,500,279,224,393,311,0,0,133
20618,3038,500,0,596,0,266,0,0,136
20619,1114,500,187,194,102,106,0,0,83
20620,2434,500,190,0,334,249,0,0,123
20621,5784,500,891,923,241,544,0,668,185
20622,3612,500,505,536,229,340,1329,0,110
20623,1626,500,98,222,0,143,0,0,81
20624,2902,500,351,0,374,292,0,0,142
20625,973,500,57,197,0,85,500,0,63
20626,5716,500,833,636,594,553,0,0,215
20627,3020,500,411,542,168,278,0,0,136
20628,5349,500,311,1082,0,468,0,0,187
20629,2953,500,0,519,0,257,500,1563,70
20630,3216,500,215,582,0,282,500,0,122
20631,8090,500,798,878,955,793,0,0,292
20632,2786,500,478,369,177,264,0,0,112
20633,3025,500,151,0,411,305,0,0,136
20634,2004,500,218,362,120,185,0,0,110
20635,4101,500,261,612,335,391,0,0,158
20636,7181,500,474,0,1001,717,0,0,261
20637,7215,500,815,1380,0,631,500,0,223
20638,4006,500,702,770,313,376,0,0,181
20639,3816,500,274,0,701,401,0,3188,104
20640,2646,500,329,0,403,264,0,0,143
20641,2550,500,525,0,179,239,0,0,125
20642,3142,500,188,213,319,309,0,0,124
20643,2780,500,389,0,0,244,0,0,123
20644,1847,500,0,0,290,191,500,0,85
20645,2621,500,156,0,375,271,0,0,128
20646,2559,500,448,576,0,224,0,0,120
20647,1623,500,200,97,135,159,0,0,83
20648,6306,500,902,0,1283,663,0,0,261
20649,4837,500,318,866,0,423,0,0,177
20650,4706,500,334,0,823,483,500,0,181
20651,1677,500,256,0,335,184,0,0,99
20652,3229,500,216,249,427,324,0,0,137
20653,2737,500,294,0,375,274,500,0,112
20654,5615,500,633,1021,276,514,0,0,222
20655,5721,500,595,908,327,530,0,0,207
20656,6272,500,222,913,450,592,0,0,211
20657,1200,500,79,125,23,108,0,0,72
20658,5092,500,538,773,0,446,500,0,179
20659,3459,500,352,635,0,303,0,0,136
20660,3358,500,520,0,438,344,500,0,134
20661,4362,500,498,0,821,451,0,0,195
20662,4585,500,701,487,447,444,0,0,175
20663,2610,500,583,484,110,238,0,0,129
20664,4059,500,413,0,654,422,0,0,163
20665,2446,500,271,0,383,253,0,0,129
20666,12070,900,1242,1780,0,1056,0,0,401
20667,1894,0,162,264,112,177,0,0,76
20668,4914,500,494,515,501,476,0,0,189
20669,3318,500,223,161,501,339,0,0,145
20670,1052,500,259,86,96,102,0,0,75
20671,10532,900,2363,2010,868,993,15656,0,87
20672,1424,500,0,198,110,134,1205,0,67
20673,2822,500,404,258,389,281,500,0,120
20674,5217,500,672,0,993,536,0,0,232
20675,4970,500,505,835,214,454,0,0,191
20676,1702,500,259,0,250,171,500,0,89
20677,2514,500,126,225,226,243,0,0,213
20678,2646,500,318,250,398,265,0,0,135
20679,2332,500,173,222,230,227,0,0,111
20680,2911,500,121,0,377,306,0,0,128
20681,5609,500,778,1061,0,491,0,0,196
20682,6387,500,439,0,962,639,0,0,273
20683,7629,500,997,0,1640,831,0,0,285
20684,1821,500,93,85,140,181,610,0,70
20685,2200,500,143,344,0,193,0,0,102
20686,2423,500,223,293,348,245,0,0,113
20687,3392,500,444,614,0,296,0,0,134
20688,5644,500,573,505,951,577,0,0,230
20689,3969,500,408,809,0,347,0,0,175
20690,2021,500,220,0,269,198,500,0,102
20691,1745,500,111,258,0,153,0,0,85
20692,4265,500,663,711,322,402,0,0,174
20693,4035,500,264,639,231,374,0,0,160
20694,1907,500,154,333,0,167,0,0,99
20695,3387,500,332,320,287,325,0,0,136
20696,2490,500,156,0,293,251,500,0,98
20697,5058,500,745,0,684,504,500,0,194
20698,2467,500,99,0,286,252,0,0,102
20699,8312,500,1135,991,1104,820,0,0,320
20700,1643,500,0,202,132,155,500,0,87
20701,3024,500,428,586,0,265,0,0,128
20702,5519,500,629,491,778,551,0,0,220
20703,2701,500,324,456,199,254,0,0,127
20704,9012,500,1577,0,1292,899,500,0,332
20705,3004,500,506,644,0,263,0,0,133
20706,5042,500,384,0,948,517,0,0,217
20707,2737,500,684,367,277,277,0,0,129
20708,2972,500,519,376,357,289,500,0,121
20709,2900,500,434,432,0,254,0,0,126
20710,3861,500,235,665,0,338,0,0,141
20711,3506,500,295,416,0,307,0,0,129
20712,1619,500,260,0,383,176,0,0,102
20713,2168,500,170,184,177,209,0,0,99
20714,4386,500,283,510,545,437,0,0,173
20715,2777,500,343,235,259,274,0,0,114
20716,3032,500,212,0,490,309,0,0,152
20717,2945,500,706,300,449,296,0,0,140
20718,3184,500,196,538,181,293,500,0,137
20719,13387,900,945,0,1919,1329,500,0,490
20720,1538,500,98,112,117,150,0,0,82
20721,2057,500,152,230,210,206,0,0,96
20722,1863,500,269,0,285,190,0,0,103
20723,3352,500,355,0,452,335,0,4993,40
20724,1882,500,143,214,112,179,0,0,89
20725,2542,500,334,282,334,252,0,0,131
20726,5164,500,588,0,600,501,0,0,217
20727,3358,500,329,568,0,294,0,0,126
20728,1684,500,0,113,233,171,0,0,94
20729,4492,500,199,753,0,404,0,0,154
20730,7156,500,439,1491,0,627,0,0,239
20731,3909,500,658,476,385,374,0,0,165
20732,1012,500,273,95,117,100,0,0,77
20733,2015,500,195,279,146,189,0,0,105
20734,3068,500,576,580,0,268,0,0,117
20735,5884,500,1034,1085,550,561,0,0,224
20736,4047,500,219,486,367,388,0,0,159
20737,2966,500,196,514,0,259,0,0,121
20738,5727,500,833,0,600,556,500,0,193
20739,3480,500,283,0,411,349,0,0,140
20740,6132,500,439,1034,301,562,0,0,239
20741,3330,500,324,467,248,317,0,0,131
20742,3761,500,664,0,571,378,0,0,180
20743,2833,500,223,331,329,274,0,0,141
20744,1203,500,264,86,98,116,0,0,77
20745,2576,500,386,533,0,226,0,0,116
20746,1914,500,0,0,311,198,0,0,99
20747,3287,500,280,0,506,343,0,0,136
20748,4300,500,830,611,0,388,500,0,138
20749,5319,500,307,1021,0,466,0,0,194
20750,3196,500,201,591,0,288,0,0,130
20751,5895,500,663,0,972,604,0,0,229
20752,4315,500,476,0,0,378,0,0,164
20753,1002,500,0,0,59,100,500,0,50
20754,3439,500,519,0,375,337,0,0,141
20755,3211,500,272,383,0,281,0,0,123
20756,2219,500,437,181,237,218,0,0,107
20757,5755,500,666,0,987,591,0,0,230
20758,4563,500,688,0,673,462,500,0,167
20759,7048,500,769,1434,0,616,0,0,256
20760,2546,0,570,0,274,253,0,0,100
20761,2048,500,105,200,212,199,0,0,112
20762,5752,500,951,0,653,560,0,0,231
20763,3958,500,907,0,495,390,0,0,168
20764,1373,500,78,96,186,157,0,0,80
20765,1652,500,219,306,106,153,500,0,84
20766,5335,500,546,481,708,527,0,0,216
20767,3440,500,335,265,343,335,0,0,145
20768,3022,500,495,308,535,308,500,0,135
20769,4694,500,520,0,790,479,0,0,202
20770,3779,500,453,459,281,370,500,364,131
20771,5478,500,579,897,383,513,0,0,205
20772,1475,500,112,73,160,151,0,0,82
20773,2347,500,453,0,312,237,340,0,104
20774,3676,500,425,608,619,375,0,0,164
20775,3553,500,383,0,357,344,0,0,149
20776,1481,500,96,196,0,129,1144,0,51
20777,6413,500,923,1267,0,561,0,0,223
20778,3735,500,384,636,281,351,0,0,168
20779,3778,500,285,636,164,344,0,0,160
20780,5488,500,341,707,0,481,0,0,183
20781,2177,500,204,157,244,216,0,0,103
20782,3681,500,214,491,224,346,0,0,136
20783,4396,500,665,579,0,385,0,0,153
20784,1975,500,142,281,0,172,0,0,107
20785,2418,500,304,443,167,225,0,0,130
20786,1791,500,366,236,170,170,0,0,105
20787,1862,500,409,305,179,181,500,0,85
20788,3084,500,198,432,202,290,500,0,112
20789,7251,500,785,1306,328,661,0,0,263
20790,3156,500,0,342,169,294,0,0,123
20791,3466,500,314,0,220,335,0,0,139
20792,27850,900,4526,6314,0,2437,0,0,921
20793,2465,500,188,233,149,234,0,0,103
20794,3768,500,381,630,0,330,0,0,151
20795,2135,500,170,0,165,211,0,0,100
20796,3605,500,386,0,597,372,0,0,153
20797,4387,500,221,407,387,422,0,0,162
20798,7303,500,472,1128,498,685,0,0,237
20799,1917,500,211,0,414,204,0,0,120
20800,5455,500,662,743,0,477,0,0,191
20801,2593,500,376,416,0,227,0,0,101
20802,4933,500,555,0,791,501,0,0,198
20803,2260,500,149,180,285,225,0,0,114
20804,23220,900,1427,0,3456,2311,0,0,811
20805,3424,500,524,484,211,319,0,0,146
20806,2354,500,560,325,106,217,500,0,91
20807,3382,500,255,497,225,315,0,0,153
20808,6717,500,430,1399,0,588,0,0,239
20809,3772,500,386,0,545,382,0,0,155
20810,2697,500,152,0,291,268,0,0,113
20811,1671,500,272,277,66,152,0,0,90
20812,3470,500,375,565,243,326,0,0,147
20813,5906,500,673,1060,391,548,0,0,231
20814,2986,500,447,0,545,316,0,0,145
20815,10005,900,858,2069,0,876,12639,0,52
20816,2782,500,308,455,255,266,0,0,126
20817,2144,500,325,135,157,207,0,0,95
20818,7243,500,751,1155,0,634,0,0,230
20819,1043,500,94,109,111,101,0,0,78
20820,1717,500,204,0,280,178,0,0,109
20821,2929,500,593,258,279,283,0,0,130
20822,2058,500,160,0,333,209,0,0,114
20823,3288,500,536,402,227,313,500,0,110
20824,14847,900,1909,0,3211,1561,0,0,584
20825,4207,500,441,785,0,368,0,0,155
20826,3439,500,463,416,169,319,0,0,127
20827,2260,500,269,0,280,232,0,0,107
20828,2752,500,213,581,0,248,0,0,136
20829,8547,500,0,1588,0,770,500,0,253
20830,9398,900,1650,1788,878,892,0,0,376
20831,1915,500,64,217,0,169,0,0,83
20832,2163,500,359,0,238,218,500,0,84
20833,1974,500,334,220,223,193,500,0,92
20834,5129,500,560,1015,0,462,0,0,187
20835,4842,500,499,993,0,423,0,0,173
20836,9193,500,1040,1369,943,885,0,0,332
20837,3488,500,304,597,0,305,0,0,124
20838,3623,500,424,0,768,378,0,0,177
20839,2774,500,379,416,0,243,0,0,107
20840,3464,500,192,0,225,326,500,0,117
20841,3447,500,194,0,442,347,0,0,142
20842,2314,500,378,233,352,230,0,0,132
20843,3886,500,218,484,321,368,500,0,146
20844,3541,500,537,0,260,342,0,0,156
20845,1975,500,468,236,76,184,500,0,71
20846,1609,500,164,146,171,155,0,0,102
20847,4048,500,449,335,470,399,0,0,169
20848,6396,500,367,558,795,627,0,0,253
20849,1939,500,157,0,289,203,500,0,94
20850,8056,500,979,0,1028,787,0,0,325
20851,2382,500,203,0,278,237,0,0,114
20852,2263,500,375,234,236,221,0,0,116
20853,5558,500,349,0,423,521,0,0,225
20854,1771,500,128,191,93,167,0,0,90
20855,3422,500,319,0,568,352,0,0,152
20856,5901,500,696,0,864,594,0,8555,40
20857,13829,900,2305,2157,1140,1307,0,0,500
20858,1290,500,113,166,58,119,0,0,78
20859,2249,500,269,0,291,231,0,0,99
20860,1243,500,108,171,61,115,500,0,64
20861,8211,500,1339,0,1449,859,500,0,316
20862,2199,500,196,0,165,209,0,0,106
20863,3331,500,286,561,0,291,0,0,130
20864,3117,500,352,356,326,301,0,0,147
20865,3936,500,415,430,451,396,0,0,164
20866,1384,500,0,0,124,142,0,0,79
20867,1680,500,125,270,0,147,0,0,89
20868,2876,500,0,0,280,275,0,0,146
20869,1716,500,118,170,60,158,0,0,82
20870,4294,500,628,414,490,416,0,0,180
20871,2377,500,269,181,169,229,0,0,99
20872,2575,500,113,307,0,226,0,0,112
20873,1563,500,157,0,222,159,0,0,92
20874,3919,500,368,726,0,353,0,0,157
20875,1780,500,151,0,283,185,0,0,108
20876,5098,500,562,834,348,477,0,0,204
20877,8219,500,470,0,1084,815,0,0,319
20878,2965,500,430,494,233,280,0,0,133
20879,4171,500,291,0,747,430,0,0,178
20880,6093,500,390,1125,0,533,0,0,208
20881,6736,500,398,0,1192,696,0,0,252
20882,2762,500,137,479,0,242,500,0,108
20883,7614,500,932,0,1538,798,0,0,303
20884,2766,500,330,444,0,242,0,0,111
20885,2253,500,562,0,281,224,0,0,115
20886,3533,500,609,0,567,366,0,0,154
20887,4490,500,222,836,0,393,0,0,156
20888,3427,500,284,0,468,350,0,0,144
20889,3685,500,230,0,516,375,0,0,146
20890,24003,900,1642,0,3362,2376,0,0,826
20891,3655,500,398,606,338,350,0,0,157
20892,2442,500,293,0,330,240,500,0,117
20893,4924,500,346,0,803,498,500,0,188
20894,10659,900,0,2058,0,933,0,0,388
20895,2667,500,385,0,357,274,0,0,116
20896,3040,500,154,454,215,286,0,0,137
20897,2951,500,454,438,413,292,0,0,150
20898,6489,500,466,0,787,633,0,0,253
20899,1283,500,88,0,173,133,0,0,81
20900,24507,2400,522,0,0,2114,0,0,0
20901,2527,500,290,523,0,221,0,0,117
20902,4207,500,504,0,880,442,0,0,187
20903,3753,500,433,521,286,353,0,0,162
20904,3504,0,223,322,338,341,0,0,122
20905,2444,500,172,149,179,235,0,0,101
20906,5359,500,573,0,710,527,500,1497,174
20907,1308,500,130,0,199,135,2272,0,36
20908,2569,500,224,0,286,253,0,0,114
20909,19366,900,2083,0,0,1695,0,0,631
20910,3411,500,0,0,490,340,0,0,147
20911,4943,500,740,681,464,473,0,0,201
20912,1545,500,56,177,63,143,500,0,66
20913,4259,500,846,0,617,431,0,0,182
20914,1927,500,162,0,228,196,0,3013,40
20915,5674,500,366,1171,0,511,0,0,215
20916,2608,500,152,451,223,246,0,0,131
20917,1627,500,245,0,132,166,0,0,78
20918,1755,500,174,0,184,182,0,0,86
20919,1400,500,0,69,83,135,0,0,75
20920,2449,500,227,0,348,251,0,0,115
20921,4282,500,740,404,577,425,0,0,175
20922,3990,500,288,0,493,392,0,0,166
20923,5544,500,358,0,404,522,0,0,279
20924,8826,500,932,1443,619,827,0,0,303
20925,2261,500,450,309,251,221,0,0,111
20926,3683,500,224,322,237,347,500,0,123
20927,5279,500,571,995,0,462,0,0,185
20928,3473,500,224,486,281,328,0,0,151
20929,16835,900,1067,1562,2297,1658,0,0,662
20930,1819,500,0,126,175,177,0,0,98
20931,1218,500,284,249,0,109,0,0,83
20932,3755,500,260,0,322,356,0,0,159
20933,1619,500,85,162,0,141,500,0,59
20934,4698,500,1694,0,678,490,0,0,184
20935,4325,500,240,723,0,378,0,0,149
20936,4126,500,289,778,0,362,500,0,138
20937,2102,500,91,0,228,209,0,0,104
20938,3129,500,221,0,407,311,0,0,144
20939,6325,500,1220,0,1148,645,0,0,261
20940,2682,500,383,352,241,262,0,0,112
20941,4390,500,457,350,460,428,0,0,169
20942,3358,500,610,0,662,364,0,0,140
20943,18648,900,1112,2136,2115,1854,0,0,646
20944,20839,900,2265,4520,0,1875,0,0,683
20945,5135,500,335,460,496,496,0,0,193
20946,2609,0,188,0,329,255,3381,0,44
20947,3663,500,186,0,401,358,0,0,157
20948,9054,500,511,1175,949,871,0,0,316
20949,4435,500,781,827,0,389,0,0,163
20950,2538,500,148,364,331,250,500,0,117
20951,6534,500,1114,626,751,636,0,0,242
20952,2002,500,439,433,0,175,0,0,106
20953,3447,500,568,0,307,344,0,0,143
20954,2725,500,185,535,0,239,0,0,121
20955,6080,500,357,0,768,601,0,0,247
20956,5933,500,686,0,1541,642,500,0,235
20957,2549,500,572,0,343,261,500,0,100
20958,4403,500,781,598,0,385,0,0,164
20959,1387,500,328,274,49,125,0,0,89
20960,3232,500,598,0,223,313,0,0,138
20961,5011,500,1090,0,729,503,0,7834,40
20962,6970,500,920,824,640,682,0,0,274
20963,5154,500,386,481,615,501,0,0,220
20964,2095,500,172,222,228,210,0,0,118
20965,2610,500,187,406,368,262,0,0,134
20966,1659,500,172,0,319,173,0,0,106
20967,3492,500,324,505,165,332,0,0,138
20968,4396,500,473,0,900,463,0,0,196
20969,5196,500,826,638,594,504,0,0,215
20970,3865,500,559,663,0,338,0,0,134
20971,3553,500,898,482,490,350,0,0,166
20972,2164,500,334,364,403,226,0,0,117
20973,3602,500,615,0,549,362,0,0,168
20974,3614,500,383,572,378,351,0,0,160
20975,3848,500,669,0,464,376,0,0,174
20976,1718,500,132,218,0,151,0,0,85
20977,792,500,66,54,64,82,0,0,67
20978,2197,500,179,267,314,229,0,0,103
20979,7372,500,772,1459,0,645,500,0,232
20980,1691,500,93,313,0,148,0,0,94
20981,5534,500,1132,642,488,528,0,0,206
20982,5007,500,0,0,831,522,500,3939,93
20983,2766,500,115,0,113,262,0,0,115
20984,4550,500,516,0,668,458,0,0,185
20985,3414,500,552,664,0,298,0,0,140
20986,4364,500,451,650,375,418,0,0,163
20987,3337,500,509,735,0,292,0,0,141
20988,4135,500,261,0,490,402,0,0,177
20989,3058,500,596,0,338,301,500,0,116
20990,9754,900,1117,0,1135,948,0,0,379
20991,5014,500,549,0,709,509,0,0,202
20992,1004,500,100,0,105,97,0,0,78
20993,2970,500,295,438,0,260,500,0,109
20994,1264,500,190,156,79,119,0,0,79
20995,2368,500,268,355,0,207,500,0,97
20996,6960,500,468,763,846,681,0,0,259
20997,3731,500,1115,0,563,377,0,0,166
20998,1810,500,146,192,172,179,500,0,86
20999,3088,500,320,0,331,302,500,0,117
21000,3613,500,530,334,404,351,500,0,138
21001,2635,500,126,335,0,230,0,0,107
21002,4731,500,525,598,327,444,0,0,180
21003,14675,900,1783,0,2395,1483,0,0,551
21004,4869,500,331,424,564,474,0,0,205
21005,3287,500,294,576,0,288,0,0,135
21006,1830,0,166,0,275,190,500,0,69
21007,5978,500,615,883,0,523,0,0,210
21008,6548,500,0,697,815,640,500,0,244
21009,5106,500,497,0,617,503,0,0,207
21010,7456,500,849,654,1148,755,0,0,280
21011,6900,500,464,0,938,682,0,0,270
21012,9797,500,1028,1477,0,857,0,0,328
21013,2636,500,208,0,445,268,0,0,133
21014,1458,500,126,0,278,158,0,0,93
21015,2906,500,387,205,412,294,565,0,117
21016,14297,900,1709,1721,1721,1391,0,0,530
21017,3381,500,186,0,528,351,0,0,160
21018,2794,500,224,436,0,244,0,0,112
21019,3356,500,515,0,446,339,0,0,163
21020,3427,500,482,0,598,366,500,0,142
21021,4051,500,381,460,303,386,0,0,153
21022,4405,500,258,436,446,427,500,0,163
21023,1708,500,154,0,175,168,0,0,91
21024,2124,500,226,233,119,202,0,0,92
21025,6604,500,690,0,1097,674,0,0,241
21026,1572,500,170,206,0,137,0,0,86
21027,2601,500,184,0,400,266,500,0,106
21028,3051,500,295,421,317,296,0,0,145
21029,4173,500,415,0,428,408,0,0,159
21030,1334,500,148,120,133,128,0,0,87
21031,2977,500,195,0,353,306,0,0,128
21032,3251,500,221,321,335,316,500,0,127
21033,3755,500,267,0,530,386,0,0,169
21034,3467,500,724,0,531,352,0,0,162
21035,4546,500,449,442,449,442,0,0,176
21036,2530,500,370,519,0,228,0,0,122
21037,6840,500,835,0,1118,692,0,0,283
21038,2121,500,126,0,226,212,0,1747,108
21039,1646,500,173,0,252,172,500,0,89
21040,3186,500,288,338,244,305,0,0,124
21041,4794,500,1057,0,820,488,0,0,203
21042,3048,500,472,0,376,298,0,0,144
21043,4888,500,496,656,300,456,0,0,177
21044,2050,500,118,236,58,186,0,0,91
21045,2306,500,322,0,554,249,0,671,112
21046,1977,500,257,242,269,195,0,0,115
21047,2945,500,220,160,455,297,0,0,142
21048,8729,500,909,1806,0,786,0,0,296
21049,1597,500,161,285,0,140,0,0,89
21050,2567,500,175,504,0,224,0,0,113
21051,2953,500,226,438,0,258,0,0,111
21052,2527,500,567,250,170,240,0,0,112
21053,2536,500,480,325,215,245,0,0,118
21054,1671,500,247,142,89,159,0,0,81
21055,6304,500,370,557,834,622,0,0,242
21056,3106,500,684,0,435,310,500,0,130
21057,2762,500,252,331,197,262,0,0,116
21058,4742,500,504,624,267,440,0,0,179
21059,2688,500,361,314,0,236,0,0,109
21060,5422,500,337,725,0,474,0,0,197
21061,1714,500,94,208,0,151,0,0,80
21062,3176,500,534,371,226,302,0,0,121
21063,9162,900,552,824,1442,921,0,0,355
21064,833,500,0,0,111,82,500,0,57
21065,6242,500,399,639,656,606,0,0,224
21066,2548,500,0,461,0,223,0,0,117
21067,1884,500,278,241,186,184,0,0,103
21068,2094,500,344,0,176,206,0,0,93
21069,8722,500,578,0,530,806,500,0,296
21070,1287,500,112,0,224,133,0,0,89
21071,4140,500,538,334,410,402,0,0,163
21072,2198,500,124,268,211,212,0,0,111
21073,2563,500,224,365,112,236,0,0,113
21074,4358,500,301,445,383,416,0,0,172
21075,4476,500,321,0,566,437,500,0,351
21076,1259,500,327,0,278,133,0,0,92
21077,2082,500,144,0,220,204,0,0,104
21078,5235,500,907,696,411,496,0,0,190
21079,10917,900,1409,0,2119,1124,0,0,448
21080,1568,500,0,70,85,151,500,0,59
21081,8902,500,1388,855,1406,897,0,0,329
21082,2906,500,125,468,0,254,0,0,115
21083,1332,500,144,225,200,133,0,0,92
21084,2150,500,671,0,520,238,500,0,103
21085,2992,500,433,0,447,303,0,0,143
21086,4828,500,494,0,579,475,500,0,171
21087,1592,500,198,171,225,171,0,0,93
21088,5067,500,255,0,930,524,0,0,213
21089,4549,500,329,759,214,416,0,0,182
21090,1600,500,87,224,0,140,0,0,95
21091,2201,500,226,263,198,213,0,0,103
21092,6466,500,434,922,0,566,0,0,223
21093,1684,500,116,202,0,148,500,0,61
21094,2622,500,192,309,138,246,0,0,108
21095,3024,500,593,386,218,286,0,0,128
21096,3371,500,530,737,0,295,0,0,141
21097,1200,500,94,194,0,105,0,0,75
21098,6492,500,1551,0,964,647,0,0,266
21099,2857,500,326,0,278,279,0,0,120
21100,4158,500,252,0,549,414,0,0,175
21101,6984,500,679,1119,868,690,0,0,258
21102,6154,500,642,989,451,579,500,0,208
21103,6081,500,293,0,853,610,0,0,240
21104,4454,500,558,407,559,438,0,0,180
21105,1193,500,76,145,0,108,0,0,71
21106,3060,500,681,568,223,295,0,0,135
21107,2610,500,553,0,380,261,500,0,121
21108,2941,500,185,0,452,308,0,0,123
21109,9272,500,1049,0,1312,927,0,1511,300
21110,4587,500,549,0,522,452,0,0,171
21111,13649,900,880,1988,861,1266,0,5164,360
21112,7296,500,850,0,766,703,500,0,261
21113,6033,500,332,975,479,569,0,0,221
21114,5130,500,343,0,737,516,1786,0,157
21115,2576,500,136,0,362,269,500,0,215
21116,7938,500,936,946,908,770,500,0,288
21117,4811,500,340,550,517,463,0,0,208
21118,1290,500,108,172,172,127,0,0,89
21119,4230,500,425,609,0,370,0,0,163
21120,5143,500,578,0,904,530,500,0,197
21121,5802,500,314,891,271,532,0,0,209
21122,3625,500,462,626,0,317,0,0,133
21123,6147,500,399,639,655,596,0,0,222
21124,3985,500,216,683,273,371,0,0,168
21125,2921,500,508,541,214,273,0,0,135
21126,3902,500,343,673,0,342,0,0,142
21127,6964,500,1113,0,768,679,0,1634,207
21128,5077,500,473,673,0,444,0,0,177
21129,2947,500,333,573,0,266,0,0,123
21130,4583,500,318,0,534,449,0,0,195
21131,2638,500,0,0,433,268,0,0,138
21132,2024,500,115,0,240,207,0,0,95
21133,8581,500,551,1638,0,751,500,0,266
21134,3589,500,221,367,442,354,0,0,155
21135,3481,500,109,586,191,320,0,0,156
21136,2639,500,244,481,0,231,0,0,115
21137,4812,500,326,0,621,479,0,0,184
21138,3745,500,314,510,305,360,0,0,146
21139,5686,500,345,791,0,497,0,0,198
21140,1811,500,205,204,52,166,0,0,85
21141,2757,500,679,426,209,264,0,0,116
21142,2138,500,252,168,180,209,0,0,98
21143,2389,500,201,329,113,220,0,0,109
21144,3275,500,540,0,343,332,0,0,136
21145,3072,500,325,472,0,269,0,0,112
21146,3030,500,278,278,334,300,0,0,126
21147,7065,500,902,1114,0,619,0,0,247
21148,2145,500,369,302,0,188,0,0,102
21149,3108,500,256,500,0,272,0,0,117
21150,3697,500,447,0,679,382,0,0,169
21151,3162,500,378,0,379,307,500,0,140
21152,3415,500,520,0,500,346,0,0,153
21153,5263,500,579,0,855,538,0,0,215
21154,7220,500,459,607,1137,732,0,0,293
21155,3096,500,346,410,299,297,0,0,137
21156,8597,500,913,1010,924,829,0,0,322
21157,4192,500,672,0,462,420,0,0,177
21158,1603,500,245,142,88,152,0,0,83
21159,2604,500,403,329,252,252,0,0,126
21160,3686,500,1636,0,0,323,0,0,154
21161,8354,500,533,1079,740,795,0,0,290
21162,1672,500,152,123,164,164,0,0,94
21163,5748,500,0,0,393,539,0,2042,163
21164,2573,500,370,518,0,225,0,0,114
21165,4222,500,267,685,503,412,0,0,190
21166,1857,500,168,0,287,190,0,0,101
21167,7828,500,1518,1391,536,735,0,0,275
21168,3896,500,480,0,691,408,0,0,183
21169,1268,500,108,235,0,111,0,0,80
21170,4137,500,271,408,442,404,0,0,165
21171,5265,500,632,0,904,537,0,0,221
21172,2614,500,481,0,399,276,0,0,126
21173,2098,500,312,0,446,225,0,0,117
21174,6748,500,872,0,1359,699,0,0,296
21175,14581,900,2950,0,3594,1561,0,0,624
21176,2247,500,255,0,235,226,0,0,101
21177,2007,500,323,299,170,197,0,0,110
21178,10385,900,1892,1055,1459,1027,0,0,422
21179,2754,500,409,367,162,257,0,0,119
21180,8343,500,1773,1398,0,730,0,0,309
21181,2372,500,558,446,0,208,500,0,94
21182,12539,900,441,1103,1603,1229,0,0,446
21183,2932,500,320,0,483,302,0,0,149
21184,3388,500,665,716,0,296,0,0,138
21185,1617,500,97,198,0,141,0,0,79
21186,16989,900,3366,3332,1588,1614,500,0,620
21187,4116,500,947,269,646,414,0,0,184
21188,4118,500,301,0,494,415,0,0,175
21189,2900,500,307,527,0,254,500,0,108
21190,8160,500,467,1091,0,714,0,0,257
21191,2577,500,378,326,167,246,0,0,108
21192,2024,500,148,338,344,207,0,0,114
21193,2391,500,127,0,164,231,0,0,99
21194,1695,500,0,0,301,175,0,0,103
21195,3961,500,868,0,893,419,0,0,200
21196,8384,500,955,0,1239,834,0,0,328
21197,3709,500,654,0,437,362,0,0,173
21198,5666,500,528,867,316,525,0,0,208
21199,6187,500,671,967,0,557,0,0,225
21200,2229,500,373,175,232,220,0,0,105
21201,12178,900,2146,2220,1725,1211,0,0,470
21202,3750,500,527,536,0,328,0,0,137
21203,2184,500,221,243,210,210,0,0,113
21204,3701,500,221,0,391,365,0,0,145
21205,8918,500,510,993,825,849,0,0,314
21206,7178,500,878,1027,0,628,0,0,244
21207,1737,500,174,347,0,152,500,0,82
21208,4468,500,1109,0,527,437,0,0,195
21209,2715,500,219,0,564,283,0,0,141
21210,4896,500,333,672,281,453,0,0,198
21211,7739,500,580,0,824,749,0,0,283
21212,4205,500,762,650,334,394,0,0,176
21213,3463,500,215,0,449,360,0,0,140
21214,3582,500,533,0,506,367,0,0,170
21215,3324,500,308,0,551,343,500,0,133
21216,5691,500,1235,0,895,583,0,0,232
21217,4687,500,310,0,372,440,500,0,182
21218,3251,500,255,384,440,320,0,0,157
21219,2355,500,187,337,0,206,0,0,112
21220,7680,500,1297,916,823,743,0,0,294
21221,5658,500,344,0,954,584,0,0,221
21222,2267,500,330,388,163,213,0,0,119
21223,4036,500,375,493,224,376,0,0,145
21224,26331,900,3296,2110,2912,2541,0,0,921
21225,6697,500,341,1208,0,585,0,0,237
21226,13431,900,765,0,1299,1284,500,0,465
21227,2335,500,150,0,293,237,0,0,108
21228,3859,500,287,0,523,381,500,0,160
21229,6143,500,685,638,602,594,0,0,222
21230,1530,500,0,173,177,155,0,0,87
21231,2641,500,1107,608,0,231,0,0,113
21232,4447,500,501,624,271,414,0,0,178
21233,5771,500,679,0,1002,588,0,0,234
21234,4558,500,295,0,717,477,0,0,189
21235,4213,500,129,676,603,419,0,0,184
21236,1697,500,141,0,221,168,0,0,105
21237,1936,500,105,0,335,199,0,0,108
21238,6533,500,690,0,981,675,0,0,247
21239,4466,500,930,0,845,469,0,0,193
21240,1669,500,0,0,357,176,0,0,105
21241,5710,500,396,637,530,559,500,3957,217
21242,1410,500,150,179,0,123,0,0,82
21243,2513,500,126,270,220,242,500,0,98
21244,3723,500,468,378,336,359,0,0,147
21245,6628,500,345,0,931,664,500,0,243
21246,2209,500,161,0,330,224,0,0,114
21247,5024,500,618,615,593,487,0,0,200
21248,4005,500,524,586,0,351,0,0,153
21249,1643,500,89,210,284,169,0,0,101
21250,10421,900,1070,1535,0,912,0,0,340
21251,1159,500,263,86,97,112,0,0,77
21252,5727,500,678,693,587,548,0,0,233
21253,3088,500,320,236,304,300,0,0,136
21254,1697,500,145,228,52,154,500,0,73
21255,2783,500,426,492,121,254,0,0,126
21256,9062,500,951,1789,0,793,0,0,296
21257,5075,500,503,0,630,519,0,0,188
21258,4454,500,683,0,658,459,500,0,171
21259,4463,500,275,667,252,414,0,0,165
21260,7095,500,0,0,1123,733,500,0,252
21261,3627,500,315,483,190,338,0,0,135
21262,4846,500,884,0,867,494,0,0,222
21263,5890,500,839,0,822,591,0,0,225
21264,8899,500,954,0,490,820,500,0,293
21265,13172,900,1504,2368,881,1224,0,0,473
21266,1491,500,56,0,114,144,0,0,84
21267,3684,500,798,471,463,361,0,0,167
21268,1421,500,102,198,0,125,0,0,77
21269,1482,500,156,0,221,151,0,0,88
21270,7794,500,873,1097,587,735,0,0,271
21271,5136,500,646,0,1223,546,0,0,249
21272,2695,500,218,0,513,277,0,0,140
21273,2053,500,148,155,277,207,0,0,111
21274,3802,500,674,491,440,378,0,0,176
21275,1128,0,111,0,278,121,0,0,73
21276,4017,500,649,669,499,397,0,0,172
21277,3584,500,386,0,466,355,0,0,155
21278,2917,500,336,442,0,255,0,0,128
21279,4492,500,524,806,263,414,0,0,182
21280,2706,500,209,0,429,271,0,0,147
21281,7241,500,416,793,828,703,0,0,266
21282,2966,500,572,0,486,310,0,0,130
21283,2485,500,260,0,454,269,0,0,117
21284,6114,500,1096,0,861,607,0,0,256
21285,4286,500,664,309,449,420,0,0,165
21286,1810,500,549,206,214,176,0,0,108
21287,2197,500,151,420,0,192,0,0,105
21288,1329,500,84,0,136,137,500,0,60
21289,1929,500,469,0,326,196,0,0,118
21290,3067,500,308,542,0,269,500,0,108
21291,1983,500,313,0,181,200,0,0,90
21292,3599,500,0,0,598,362,0,0,181
21293,6004,500,632,0,0,537,0,0,221
21294,3579,500,540,746,0,313,0,0,142
21295,3549,500,509,0,725,377,0,0,157
21296,6615,500,960,953,0,579,0,0,222
21297,2440,500,512,558,0,220,0,0,124
21298,7819,500,533,840,802,754,0,0,294
21299,6498,500,417,0,934,668,0,0,254
21300,2032,500,0,0,406,220,0,0,113
21301,2236,500,346,116,293,224,0,0,110
21302,8004,500,548,1635,0,701,0,0,282
21303,3525,500,209,485,188,327,0,4750,40
21304,4502,500,831,841,0,394,0,0,156
21305,1524,500,63,0,173,154,0,0,85
21306,20969,900,4949,0,2714,2061,500,0,781
21307,6828,500,1106,0,431,636,0,0,253
21308,1651,500,171,206,0,144,0,0,87
21309,3701,500,274,618,213,342,0,0,155
21310,4160,500,246,0,608,421,0,0,161
21311,8277,500,903,1431,431,761,0,0,294
21312,1861,500,128,244,0,163,0,0,96
21313,3359,500,228,594,0,294,0,0,133
21314,4060,500,403,577,0,355,0,0,155
21315,3845,500,408,588,0,346,500,0,132
21316,2436,500,424,0,408,264,0,0,108
21317,3322,500,334,0,387,328,0,0,139
21318,4369,0,280,0,561,447,0,0,149
21319,10533,900,562,1443,0,921,500,0,318
21320,3564,500,336,498,282,341,0,0,140
21321,2334,500,255,0,279,229,0,0,117
21322,10578,900,661,1476,716,988,0,0,364
21323,6019,500,357,0,793,592,0,0,239
21324,1811,500,347,134,266,189,0,0,96
21325,6085,500,344,792,490,575,0,0,221
21326,2515,500,554,447,220,240,0,0,121
21327,4822,500,933,1099,0,422,0,0,193
21328,5959,500,681,0,858,591,0,0,241
21329,2405,500,384,534,0,211,500,0,102
21330,1406,500,55,82,110,136,0,0,80
21331,3631,500,326,0,564,373,0,0,153
21332,5674,500,326,1024,0,511,0,0,190
21333,5835,500,810,713,598,559,0,0,237
21334,2535,500,222,434,0,228,0,0,111
21335,4240,500,289,555,272,396,0,0,166
21336,2595,500,126,292,169,244,0,1043,90
21337,2292,500,269,0,303,231,0,0,128
21338,6694,500,1110,0,810,657,0,0,245
21339,4341,500,265,813,0,380,0,0,164
21340,2179,500,311,0,338,223,1127,0,94
21341,3633,500,184,0,413,357,0,0,145
21342,3123,500,195,642,0,273,0,0,139
21343,3583,500,317,520,212,335,0,0,139
21344,6168,500,371,790,731,604,0,0,238
21345,3338,500,309,443,114,305,0,0,124
21346,2073,500,265,163,218,206,0,0,100
21347,3723,500,542,650,0,326,0,0,134
21348,2438,500,147,0,224,239,0,0,106
21349,3413,500,473,616,0,299,0,0,137
21350,6262,500,998,702,639,606,0,0,231
21351,4144,500,830,615,266,388,0,0,165
21352,2507,500,188,337,0,220,500,0,98
21353,1551,500,177,0,251,158,0,0,101
21354,4820,500,335,0,836,495,0,0,202
21355,8250,500,953,0,965,827,0,0,305
21356,3204,500,207,0,404,319,0,0,140
21357,2465,500,133,276,78,225,0,0,99
21358,8740,500,1134,1280,551,813,900,0,259
21359,2669,500,124,466,0,234,0,0,117
21360,2222,500,152,363,0,194,0,911,81
21361,2338,500,448,360,114,216,0,0,106
21362,5215,500,0,538,513,500,0,0,208
21363,5528,500,885,792,0,498,0,0,191
21364,2359,500,157,324,230,230,0,0,109
21365,5814,500,671,345,912,585,0,0,241
21366,3494,500,208,569,0,306,0,0,129
21367,26087,900,3096,2481,3238,2549,0,0,909
21368,2378,500,148,345,0,209,0,0,101
21369,2234,500,237,0,289,231,0,0,109
21370,1714,500,95,0,274,175,0,0,102
21371,8599,500,1566,0,988,832,500,0,327
21372,4065,500,616,0,555,411,0,0,167
21373,14517,900,1498,3306,0,1270,0,0,472
21374,2791,500,118,0,313,289,500,0,103
21375,2823,500,355,402,197,267,0,0,125
21376,2597,500,335,0,452,264,0,0,144
21377,2390,500,184,418,142,220,0,0,119
21378,3415,500,481,738,0,298,0,0,145
21379,5013,500,541,1079,0,439,0,0,190
21380,3229,500,314,244,373,321,0,0,131
21381,2123,500,250,0,0,186,500,0,92
21382,2355,500,153,356,0,206,500,0,80
21383,1975,500,174,207,0,172,0,0,88
21384,2673,500,189,0,531,278,0,0,141
21385,1395,500,87,0,117,142,0,0,77
21386,2398,500,145,289,57,216,0,0,102
21387,5052,500,1131,878,311,467,0,0,206
21388,2851,500,205,0,447,300,0,0,142
21389,1143,500,107,81,149,116,0,0,79
21390,7402,500,854,672,1234,753,0,0,280
21391,2283,500,265,287,58,213,571,0,85
21392,3174,500,355,0,601,329,500,0,146
21393,5414,500,337,947,0,474,0,0,184
21394,1527,500,111,116,226,156,0,0,92
21395,3861,500,804,539,316,367,0,0,159
21396,1935,500,96,0,220,191,0,0,106
21397,7797,500,469,0,1331,795,500,0,278
21398,1574,500,47,79,115,160,0,0,82
21399,13923,900,1641,1315,1708,1359,0,661,496
21400,3260,500,465,0,453,331,0,0,170
21401,3930,500,383,603,170,360,0,0,150
21402,4728,500,218,821,0,413,0,0,164
21403,8936,500,2080,1781,772,844,0,0,355
21404,1834,500,216,168,283,185,0,0,105
21405,3918,500,551,0,639,395,0,0,176
21406,2967,500,169,0,347,295,500,0,111
21407,3940,500,896,849,0,344,0,0,153
21408,2338,500,99,0,290,238,0,0,105
21409,1966,500,211,169,211,191,0,0,104
21410,776,500,219,0,118,79,500,0,56
21411,4680,500,546,0,823,476,0,0,202
21412,3487,500,189,637,0,305,0,0,140
21413,2983,500,360,354,237,295,0,0,124
21414,1672,500,169,320,0,146,0,0,93
21415,1436,500,239,0,129,147,500,0,61
21416,1632,500,419,169,188,159,0,0,99
21417,3265,500,333,265,347,319,0,0,140
21418,2920,500,511,338,183,276,0,0,115
21419,2794,500,210,0,542,289,0,0,142
21420,2500,500,154,0,304,248,0,0,120
21421,2257,500,233,349,216,218,0,0,111
21422,8746,500,580,0,1244,873,0,0,312
21423,2178,500,379,0,353,220,0,0,121
21424,2182,500,178,0,335,220,500,0,109
21425,3263,500,321,0,445,325,0,0,146
21426,1849,500,408,0,393,200,0,0,105
21427,2969,500,212,0,551,308,500,0,134
21428,2068,500,468,202,437,220,0,0,116
21429,9452,900,520,0,1470,953,0,0,357
21430,5834,500,771,0,809,577,0,0,242
21431,3405,500,321,457,222,319,0,0,142
21432,3114,500,597,258,327,305,0,0,130
21433,6156,500,447,0,997,644,0,0,244
21434,2754,500,295,0,656,295,0,0,143
21435,4156,500,128,669,0,375,0,0,174
21436,8381,500,555,0,1263,845,0,0,302
21437,5068,500,1133,0,1072,532,0,0,223
21438,3252,500,403,512,213,302,0,0,146
21439,2396,500,229,385,0,210,0,0,104
21440,5869,500,317,0,939,598,0,0,223
21441,13941,900,1528,2372,1037,1309,18715,0,67
21442,4404,500,451,576,0,385,500,0,143
21443,4505,500,274,800,0,394,0,0,162
21444,3535,500,0,0,294,345,0,0,156
21445,3131,500,483,679,0,282,500,0,128
21446,8289,500,973,0,1527,855,0,0,348
21447,2993,500,276,544,0,262,0,0,129
21448,4263,500,470,0,696,438,500,0,162
21449,1771,500,97,0,191,185,0,0,85
21450,3093,500,440,0,305,302,0,0,129
21451,3726,500,452,530,219,349,0,0,141
21452,3285,500,369,371,415,323,0,0,146
21453,2749,500,547,604,0,241,0,0,130
21454,4747,500,429,844,0,415,0,0,165
21455,3430,500,227,266,347,333,0,0,143
21456,1840,500,176,291,113,172,0,0,97
21457,4004,500,444,513,361,383,500,0,148
21458,1905,500,221,0,274,191,0,0,105
21459,7552,500,1556,1220,0,661,500,0,245
21460,9220,500,923,0,1384,928,0,0,356
21461,1065,500,190,0,243,119,500,0,72
21462,3544,500,243,536,0,310,0,0,149
21463,3289,500,191,0,545,344,0,0,165
21464,7013,500,403,0,1086,723,0,0,273
21465,4629,500,798,1047,0,405,0,0,183
21466,2862,500,468,0,406,286,500,0,117
21467,3113,500,225,265,344,302,0,0,142
21468,2329,500,134,182,117,218,0,0,100
21469,2286,500,221,383,0,200,0,0,101
21470,2054,500,0,263,0,179,0,0,85
21471,1608,500,128,151,220,159,0,0,100
21472,4787,500,426,836,0,419,0,0,164
21473,1341,500,195,0,308,151,0,0,87
21474,3412,500,314,687,0,299,0,0,134
21475,3778,500,727,319,365,367,0,0,207
21476,1143,500,53,80,107,111,0,1914,40
21477,7732,500,919,1376,0,677,3270,0,187
21478,2748,500,368,0,378,289,0,0,122
21479,1925,500,344,0,275,198,500,0,83
21480,3923,500,383,654,0,343,0,0,138
21481,4003,500,0,0,498,399,0,0,150
21482,1047,500,44,140,57,97,0,0,75
21483,3253,500,257,0,778,357,0,0,167
21484,12532,900,1354,2701,0,1097,0,0,432
21485,2881,500,221,426,0,252,0,0,128
21486,3595,500,377,0,505,373,0,0,157
21487,1903,500,341,181,171,185,0,0,94
21488,2798,500,324,342,163,261,0,0,119
21489,2934,500,326,426,0,256,0,0,128
21490,2107,500,132,0,353,220,0,0,108
21491,1883,500,112,217,63,172,500,0,73
21492,2117,500,158,189,221,208,0,0,103
21493,1344,500,0,0,190,135,0,0,91
21494,2668,500,185,350,0,234,0,0,115
21495,3595,500,662,0,663,368,500,0,151
21496,6858,500,1130,1439,0,600,0,0,239
21497,4295,500,904,844,0,376,0,0,158
21498,5325,500,644,634,705,524,0,0,222
21499,3378,500,366,660,0,295,0,0,145
21500,1243,500,104,234,0,108,0,0,80
21501,4761,500,633,860,0,417,500,0,148
21502,5215,500,332,759,0,456,0,0,178
21503,4361,500,662,718,266,406,0,0,177
21504,8615,500,525,1728,0,754,0,0,286
21505,4130,500,814,0,494,409,0,0,169
21506,5967,500,1339,552,675,584,0,0,215
21507,3782,500,857,0,266,353,0,0,170
21508,7098,500,1132,1260,353,670,0,0,256
21509,4636,500,552,0,806,487,0,0,206
21510,1829,500,247,167,176,179,0,0,94
21511,3922,500,443,745,0,343,0,0,152
21512,4424,500,483,621,395,434,0,0,177
21513,6854,500,1719,0,1102,708,0,0,303
21514,6661,500,347,666,685,646,0,0,256
21515,1435,500,103,201,0,125,500,0,62
21516,6865,500,470,595,813,671,0,0,251
21517,4398,500,908,846,0,396,0,0,164
21518,7459,500,402,1100,0,653,0,0,257
21519,6641,500,1539,1282,290,606,0,0,245
21520,2571,500,188,0,458,266,500,0,108
21521,4411,500,568,0,530,439,0,0,165
21522,2238,500,358,0,368,228,0,0,118
21523,5508,500,356,887,388,516,0,0,205
21524,2063,500,130,285,123,193,0,0,101
21525,2907,500,0,0,599,315,0,0,135
21526,3852,500,261,615,659,395,0,0,171
21527,5652,500,602,0,1091,584,0,0,243
21528,4960,500,575,0,788,501,0,0,220
21529,3413,500,485,260,455,346,0,0,147
21530,4010,500,284,0,643,419,500,0,155
21531,1111,500,201,206,267,119,0,0,90
21532,6290,500,398,954,371,585,0,0,214
21533,3075,500,551,486,287,294,0,0,142
21534,2389,500,223,0,348,241,0,0,119
21535,2599,500,148,0,282,252,0,0,130
21536,9690,500,979,1078,978,933,500,0,316
21537,2643,500,300,0,367,263,0,0,128
21538,11060,900,1247,1874,572,1017,500,0,369
21539,5721,500,845,0,955,578,0,0,242
21540,4394,500,508,890,0,384,0,0,174
21541,3446,500,415,630,241,321,0,0,153
21542,3545,500,448,362,308,340,500,0,131
21543,2325,500,223,0,329,234,0,0,118
21544,3277,500,590,0,499,329,0,0,162
21545,4498,500,523,0,747,467,0,0,197
21546,4764,500,285,938,0,417,500,0,162
21547,7578,500,775,0,1351,779,0,0,291
21548,2352,500,687,343,170,225,0,0,109
21549,2648,500,320,470,0,232,0,0,112
21550,4660,500,506,0,594,456,0,0,197
21551,2746,500,225,316,0,247,0,0,112
21552,4062,500,778,761,0,356,500,0,137
21553,817,500,86,0,0,72,0,0,98
21554,1341,500,71,0,162,132,0,0,88
21555,4645,500,538,830,0,406,0,0,178
21556,4398,500,297,478,414,420,0,0,175
21557,5077,500,562,760,284,472,500,0,161
21558,1427,500,111,73,159,146,0,0,81
21559,3697,500,257,307,456,365,0,0,159
21560,2089,500,328,389,162,196,0,0,112
21561,2861,500,274,0,337,282,0,0,131
21562,3198,500,197,289,402,313,0,0,155
21563,2533,500,323,265,325,252,0,0,120
21564,1823,500,305,180,265,181,0,0,110
21565,2218,500,184,344,0,194,0,0,97
21566,1517,500,239,296,0,133,0,0,88
21567,7344,500,1792,0,1737,797,0,0,314
21568,2418,500,156,151,238,236,0,0,111
21569,4592,500,305,0,726,471,0,0,195
21570,7265,500,404,0,1143,733,555,0,280
21571,1716,500,47,148,61,159,0,0,85
21572,2091,500,0,0,322,224,0,0,100
21573,5645,500,312,0,826,568,0,0,228
21574,5005,500,750,439,557,489,0,0,194
21575,6561,500,640,1219,0,574,0,0,216
21576,2939,500,183,253,302,290,0,0,121
21577,4483,500,404,793,0,392,0,0,149
21578,4288,500,732,982,0,375,0,0,179
21579,3093,500,162,0,456,314,500,0,119
21580,3281,500,562,0,775,355,0,0,162
21581,3984,500,652,785,0,349,0,0,147
21582,3897,500,195,0,605,401,500,0,140
21583,2667,500,150,451,168,247,500,0,111
21584,9865,500,2305,1611,849,936,0,0,345
21585,7756,500,1299,0,1103,793,0,0,300
21586,3132,500,278,0,394,324,2852,0,59
21587,5343,500,941,1093,0,468,0,0,177
21588,3436,500,471,0,613,366,0,0,144
21589,2696,500,366,0,353,274,500,0,103
21590,42634,0,0,0,0,0,0,0,0
21591,5628,500,220,0,562,539,500,0,209
21592,1685,500,142,0,277,171,0,0,103
21593,25757,900,3060,0,3047,2503,0,0,899
21594,2897,500,213,580,0,254,0,0,129
21595,2200,500,398,509,0,193,0,0,111
21596,2868,500,313,241,346,283,0,0,135
21597,3710,500,284,0,588,372,0,0,170
21598,7704,500,0,0,1311,782,0,0,306
21599,14618,900,2809,0,2679,1494,0,0,597
21600,2536,500,150,0,371,261,1139,0,97
21601,23681,900,1281,4045,1672,2208,0,0,732
21602,2684,500,224,424,0,235,0,0,113
21603,3691,500,734,693,0,323,0,0,119
21604,2863,500,358,373,114,263,0,0,107
21605,2247,500,271,173,205,223,0,0,101
21606,5019,500,522,527,552,490,500,0,174
21607,12004,900,1481,0,2080,1222,500,0,452
21608,1540,500,223,0,284,160,0,0,96
21609,1019,500,92,139,0,89,0,0,77
21610,2789,500,224,485,0,244,500,0,100
21611,4059,500,445,0,500,400,0,0,179
21612,1515,500,66,0,203,157,0,0,85
21613,2351,500,268,281,219,224,0,0,125
21614,2573,500,159,0,453,262,0,0,132
21615,2420,500,145,0,0,211,0,0,107
21616,8934,500,619,0,1560,936,0,0,349
21617,2368,500,278,0,0,213,0,0,107
21618,6394,500,685,0,749,646,0,0,236
21619,2893,500,304,0,417,302,0,0,135
21620,3269,500,458,292,395,322,0,0,147
21621,1079,500,120,0,116,109,0,0,73
21622,1928,500,206,99,138,189,0,0,90
21623,5816,500,663,0,780,575,0,0,233
21624,11255,900,548,2137,0,985,0,0,358
21625,4192,500,1669,0,679,426,0,0,187
21626,5057,500,325,744,360,474,0,0,189
21627,1529,500,125,246,0,134,0,0,83
21628,1701,500,329,221,170,162,0,0,103
21629,4554,500,331,950,0,399,500,0,169
21630,3312,500,207,375,252,314,0,0,133
21631,2345,500,221,362,0,205,0,0,110
21632,1915,500,75,0,229,201,0,0,99
21633,3067,500,211,527,224,287,0,0,135
21634,2923,500,357,281,391,288,0,0,141
21635,8329,500,894,1288,0,729,0,0,292
21636,10754,900,1250,1006,1290,1049,0,0,406
21637,1197,500,61,0,111,115,500,0,67
21638,3477,500,440,636,162,317,0,0,150
21639,3464,500,408,397,427,350,0,0,148
21640,2133,500,465,409,226,205,0,0,114
21641,2680,500,510,0,342,271,0,0,124
21642,3662,500,408,0,432,358,0,0,160
21643,1792,500,65,0,177,181,0,0,89
21644,2213,500,166,232,114,208,0,0,98
21645,2407,500,106,359,0,211,0,0,106
21646,3484,500,355,356,273,330,0,0,144
21647,4407,500,260,0,686,462,0,0,181
21648,2651,500,0,260,272,256,0,0,126
21649,4094,500,445,548,0,359,0,0,151
21650,881,500,158,0,167,91,0,0,77
21651,2660,500,313,541,0,240,0,0,121
21652,2354,500,473,0,351,241,0,0,113
21653,2121,500,83,0,349,229,0,0,101
21654,6067,500,621,630,495,577,0,0,212
21655,1147,500,105,0,171,115,0,0,85
21656,4390,500,516,421,656,438,0,0,205
21657,4675,500,513,936,0,410,0,0,180
21658,4700,500,460,910,0,423,0,0,170
21659,2039,500,304,399,0,178,0,0,100
21660,1305,500,305,251,169,129,0,0,93
21661,4162,500,495,859,0,364,500,0,153
21662,10602,900,1706,2378,0,954,0,0,386
21663,2275,500,347,494,0,199,0,0,105
21664,2331,500,134,0,357,243,0,0,112
21665,2472,500,114,239,274,242,0,0,112
21666,4852,500,555,433,790,494,0,0,197
21667,4880,500,268,0,943,516,0,0,198
21668,5729,500,570,1128,0,501,0,0,198
21669,3043,500,0,309,332,295,0,0,138
21670,7046,500,434,1411,0,617,0,0,249
21671,1851,500,195,0,258,186,500,0,83
21672,3364,500,210,0,356,327,0,0,147
21673,7267,500,1771,622,855,713,0,0,280
21674,2437,500,99,0,221,247,0,0,106
21675,2184,500,553,0,381,228,0,0,129
21676,3902,500,739,0,958,418,0,0,192
21677,1911,500,248,167,177,187,0,0,95
21678,3573,500,242,0,620,373,0,0,150
21679,3431,500,355,356,335,332,0,0,142
21680,2294,500,144,282,145,216,500,0,93
21681,4614,500,264,470,500,449,0,0,184
21682,2159,500,209,0,337,223,0,0,107
21683,12739,900,330,1409,1484,1236,0,0,451
21684,2077,500,415,449,0,187,0,0,109
21685,1650,500,110,257,0,145,500,0,70
21686,3443,500,371,0,595,352,0,0,169
21687,2022,500,124,0,305,209,0,0,112
21688,2566,500,255,0,133,244,0,0,121
21689,2778,500,246,0,307,278,0,0,117
21690,6980,500,0,0,1061,703,0,0,250
21691,9370,500,621,0,1313,960,0,0,333
21692,3119,500,139,405,115,285,0,0,123
21693,2222,500,160,332,265,219,0,0,111
21694,3146,500,0,310,333,305,500,0,130
21695,2183,500,347,0,171,215,0,0,93
21696,3479,500,234,0,353,347,0,0,154
21697,3402,500,464,385,220,321,0,0,130
21698,2467,500,223,0,286,243,0,0,114
21699,4552,500,482,427,623,449,0,0,203
21700,6763,500,681,749,769,659,0,0,248
21701,12104,900,1253,1383,1469,1184,0,0,430
21702,3453,500,412,322,334,337,0,0,134
21703,2068,500,165,179,255,203,0,0,109
21704,3934,500,443,765,0,345,0,0,156
21705,5292,500,592,727,463,502,0,0,209
21706,5506,500,795,0,877,557,0,0,223
21707,6085,500,320,1110,0,533,0,0,202
21708,5841,500,312,1064,0,511,0,0,211
21709,5078,500,559,0,0,444,0,0,172
21710,4785,500,574,0,744,481,0,0,205
21711,5220,500,339,562,503,500,0,0,205
21712,5544,500,1156,0,817,560,0,0,222
21713,2986,500,278,549,0,261,0,0,124
21714,5011,500,530,880,0,452,500,0,184
21715,5919,500,425,0,1053,606,0,0,239
21716,10204,900,1061,2111,0,893,0,0,337
21717,5272,500,450,675,0,461,0,0,321
21718,2059,500,90,227,0,180,0,0,94
21719,4616,500,494,393,512,451,500,0,168
21720,8543,500,1393,1769,0,748,500,0,255
21721,4389,500,925,404,661,445,0,0,175
21722,3681,500,541,0,550,368,0,0,169
21723,5377,500,578,452,636,529,500,0,184
21724,2640,500,168,0,448,274,0,0,124
21725,6712,500,503,0,1274,689,0,0,276
21726,8899,500,1786,0,1459,907,0,0,348
21727,6214,500,737,1287,0,544,0,0,222
21728,2969,500,0,435,0,259,500,0,93
21729,4626,500,334,415,719,465,0,0,200
21730,2345,500,107,282,210,228,500,0,96
21731,2310,500,213,326,146,217,0,0,107
21732,2383,500,373,0,443,245,0,0,123
21733,7881,500,950,0,1161,783,500,0,298
21734,1949,500,153,0,250,204,0,0,94
21735,1673,500,89,262,234,167,0,0,99
21736,2410,500,515,525,0,211,0,0,118
21737,1804,500,80,150,218,182,0,0,95
21738,8623,500,0,888,927,833,0,0,316
21739,3697,500,860,0,846,407,500,0,160
21740,22478,2200,0,0,0,1967,0,0,0
21741,4482,500,558,0,614,447,500,0,167
21742,4903,500,590,0,786,495,0,0,204
21743,1537,500,47,0,182,165,500,0,69
21744,2942,500,391,532,0,258,0,0,121
21745,5120,500,310,0,0,448,0,0,180
21746,1810,500,220,0,337,186,0,0,111
21747,2371,500,188,339,171,222,0,0,118
21748,4395,500,515,755,223,403,500,0,150
21749,4300,500,308,706,269,399,0,0,175
21750,6783,500,1031,1427,0,610,0,0,244
21751,1607,500,254,247,0,140,0,0,92
21752,5851,500,312,747,434,553,0,0,209
21753,1609,500,109,0,120,155,0,0,87
21754,3329,500,387,0,443,336,0,0,133
21755,3343,500,380,556,248,315,0,2092,106